ticket_id,user_id,submitted_at_utc
1,546,2026-03-03T05:16:33
2,359,2026-03-06T12:26:33
3,655,2026-03-02T08:05:55
4,304,2026-04-02T04:33:34
5,98,2026-04-03T01:54:55
6,26,2026-04-05T04:48:52
7,657,2026-03-15T04:43:06
8,672,2026-03-18T23:11:13
9,518,2026-03-26T20:48:41
10,73,2026-03-03T09:07:08
11,206,2026-04-14T21:24:43
12,29,2026-03-04T02:55:24
13,36,2026-04-10T05:45:18
14,173,2026-03-28T15:08:32
15,401,2026-04-29T09:31:17
16,46,2026-04-11T04:59:29
17,690,2026-03-29T08:26:45
18,319,2026-04-12T15:35:32
19,185,2026-03-08T16:22:59
20,362,2026-03-11T00:29:29
21,554,2026-03-30T03:31:48
22,219,2026-04-21T16:11:31
23,34,2026-04-19T07:56:50
24,36,2026-03-23T04:51:55
25,597,2026-03-18T07:06:52
26,79,2026-04-27T12:10:02
27,445,2026-04-03T03:38:09
28,270,2026-03-08T17:24:56
29,545,2026-03-14T04:40:47
30,43,2026-04-20T06:02:35
31,629,2026-04-23T04:45:38
32,489,2026-04-24T07:01:02
33,315,2026-03-01T12:11:30
34,145,2026-04-19T06:43:03
35,684,2026-03-07T03:20:37
36,212,2026-04-18T10:12:34
37,344,2026-04-22T16:52:38
38,276,2026-03-22T00:36:41
39,162,2026-03-12T03:17:59
40,292,2026-04-12T09:43:31
41,107,2026-03-05T05:08:48
42,2,2026-04-04T11:29:26
43,203,2026-03-20T08:11:44
44,79,2026-03-26T14:39:16
45,291,2026-04-19T11:16:25
46,604,2026-04-29T06:14:36
47,114,2026-03-25T11:15:58
48,1,2026-03-18T08:49:53
49,78,2026-04-20T15:51:16
50,356,2026-03-25T15:12:25
51,193,2026-03-12T14:09:04
52,343,2026-04-24T19:35:41
53,21,2026-04-29T10:38:04
54,234,2026-03-18T18:50:01
55,288,2026-03-10T07:49:44
56,302,2026-03-10T07:47:26
57,386,2026-04-05T01:02:11
58,547,2026-03-19T04:03:45
59,328,2026-04-07T09:11:46
60,589,2026-04-15T03:22:50
61,371,2026-03-01T05:44:48
62,183,2026-04-21T09:51:32
63,161,2026-03-02T05:43:56
64,226,2026-03-07T02:51:33
65,419,2026-04-13T00:22:41
66,170,2026-04-07T11:38:08
67,640,2026-04-28T11:08:32
68,336,2026-04-04T07:06:17
69,605,2026-03-26T05:49:48
70,479,2026-04-10T12:24:40
71,234,2026-04-15T15:43:42
72,160,2026-04-10T04:57:46
73,521,2026-03-23T03:34:37
74,232,2026-04-27T00:06:04
75,173,2026-03-19T17:39:13
76,652,2026-03-21T06:48:57
77,338,2026-03-17T00:16:41
78,34,2026-03-18T07:25:57
79,347,2026-03-13T06:37:04
80,323,2026-04-04T02:44:11
81,605,2026-04-13T04:10:39
82,499,2026-03-26T12:03:02
83,134,2026-04-25T04:38:04
84,106,2026-03-29T08:00:20
85,423,2026-03-29T03:27:40
86,34,2026-03-05T05:18:57
87,224,2026-04-24T07:26:58
88,97,2026-03-09T03:52:26
89,15,2026-03-10T07:56:44
90,644,2026-04-26T16:40:18
91,63,2026-04-01T01:22:42
92,7,2026-03-05T08:36:53
93,654,2026-03-27T04:08:37
94,132,2026-04-04T22:59:08
95,572,2026-03-01T11:52:16
96,22,2026-04-15T06:20:56
97,108,2026-04-10T17:01:47
98,78,2026-03-01T16:51:48
99,495,2026-04-07T09:01:03
100,435,2026-03-14T14:06:23
101,333,2026-04-14T09:00:30
102,170,2026-03-23T08:10:47
103,63,2026-03-13T01:55:06
104,399,2026-03-31T16:28:45
105,162,2026-03-26T22:10:36
106,414,2026-03-21T03:57:34
107,482,2026-04-22T03:24:51
108,595,2026-04-08T10:42:46
109,346,2026-03-30T10:32:42
110,4,2026-03-14T00:06:30
111,197,2026-04-04T16:42:58
112,598,2026-03-02T11:57:50
113,374,2026-04-23T06:58:17
114,434,2026-03-01T14:45:47
115,321,2026-04-11T16:40:34
116,114,2026-03-21T07:44:54
117,628,2026-04-13T07:58:22
118,542,2026-03-22T11:33:47
119,697,2026-03-02T09:54:15
120,599,2026-04-26T17:23:55
121,204,2026-04-15T02:19:10
122,178,2026-03-03T06:06:10
123,174,2026-03-02T01:27:58
124,644,2026-04-01T14:37:16
125,390,2026-04-27T00:24:31
126,319,2026-04-04T11:07:27
127,678,2026-03-01T04:26:47
128,423,2026-04-11T05:35:14
129,637,2026-03-25T23:07:20
130,690,2026-04-08T06:32:53
131,56,2026-03-22T13:22:55
132,254,2026-03-01T06:35:10
133,514,2026-03-02T08:00:29
134,570,2026-04-07T16:49:27
135,104,2026-04-08T08:23:30
136,223,2026-03-20T15:24:31
137,384,2026-03-05T17:06:02
138,560,2026-04-16T07:26:52
139,80,2026-03-10T02:23:14
140,421,2026-03-12T00:03:15
141,208,2026-03-28T05:34:48
142,152,2026-04-12T11:17:58
143,361,2026-04-29T07:21:54
144,290,2026-04-07T15:04:17
145,445,2026-04-27T07:38:44
146,223,2026-04-09T15:08:09
147,577,2026-04-20T03:35:24
148,55,2026-03-11T15:25:15
149,604,2026-03-04T09:44:13
150,21,2026-04-10T06:24:52
151,516,2026-04-28T16:39:53
152,243,2026-04-14T09:56:09
153,269,2026-03-21T06:15:22
154,14,2026-03-30T06:07:01
155,492,2026-03-07T00:36:49
156,116,2026-03-21T19:08:17
157,462,2026-04-10T16:13:35
158,508,2026-03-10T04:45:32
159,592,2026-03-29T03:41:11
160,496,2026-03-18T12:01:21
161,212,2026-03-30T11:35:06
162,518,2026-04-15T17:39:09
163,579,2026-04-22T23:19:50
164,223,2026-03-25T12:44:21
165,87,2026-04-19T07:43:27
166,624,2026-04-12T17:37:41
167,104,2026-04-25T09:15:52
168,416,2026-04-14T14:17:26
169,166,2026-04-03T06:32:52
170,89,2026-04-10T17:06:34
171,544,2026-03-20T04:24:03
172,101,2026-04-10T10:59:56
173,470,2026-04-12T04:38:15
174,486,2026-04-06T06:51:44
175,43,2026-03-07T03:19:52
176,122,2026-04-01T08:43:48
177,557,2026-04-12T05:44:36
178,356,2026-03-12T17:11:17
179,85,2026-04-17T04:13:38
180,695,2026-04-20T01:25:30
181,186,2026-04-02T11:38:39
182,3,2026-04-27T04:42:20
183,647,2026-04-21T04:58:41
184,12,2026-03-28T03:06:29
185,388,2026-04-23T02:38:58
186,696,2026-04-25T13:57:06
187,405,2026-03-07T09:10:43
188,410,2026-04-29T04:57:31
189,272,2026-03-01T16:50:34
190,89,2026-03-30T12:09:31
191,401,2026-04-26T08:12:08
192,629,2026-04-13T06:11:34
193,64,2026-03-17T13:05:25
194,617,2026-04-08T08:21:14
195,291,2026-03-13T09:26:55
196,376,2026-03-15T10:27:13
197,116,2026-04-24T18:49:25
198,436,2026-03-03T15:26:22
199,128,2026-04-27T08:11:27
200,192,2026-03-28T07:41:32
201,506,2026-03-04T14:38:37
202,36,2026-04-17T01:28:20
203,314,2026-03-03T04:38:20
204,417,2026-03-20T15:11:42
205,93,2026-03-15T14:46:41
206,207,2026-04-17T19:15:35
207,241,2026-03-24T14:02:31
208,465,2026-04-09T17:24:06
209,684,2026-03-05T03:14:33
210,586,2026-04-11T02:31:13
211,133,2026-04-12T18:27:04
212,13,2026-03-18T12:55:36
213,37,2026-04-22T08:24:31
214,417,2026-03-29T17:05:31
215,110,2026-04-10T05:30:43
216,162,2026-03-11T01:48:20
217,594,2026-04-25T00:15:20
218,612,2026-03-15T04:18:10
219,588,2026-04-07T14:10:04
220,178,2026-03-06T04:43:55
221,434,2026-03-03T15:10:17
222,428,2026-03-08T06:15:26
223,130,2026-04-26T20:05:54
224,388,2026-03-13T00:23:12
225,368,2026-04-21T22:52:10
226,278,2026-04-04T05:26:43
227,527,2026-03-06T05:07:21
228,475,2026-03-27T06:45:15
229,373,2026-03-29T07:21:46
230,509,2026-03-17T01:09:15
231,535,2026-04-06T14:01:00
232,397,2026-04-21T11:20:49
233,188,2026-04-23T06:09:58
234,531,2026-04-01T05:31:54
235,503,2026-04-23T16:25:06
236,689,2026-04-25T08:39:28
237,105,2026-03-06T15:16:53
238,294,2026-04-08T11:04:37
239,647,2026-04-16T04:06:17
240,361,2026-03-01T10:05:21
241,660,2026-04-06T09:16:18
242,9,2026-04-24T15:43:38
243,25,2026-03-17T01:32:39
244,558,2026-04-21T07:21:43
245,251,2026-04-26T14:14:16
246,365,2026-04-08T09:09:43
247,300,2026-04-07T00:08:26
248,286,2026-04-02T10:15:02
249,658,2026-03-25T08:29:46
250,66,2026-03-28T16:35:05
251,541,2026-04-01T15:56:00
252,623,2026-03-29T15:57:42
253,461,2026-04-19T10:15:05
254,277,2026-04-15T23:43:31
255,113,2026-03-21T08:07:20
256,478,2026-03-31T05:47:56
257,329,2026-03-13T07:55:18
258,105,2026-03-11T16:36:06
259,252,2026-03-23T18:32:08
260,674,2026-03-04T11:22:59
261,186,2026-04-21T13:53:57
262,125,2026-03-08T06:57:08
263,478,2026-03-20T08:42:20
264,140,2026-03-16T03:04:01
265,644,2026-03-13T12:52:49
266,602,2026-03-23T08:48:53
267,689,2026-04-13T09:21:42
268,639,2026-04-23T05:15:30
269,171,2026-03-12T01:46:22
270,149,2026-03-15T10:36:17
271,240,2026-03-29T07:45:42
272,329,2026-03-20T10:58:34
273,616,2026-04-17T12:22:27
274,514,2026-03-14T10:50:22
275,452,2026-03-25T08:28:43
276,615,2026-04-02T17:51:59
277,453,2026-03-23T15:14:07
278,266,2026-04-07T06:49:46
279,290,2026-04-17T13:42:27
280,362,2026-04-01T00:27:39
281,63,2026-03-28T04:55:47
282,520,2026-04-26T23:23:19
283,457,2026-04-28T08:44:12
284,512,2026-04-29T05:31:01
285,374,2026-03-01T06:08:57
286,549,2026-04-20T11:17:47
287,665,2026-04-23T04:48:43
288,399,2026-04-18T10:28:02
289,312,2026-04-14T15:51:55
290,74,2026-03-22T13:07:06
291,546,2026-04-13T04:46:17
292,633,2026-04-04T02:53:35
293,490,2026-04-19T14:59:00
294,606,2026-03-22T11:44:45
295,603,2026-04-14T00:28:55
296,559,2026-04-17T05:03:24
297,353,2026-04-20T12:12:07
298,70,2026-03-11T08:39:35
299,3,2026-04-20T21:52:46
300,144,2026-03-14T14:45:58
301,302,2026-04-26T07:36:16
302,521,2026-03-02T23:51:16
303,320,2026-03-14T01:18:04
304,17,2026-04-06T15:19:02
305,148,2026-04-01T23:05:44
306,686,2026-04-11T09:37:13
307,692,2026-03-25T05:10:18
308,265,2026-03-01T08:16:26
309,564,2026-04-07T12:05:04
310,504,2026-03-31T05:50:46
311,652,2026-03-31T10:12:34
312,622,2026-03-23T03:52:25
313,441,2026-04-23T10:13:13
314,277,2026-04-16T23:04:35
315,439,2026-03-11T06:58:43
316,224,2026-03-03T05:17:33
317,244,2026-03-11T21:43:45
318,427,2026-03-02T23:06:29
319,400,2026-04-12T03:11:07
320,407,2026-04-07T12:23:09
321,270,2026-03-28T17:45:47
322,287,2026-04-05T10:00:04
323,8,2026-04-18T14:37:27
324,422,2026-04-19T09:46:12
325,404,2026-03-27T22:06:45
326,655,2026-04-05T07:25:16
327,353,2026-04-04T04:56:45
328,328,2026-04-26T14:32:11
329,48,2026-04-15T15:45:36
330,138,2026-03-19T04:44:11
331,237,2026-04-23T00:24:28
332,265,2026-03-24T07:42:36
333,254,2026-04-15T10:56:09
334,276,2026-04-28T01:18:27
335,539,2026-04-18T10:02:42
336,92,2026-03-07T16:46:15
337,233,2026-03-13T08:18:03
338,115,2026-04-17T04:38:14
339,216,2026-03-08T03:09:23
340,480,2026-03-01T08:13:08
341,33,2026-03-16T03:45:48
342,238,2026-03-30T16:01:41
343,17,2026-03-08T17:29:30
344,669,2026-03-10T05:45:28
345,510,2026-03-21T12:28:47
346,171,2026-04-05T02:09:39
347,139,2026-04-02T10:38:41
348,70,2026-04-17T05:06:22
349,332,2026-04-28T15:34:00
350,528,2026-03-02T19:25:05
351,409,2026-04-11T13:32:44
352,617,2026-03-10T07:55:49
353,241,2026-03-22T17:53:05
354,195,2026-03-21T02:43:02
355,335,2026-04-12T10:29:14
356,142,2026-03-16T00:47:22
357,683,2026-04-23T15:06:10
358,131,2026-03-23T01:16:35
359,336,2026-04-18T10:27:53
360,366,2026-04-27T01:50:39
361,40,2026-03-31T14:23:19
362,328,2026-03-07T12:24:28
363,319,2026-04-12T14:57:56
364,182,2026-03-25T23:58:47
365,90,2026-03-21T00:02:09
366,32,2026-03-28T16:34:28
367,7,2026-03-18T09:41:04
368,338,2026-03-17T06:36:50
369,63,2026-04-29T03:58:41
370,672,2026-03-17T00:54:14
371,172,2026-03-28T11:15:44
372,457,2026-04-12T11:56:28
373,472,2026-03-14T06:25:47
374,347,2026-04-07T03:01:01
375,619,2026-04-23T05:21:25
376,78,2026-04-18T16:13:34
377,164,2026-03-02T14:55:06
378,177,2026-03-25T07:36:24
379,95,2026-03-01T12:18:44
380,207,2026-04-06T15:00:40
381,219,2026-03-20T18:22:06
382,536,2026-04-23T12:19:44
383,212,2026-03-11T07:26:43
384,614,2026-04-21T13:11:25
385,541,2026-03-21T13:32:49
386,632,2026-04-25T01:31:36
387,74,2026-03-12T11:43:59
388,690,2026-03-17T08:35:43
389,430,2026-03-22T01:43:59
390,688,2026-04-29T04:11:50
391,249,2026-04-14T18:08:20
392,668,2026-04-18T03:32:06
393,413,2026-04-03T00:59:37
394,51,2026-04-17T19:23:32
395,288,2026-04-07T03:43:59
396,97,2026-04-10T02:59:55
397,659,2026-04-20T17:05:00
398,214,2026-04-28T08:03:17
399,156,2026-04-04T16:39:30
400,388,2026-03-27T01:50:37
401,298,2026-04-09T08:40:23
402,68,2026-04-14T09:59:16
403,572,2026-04-29T06:02:27
404,593,2026-04-11T04:32:48
405,521,2026-04-27T01:42:56
406,432,2026-04-13T04:40:44
407,282,2026-04-27T16:02:09
408,380,2026-04-15T14:07:56
409,365,2026-04-23T09:59:31
410,116,2026-03-12T16:21:41
411,58,2026-04-29T08:11:40
412,178,2026-03-21T01:10:29
413,319,2026-04-17T17:10:31
414,113,2026-03-24T01:34:32
415,75,2026-03-28T13:30:07
416,597,2026-04-14T04:56:46
417,263,2026-04-02T13:28:18
418,409,2026-04-12T14:01:44
419,367,2026-03-05T07:31:01
420,515,2026-04-20T15:29:07
421,518,2026-03-25T15:19:15
422,208,2026-04-17T07:43:17
423,594,2026-03-18T02:56:06
424,260,2026-04-05T05:25:40
425,585,2026-04-05T01:43:03
426,284,2026-03-09T09:32:06
427,78,2026-03-29T15:43:36
428,533,2026-04-08T13:27:39
429,22,2026-04-20T02:15:39
430,541,2026-04-23T14:35:51
431,31,2026-03-24T15:23:47
432,145,2026-04-08T07:04:22
433,423,2026-03-11T02:44:38
434,660,2026-04-23T10:32:13
435,286,2026-04-22T06:36:49
436,85,2026-04-29T03:30:51
437,164,2026-03-30T13:53:33
438,628,2026-03-22T11:10:28
439,509,2026-04-15T07:04:37
440,71,2026-04-13T13:32:49
441,270,2026-03-13T15:52:54
442,186,2026-04-02T13:27:04
443,125,2026-04-08T07:25:36
444,593,2026-03-28T01:35:12
445,433,2026-03-23T04:20:03
446,126,2026-03-15T17:33:00
447,456,2026-03-25T12:57:05
448,290,2026-03-15T16:24:26
449,44,2026-03-18T22:29:51
450,315,2026-03-12T17:46:52
451,130,2026-03-23T19:40:46
452,172,2026-04-07T11:21:38
453,616,2026-03-23T14:31:36
454,498,2026-03-09T05:28:01
455,94,2026-04-18T07:23:49
456,596,2026-03-26T05:25:01
457,403,2026-04-05T15:00:47
458,613,2026-04-01T20:29:43
459,523,2026-03-31T01:18:15
460,238,2026-03-27T21:48:05
461,375,2026-04-15T19:37:52
462,372,2026-04-21T17:42:13
463,504,2026-04-24T05:15:31
464,174,2026-03-27T04:02:41
465,234,2026-03-21T14:23:27
466,172,2026-03-05T08:29:14
467,208,2026-03-27T04:25:29
468,113,2026-04-29T08:07:29
469,26,2026-03-16T03:12:26
470,659,2026-04-20T14:43:23
471,53,2026-04-15T04:54:03
472,622,2026-04-09T01:59:20
473,3,2026-04-03T00:30:21
474,545,2026-04-15T05:37:15
475,230,2026-03-06T11:36:06
476,363,2026-03-07T23:22:24
477,198,2026-03-12T14:19:55
478,344,2026-04-15T11:04:10
479,317,2026-03-26T14:02:41
480,371,2026-03-13T08:19:57
481,276,2026-03-03T03:22:57
482,376,2026-03-30T07:31:18
483,578,2026-03-24T07:58:08
484,305,2026-03-11T02:52:43
485,253,2026-03-02T19:11:18
486,93,2026-04-15T13:30:17
487,252,2026-04-16T07:33:43
488,88,2026-03-15T15:59:15
489,128,2026-03-30T06:24:31
490,667,2026-03-16T09:22:28
491,63,2026-03-25T03:45:50
492,338,2026-03-07T00:00:43
493,585,2026-04-26T01:05:22
494,668,2026-04-13T02:37:00
495,103,2026-04-24T16:19:14
496,115,2026-03-18T06:13:10
497,261,2026-04-22T18:49:47
498,389,2026-04-01T13:14:46
499,672,2026-03-12T00:01:02
500,146,2026-03-20T10:01:21
501,116,2026-04-18T17:54:08
502,178,2026-04-16T01:31:51
503,613,2026-04-13T19:00:43
504,22,2026-03-14T03:14:07
505,267,2026-04-08T16:19:41
506,84,2026-04-26T02:59:48
507,110,2026-03-03T09:32:03
508,642,2026-03-20T03:50:37
509,2,2026-03-05T06:26:31
510,226,2026-03-07T04:43:10
511,641,2026-04-29T13:02:55
512,426,2026-03-15T07:21:00
513,51,2026-03-11T13:27:29
514,326,2026-03-04T23:04:52
515,680,2026-04-28T08:15:18
516,281,2026-03-29T01:40:17
517,371,2026-04-17T07:41:43
518,373,2026-03-16T10:01:14
519,463,2026-04-08T08:15:30
520,132,2026-04-22T23:26:11
521,588,2026-04-10T13:16:04
522,693,2026-04-01T05:03:21
523,100,2026-03-13T03:02:08
524,573,2026-03-15T18:33:31
525,572,2026-04-05T13:22:29
526,520,2026-03-28T07:33:28
527,260,2026-03-03T03:42:58
528,329,2026-03-12T06:31:51
529,588,2026-03-26T16:33:26
530,108,2026-03-11T17:42:11
531,581,2026-04-03T07:10:12
532,645,2026-03-19T08:13:44
533,478,2026-03-18T05:43:50
534,239,2026-03-07T13:14:54
535,392,2026-03-31T09:52:55
536,36,2026-03-12T02:24:02
537,653,2026-04-07T01:04:49
538,240,2026-04-26T09:42:45
539,40,2026-04-24T18:25:09
540,557,2026-04-10T01:07:16
541,461,2026-04-18T11:12:58
542,436,2026-04-25T12:53:26
543,38,2026-04-10T09:27:41
544,526,2026-03-16T12:15:03
545,447,2026-03-31T02:32:38
546,556,2026-04-21T12:07:17
547,580,2026-04-10T04:23:46
548,149,2026-03-22T11:35:06
549,148,2026-03-11T03:57:59
550,647,2026-03-09T03:16:13
551,372,2026-03-23T15:49:24
552,307,2026-04-18T01:24:01
553,202,2026-04-03T09:53:05
554,448,2026-03-04T00:03:56
555,528,2026-04-25T12:08:42
556,2,2026-03-25T08:27:53
557,387,2026-03-24T10:47:50
558,696,2026-04-19T13:18:39
559,197,2026-03-23T16:07:38
560,197,2026-04-07T13:10:19
561,615,2026-04-25T18:17:42
562,44,2026-04-01T04:23:56
563,279,2026-04-06T02:34:14
564,321,2026-03-22T15:46:58
565,559,2026-04-23T05:07:31
566,91,2026-03-05T06:45:47
567,304,2026-03-17T11:59:21
568,107,2026-04-29T12:21:40
569,552,2026-03-30T02:12:33
570,443,2026-03-11T04:58:19
571,348,2026-03-25T04:54:01
572,276,2026-03-16T02:07:52
573,108,2026-04-01T14:50:41
574,646,2026-03-15T07:51:29
575,454,2026-03-24T13:18:32
576,224,2026-04-24T07:58:37
577,290,2026-03-05T16:11:01
578,509,2026-04-15T06:34:10
579,504,2026-03-05T05:42:59
580,323,2026-03-28T05:03:01
581,213,2026-04-09T23:55:06
582,462,2026-04-27T09:55:59
583,461,2026-03-16T08:22:47
584,420,2026-03-04T08:26:37
585,51,2026-04-15T14:22:55
586,331,2026-04-23T05:10:41
587,430,2026-04-03T06:53:05
588,666,2026-03-04T10:53:03
589,368,2026-03-31T02:34:52
590,240,2026-03-24T03:25:25
591,390,2026-03-28T01:40:21
592,125,2026-03-04T08:29:17
593,64,2026-03-20T11:45:47
594,475,2026-04-29T00:34:50
595,691,2026-03-03T00:10:37
596,593,2026-04-24T01:54:29
597,409,2026-04-01T16:25:35
598,29,2026-04-05T04:30:23
599,692,2026-04-26T04:39:21
600,315,2026-03-14T14:53:08
601,203,2026-04-29T07:25:28
602,625,2026-03-17T09:10:23
603,523,2026-03-20T21:06:16
604,525,2026-03-27T16:37:21
605,195,2026-04-06T05:25:42
606,695,2026-03-20T04:31:47
607,318,2026-04-17T08:50:48
608,372,2026-03-02T13:19:50
609,526,2026-04-09T11:38:59
610,462,2026-04-09T11:12:22
611,121,2026-04-02T08:41:53
612,212,2026-04-06T09:04:24
613,253,2026-04-14T16:12:49
614,664,2026-04-24T07:15:58
615,501,2026-03-14T03:11:47
616,257,2026-03-29T13:40:22
617,515,2026-04-03T14:23:22
618,517,2026-03-21T07:16:37
619,276,2026-04-28T03:16:59
620,283,2026-03-31T06:43:08
621,627,2026-04-05T19:32:15
622,394,2026-03-12T00:52:25
623,105,2026-03-25T16:30:48
624,504,2026-04-07T05:41:14
625,413,2026-03-26T05:55:27
626,357,2026-04-16T01:48:14
627,508,2026-03-09T02:45:42
628,635,2026-03-10T01:34:14
629,232,2026-03-21T00:52:05
630,294,2026-03-20T11:56:28
631,133,2026-04-18T18:07:00
632,453,2026-04-22T16:45:17
633,282,2026-03-29T19:00:57
634,240,2026-03-31T08:19:49
635,488,2026-03-18T03:48:37
636,286,2026-04-01T10:43:26
637,326,2026-04-12T06:36:48
638,309,2026-04-13T09:40:03
639,181,2026-04-28T01:09:26
640,89,2026-04-04T17:45:26
641,580,2026-03-21T07:06:01
642,65,2026-03-05T16:19:05
643,228,2026-04-11T06:05:25
644,468,2026-04-18T10:30:08
645,92,2026-04-03T13:51:59
646,459,2026-04-25T03:52:08
647,514,2026-03-20T05:00:01
648,465,2026-03-04T18:58:47
649,214,2026-04-07T06:12:24
650,14,2026-03-08T10:21:25
651,622,2026-03-06T01:16:15
652,229,2026-04-12T11:29:00
653,564,2026-03-27T11:00:43
654,139,2026-04-06T02:19:30
655,114,2026-04-14T08:18:23
656,545,2026-03-23T03:43:12
657,658,2026-04-06T09:51:08
658,603,2026-04-02T01:02:43
659,526,2026-04-04T09:24:04
660,173,2026-04-12T15:57:56
661,640,2026-03-23T11:55:32
662,468,2026-03-31T14:32:10
663,121,2026-04-05T07:45:53
664,91,2026-03-09T08:16:16
665,610,2026-03-13T03:48:17
666,193,2026-03-06T14:02:42
667,537,2026-03-12T18:30:07
668,98,2026-03-27T04:33:37
669,197,2026-04-26T16:10:16
670,199,2026-04-25T02:35:49
671,197,2026-04-15T18:56:27
672,473,2026-04-03T04:41:38
673,641,2026-03-13T16:08:27
674,638,2026-03-22T13:31:11
675,520,2026-04-15T08:42:19
676,142,2026-04-24T02:30:50
677,673,2026-04-27T10:09:30
678,380,2026-03-24T09:18:09
679,383,2026-03-30T06:27:04
680,491,2026-03-31T15:11:05
681,539,2026-03-04T07:25:48
682,668,2026-03-07T03:15:56
683,408,2026-03-03T01:08:30
684,428,2026-04-14T07:22:35
685,522,2026-03-14T05:01:31
686,179,2026-04-12T18:46:19
687,216,2026-03-23T00:02:46
688,438,2026-04-17T09:07:15
689,45,2026-03-07T07:18:44
690,225,2026-03-20T07:38:05
691,503,2026-03-13T12:26:34
692,684,2026-03-27T00:02:33
693,364,2026-04-03T09:20:07
694,280,2026-03-11T04:02:52
695,309,2026-04-10T01:25:11
696,480,2026-04-27T08:16:40
697,382,2026-03-02T23:53:28
698,17,2026-03-06T16:21:45
699,378,2026-04-27T13:35:26
700,281,2026-04-08T02:11:35
701,491,2026-04-25T15:28:44
702,613,2026-04-12T13:53:00
703,674,2026-04-13T08:01:12
704,428,2026-03-10T06:18:26
705,254,2026-03-31T04:21:21
706,311,2026-03-22T06:28:02
707,124,2026-04-20T06:24:38
708,656,2026-03-03T07:59:04
709,594,2026-03-02T00:08:45
710,598,2026-04-03T10:15:10
711,230,2026-04-28T09:28:36
712,226,2026-04-29T03:37:53
713,600,2026-04-05T17:04:21
714,382,2026-03-26T06:44:12
715,494,2026-03-17T16:31:13
716,343,2026-04-29T11:16:27
717,310,2026-03-11T12:22:17
718,443,2026-03-08T00:03:52
719,570,2026-03-31T17:39:50
720,234,2026-03-24T11:47:40
721,567,2026-03-30T13:59:20
722,171,2026-04-23T22:17:07
723,282,2026-03-17T14:16:13
724,639,2026-04-22T06:19:27
725,669,2026-03-13T03:07:48
726,647,2026-03-20T00:24:46
727,222,2026-03-01T05:07:58
728,591,2026-04-10T08:02:26
729,656,2026-04-21T07:20:33
730,685,2026-04-23T13:51:13
731,15,2026-03-11T05:58:41
732,522,2026-04-16T10:51:38
733,698,2026-03-09T19:57:04
734,536,2026-04-07T13:52:24
735,164,2026-04-12T11:39:55
736,534,2026-03-10T00:10:30
737,74,2026-03-07T09:48:26
738,337,2026-03-05T04:58:07
739,439,2026-04-12T06:29:47
740,320,2026-04-06T03:39:54
741,490,2026-03-08T17:23:54
742,169,2026-03-31T04:35:55
743,425,2026-04-17T10:01:56
744,452,2026-03-15T06:43:18
745,444,2026-04-06T13:31:45
746,203,2026-03-18T03:45:17
747,214,2026-03-16T08:22:21
748,181,2026-03-24T05:24:10
749,324,2026-03-22T08:08:02
750,411,2026-03-30T02:35:35
751,254,2026-03-13T03:55:04
752,287,2026-03-24T13:35:11
753,201,2026-04-07T10:53:11
754,154,2026-03-24T01:00:36
755,461,2026-04-09T11:44:29
756,572,2026-03-07T10:00:56
757,204,2026-03-08T22:25:39
758,603,2026-04-20T23:28:10
759,400,2026-03-28T02:28:15
760,118,2026-04-06T09:33:13
761,257,2026-04-14T08:46:27
762,6,2026-03-09T15:42:05
763,28,2026-04-28T10:03:25
764,236,2026-03-26T05:45:18
765,319,2026-04-23T13:23:06
766,559,2026-03-26T02:35:52
767,95,2026-03-25T14:55:20
768,588,2026-04-06T18:17:00
769,165,2026-03-12T05:36:44
770,97,2026-04-06T03:37:38
771,490,2026-04-28T16:30:21
772,543,2026-04-08T07:15:23
773,424,2026-03-05T16:44:11
774,81,2026-04-11T01:49:19
775,81,2026-03-02T23:56:09
776,274,2026-03-07T14:25:10
777,316,2026-03-18T08:07:23
778,700,2026-03-18T23:53:49
779,201,2026-03-01T13:36:10
780,135,2026-03-02T18:07:49
781,663,2026-04-17T16:46:49
782,108,2026-03-28T13:42:02
783,19,2026-03-12T18:49:16
784,296,2026-03-26T14:25:34
785,281,2026-04-11T04:28:09
786,434,2026-04-14T17:07:24
787,615,2026-03-18T15:25:42
788,654,2026-03-11T07:33:00
789,203,2026-04-27T05:52:38
790,687,2026-04-07T00:12:18
791,443,2026-04-28T07:02:47
792,49,2026-03-19T13:17:11
793,657,2026-03-07T02:12:42
794,97,2026-03-23T05:27:45
795,413,2026-03-20T06:42:26
796,554,2026-04-13T04:21:26
797,175,2026-04-12T15:20:24
798,190,2026-03-05T08:23:47
799,334,2026-04-05T08:58:24
800,620,2026-03-21T02:23:58
801,157,2026-04-06T09:42:09
802,465,2026-03-24T13:01:24
803,317,2026-04-02T19:06:32
804,79,2026-04-12T16:22:33
805,498,2026-03-18T04:31:27
806,583,2026-03-12T00:23:58
807,403,2026-04-12T14:16:29
808,124,2026-04-26T09:35:09
809,110,2026-03-27T07:15:22
810,297,2026-04-29T11:28:03
811,355,2026-03-12T12:06:17
812,387,2026-04-19T16:10:28
813,171,2026-04-29T03:54:04
814,351,2026-03-18T04:35:29
815,207,2026-03-09T17:18:13
816,481,2026-04-09T06:02:55
817,558,2026-04-22T04:46:08
818,457,2026-03-05T14:19:27
819,1,2026-04-08T05:27:10
820,695,2026-04-22T01:37:26
821,17,2026-03-02T13:04:28
822,700,2026-03-31T03:37:29
823,23,2026-03-05T05:59:28
824,362,2026-03-11T02:10:26
825,75,2026-03-30T13:56:17
826,67,2026-03-20T03:20:53
827,479,2026-03-06T11:00:38
828,510,2026-04-18T13:27:37
829,83,2026-03-13T13:12:24
830,684,2026-04-22T07:24:47
831,225,2026-03-11T09:10:40
832,223,2026-04-01T15:41:09
833,208,2026-04-13T13:21:26
834,323,2026-03-29T04:44:52
835,125,2026-03-26T08:12:52
836,298,2026-04-15T04:02:58
837,147,2026-03-01T01:19:45
838,36,2026-04-18T22:44:57
839,259,2026-04-11T04:58:15
840,471,2026-04-15T02:52:58
841,535,2026-03-26T18:00:56
842,248,2026-03-24T15:54:41
843,227,2026-04-04T07:23:40
844,552,2026-04-08T02:03:40
845,477,2026-04-25T13:14:06
846,583,2026-04-21T04:53:04
847,635,2026-03-04T02:35:14
848,575,2026-03-10T14:09:16
849,656,2026-04-26T12:47:03
850,292,2026-03-24T08:20:47
851,277,2026-04-03T22:07:02
852,226,2026-03-04T03:22:21
853,165,2026-03-07T07:46:06
854,525,2026-03-25T14:17:37
855,501,2026-04-13T03:09:57
856,561,2026-04-16T07:17:35
857,118,2026-04-23T10:47:33
858,344,2026-03-12T17:10:34
859,156,2026-03-13T15:27:16
860,626,2026-04-02T00:39:22
861,188,2026-04-02T02:03:18
862,101,2026-03-03T09:34:53
863,399,2026-03-27T11:46:21
864,616,2026-04-23T16:36:14
865,642,2026-03-10T04:11:30
866,68,2026-04-19T08:31:46
867,229,2026-03-27T10:54:22
868,108,2026-04-01T17:13:01
869,216,2026-04-08T01:09:24
870,374,2026-04-12T03:35:50
871,197,2026-04-08T14:25:51
872,48,2026-03-07T16:39:45
873,358,2026-03-18T13:36:31
874,37,2026-04-20T09:03:58
875,159,2026-03-02T23:43:06
876,1,2026-04-12T06:59:07
877,61,2026-04-01T02:08:42
878,306,2026-03-08T07:34:48
879,596,2026-03-08T04:22:12
880,543,2026-04-28T05:38:18
881,70,2026-03-02T11:35:13
882,25,2026-03-02T00:34:14
883,237,2026-03-02T02:08:01
884,457,2026-04-07T09:41:12
885,523,2026-04-25T01:40:41
886,577,2026-03-11T06:39:43
887,240,2026-04-17T06:11:52
888,118,2026-04-13T08:47:56
889,19,2026-03-14T15:12:12
890,103,2026-03-05T18:09:39
891,46,2026-03-30T08:19:23
892,603,2026-03-05T01:09:15
893,188,2026-03-07T03:20:41
894,577,2026-03-28T08:13:23
895,388,2026-04-18T03:04:36
896,378,2026-04-29T13:57:14
897,319,2026-04-07T15:40:25
898,574,2026-03-17T08:21:04
899,31,2026-03-20T16:22:02
900,65,2026-04-06T18:18:46
901,297,2026-03-11T14:44:53
902,277,2026-04-01T02:13:06
903,382,2026-04-16T05:05:40
904,517,2026-04-20T09:28:38
905,412,2026-03-04T04:13:16
906,181,2026-03-17T23:54:25
907,230,2026-03-16T10:21:17
908,527,2026-04-03T13:40:04
909,142,2026-03-11T23:23:49
910,353,2026-04-27T10:11:18
911,378,2026-04-25T13:19:31
912,526,2026-03-20T11:50:04
913,501,2026-03-25T01:04:02
914,326,2026-03-27T01:56:37
915,217,2026-03-03T09:01:24
916,258,2026-04-23T06:42:40
917,289,2026-04-16T09:41:52
918,154,2026-03-20T05:35:53
919,438,2026-04-02T11:04:04
920,146,2026-03-23T14:40:17
921,455,2026-03-14T15:04:12
922,527,2026-03-19T11:44:10
923,674,2026-03-07T11:46:27
924,84,2026-04-18T01:51:28
925,532,2026-04-09T16:23:58
926,61,2026-04-25T05:39:48
927,237,2026-03-01T00:11:03
928,124,2026-04-07T06:31:33
929,114,2026-04-03T13:43:13
930,123,2026-04-06T22:10:56
931,31,2026-04-29T11:49:15
932,577,2026-03-24T06:22:05
933,43,2026-03-09T06:55:56
934,279,2026-03-01T04:05:43
935,490,2026-03-30T17:13:41
936,694,2026-03-11T02:43:39
937,598,2026-03-09T09:11:43
938,97,2026-03-09T07:59:14
939,692,2026-03-17T07:56:40
940,458,2026-03-07T07:05:12
941,126,2026-03-30T13:50:54
942,315,2026-04-09T16:26:22
943,643,2026-03-18T13:50:55
944,276,2026-03-08T21:42:19
945,129,2026-04-04T11:18:11
946,613,2026-03-06T18:01:20
947,668,2026-04-13T20:19:33
948,683,2026-03-23T16:26:43
949,669,2026-03-25T08:32:01
950,612,2026-03-15T00:47:05
951,319,2026-03-17T15:49:16
952,135,2026-03-09T15:17:44
953,433,2026-04-03T09:11:17
954,155,2026-03-09T17:39:29
955,332,2026-04-10T12:44:59
956,460,2026-03-16T11:36:10
957,663,2026-04-03T21:37:11
958,203,2026-04-02T05:42:40
959,177,2026-04-08T07:24:46
960,515,2026-04-15T17:14:22
961,5,2026-04-03T02:47:11
962,397,2026-04-21T19:10:07
963,523,2026-03-16T01:03:58
964,386,2026-04-14T23:01:35
965,269,2026-03-21T06:23:22
966,580,2026-04-07T07:28:19
967,260,2026-03-30T00:32:09
968,498,2026-04-24T05:11:17
969,325,2026-03-17T04:25:46
970,19,2026-04-01T10:39:28
971,372,2026-03-10T14:17:54
972,35,2026-04-08T06:32:31
973,652,2026-03-03T09:16:36
974,422,2026-03-25T14:50:42
975,261,2026-03-01T16:26:10
976,341,2026-03-20T00:48:29
977,434,2026-03-30T16:20:52
978,183,2026-03-20T09:21:32
979,202,2026-03-24T07:45:15
980,294,2026-03-09T11:17:34
981,182,2026-04-12T00:43:39
982,531,2026-04-17T09:04:55
983,73,2026-03-28T10:50:45
984,579,2026-03-04T06:45:06
985,244,2026-03-04T14:33:35
986,393,2026-04-10T15:29:39
987,111,2026-04-25T13:22:44
988,270,2026-04-21T13:20:02
989,529,2026-03-25T03:18:16
990,190,2026-03-30T09:42:15
991,93,2026-03-10T15:12:11
992,366,2026-03-05T02:16:47
993,114,2026-04-15T09:23:27
994,221,2026-03-26T01:28:21
995,316,2026-03-30T05:16:32
996,395,2026-03-21T15:26:01
997,448,2026-03-18T22:48:13
998,474,2026-04-29T16:16:30
999,592,2026-04-18T10:10:12
1000,47,2026-04-11T03:47:26
1001,254,2026-03-24T08:16:19
1002,1,2026-04-13T05:42:55
1003,7,2026-03-21T08:57:52
1004,149,2026-03-31T09:31:56
1005,419,2026-03-09T06:32:22
1006,627,2026-04-12T17:41:16
1007,542,2026-03-04T15:07:30
1008,453,2026-04-13T13:05:49
1009,545,2026-04-06T03:10:48
1010,121,2026-03-04T09:25:30
1011,588,2026-03-31T13:50:33
1012,624,2026-03-14T15:36:32
1013,67,2026-03-29T00:51:27
1014,329,2026-03-01T06:23:06
1015,582,2026-04-13T03:48:20
1016,334,2026-03-31T06:42:50
1017,589,2026-03-22T05:06:51
1018,655,2026-04-22T08:31:36
1019,333,2026-04-08T08:38:58
1020,42,2026-04-06T10:22:57
1021,239,2026-03-09T15:46:30
1022,151,2026-03-31T18:24:46
1023,332,2026-04-12T17:42:12
1024,411,2026-04-25T00:42:27
1025,325,2026-04-06T03:13:24
1026,137,2026-03-11T12:03:51
1027,211,2026-04-10T16:52:24
1028,476,2026-03-05T05:50:19
1029,19,2026-03-19T11:57:23
1030,150,2026-04-24T20:03:51
1031,625,2026-04-18T05:41:37
1032,70,2026-04-24T10:07:06
1033,291,2026-03-22T08:29:01
1034,145,2026-04-10T07:48:20
1035,74,2026-04-12T11:15:49
1036,296,2026-03-15T08:22:52
1037,366,2026-04-26T01:29:09
1038,124,2026-04-28T09:27:01
1039,55,2026-03-07T17:01:15
1040,95,2026-04-15T16:22:52
1041,457,2026-03-27T13:50:25
1042,603,2026-04-10T02:05:02
1043,127,2026-04-03T08:20:30
1044,225,2026-03-14T06:36:39
1045,241,2026-03-06T19:23:05
1046,253,2026-03-31T17:41:38
1047,172,2026-04-20T13:16:48
1048,39,2026-04-19T13:11:03
1049,368,2026-03-17T01:55:03
1050,251,2026-04-21T18:45:50
1051,240,2026-03-22T07:17:27
1052,186,2026-04-03T12:05:05
1053,651,2026-03-20T14:26:08
1054,428,2026-04-01T10:46:51
1055,294,2026-04-01T11:36:51
1056,144,2026-04-11T17:42:58
1057,561,2026-03-29T09:31:41
1058,622,2026-04-01T00:54:40
1059,23,2026-04-09T06:07:53
1060,651,2026-03-26T17:48:55
1061,490,2026-04-01T14:58:01
1062,70,2026-03-06T10:50:37
1063,528,2026-04-22T16:16:45
1064,76,2026-03-08T08:57:58
1065,36,2026-04-22T03:57:03
1066,81,2026-04-15T03:50:47
1067,322,2026-04-25T22:19:33
1068,434,2026-03-02T14:47:40
1069,286,2026-03-14T11:51:59
1070,86,2026-03-04T06:11:59
1071,140,2026-03-26T06:15:10
1072,597,2026-04-24T04:45:29
1073,674,2026-04-15T09:48:24
1074,528,2026-04-12T11:37:29
1075,73,2026-04-20T08:32:25
1076,574,2026-03-01T08:57:51
1077,485,2026-04-17T09:20:53
1078,369,2026-03-19T12:43:40
1079,101,2026-04-11T10:57:38
1080,698,2026-04-15T13:15:08
1081,310,2026-04-11T13:04:20
1082,31,2026-03-26T13:09:18
1083,147,2026-04-06T03:40:06
1084,281,2026-03-29T03:16:35
1085,44,2026-04-07T05:42:38
1086,227,2026-03-28T11:28:00
1087,328,2026-03-24T14:51:27
1088,665,2026-03-13T05:39:30
1089,61,2026-03-24T07:35:27
1090,404,2026-04-13T20:12:14
1091,642,2026-04-22T03:19:01
1092,565,2026-03-07T03:13:14
1093,648,2026-03-10T21:03:59
1094,120,2026-03-31T16:18:53
1095,561,2026-04-12T07:56:41
1096,686,2026-03-11T06:48:16
1097,229,2026-03-20T10:14:01
1098,350,2026-03-03T01:21:53
1099,372,2026-03-04T14:43:25
1100,346,2026-03-09T10:04:32
1101,203,2026-04-13T06:43:58
1102,680,2026-04-22T15:32:55
1103,670,2026-03-30T08:42:33
1104,267,2026-03-11T17:00:43
1105,564,2026-04-25T12:56:33
1106,279,2026-03-17T04:40:24
1107,557,2026-03-10T01:10:14
1108,410,2026-03-08T22:50:02
1109,330,2026-03-22T16:01:56
1110,90,2026-04-13T23:09:53
1111,459,2026-03-24T06:47:23
1112,225,2026-03-27T08:50:42
1113,152,2026-03-21T10:05:06
1114,136,2026-04-26T09:40:08
1115,688,2026-04-11T01:48:51
1116,73,2026-04-09T06:05:56
1117,559,2026-03-27T03:04:36
1118,607,2026-04-01T04:13:29
1119,22,2026-04-22T23:13:38
1120,413,2026-04-09T05:13:01
1121,405,2026-04-18T08:47:19
1122,252,2026-03-03T11:12:17
1123,467,2026-04-21T06:31:31
1124,287,2026-04-27T09:20:51
1125,308,2026-04-10T07:19:05
1126,303,2026-04-27T12:54:25
1127,561,2026-04-04T07:19:45
1128,444,2026-03-17T13:13:48
1129,266,2026-04-06T15:13:51
1130,649,2026-04-07T11:55:24
1131,562,2026-03-09T06:50:56
1132,653,2026-03-13T02:32:08
1133,512,2026-03-18T07:33:48
1134,275,2026-04-02T03:31:11
1135,542,2026-03-09T17:35:40
1136,231,2026-04-16T07:40:52
1137,190,2026-03-07T04:03:41
1138,316,2026-04-26T07:48:10
1139,679,2026-04-10T05:45:52
1140,398,2026-03-21T06:57:56
1141,269,2026-03-23T09:25:29
1142,324,2026-04-11T04:00:17
1143,204,2026-03-06T04:22:38
1144,462,2026-04-12T16:23:58
1145,246,2026-04-03T13:36:58
1146,389,2026-03-14T15:10:05
1147,259,2026-04-23T05:04:08
1148,225,2026-04-07T03:09:32
1149,680,2026-03-10T14:41:51
1150,243,2026-04-09T15:08:02
1151,50,2026-03-25T09:38:41
1152,266,2026-04-15T11:42:15
1153,373,2026-03-30T07:34:17
1154,67,2026-04-29T03:03:51
1155,214,2026-04-25T05:06:17
1156,117,2026-03-03T03:50:11
1157,351,2026-03-25T03:37:57
1158,507,2026-03-12T22:45:53
1159,678,2026-03-28T07:56:55
1160,273,2026-03-09T00:24:35
1161,605,2026-04-01T22:53:15
1162,151,2026-03-10T13:25:43
1163,547,2026-04-07T06:54:45
1164,394,2026-03-28T01:40:21
1165,531,2026-04-29T06:13:34
1166,529,2026-04-22T05:00:59
1167,373,2026-04-06T09:54:34
1168,181,2026-03-27T08:23:49
1169,369,2026-04-12T18:51:01
1170,579,2026-04-09T23:10:54
1171,680,2026-03-09T15:27:57
1172,650,2026-03-23T11:10:08
1173,128,2026-04-29T04:07:26
1174,419,2026-03-20T05:33:16
1175,74,2026-03-01T14:26:33
1176,469,2026-04-20T10:14:50
1177,695,2026-04-25T01:20:11
1178,37,2026-04-09T09:22:40
1179,460,2026-04-08T11:13:07
1180,662,2026-03-22T10:43:23
1181,594,2026-03-21T21:17:32
1182,275,2026-04-24T02:37:27
1183,73,2026-04-21T09:44:07
1184,647,2026-03-29T23:19:26
1185,645,2026-03-19T11:03:20
1186,406,2026-03-12T05:02:33
1187,686,2026-03-01T07:35:19
1188,4,2026-03-29T01:01:29
1189,432,2026-04-03T03:07:57
1190,27,2026-04-10T11:29:27
1191,655,2026-04-18T03:17:43
1192,477,2026-03-23T08:25:19
1193,640,2026-03-11T09:42:40
1194,394,2026-04-19T23:47:26
1195,59,2026-04-15T10:23:37
1196,19,2026-04-01T14:04:10
1197,235,2026-03-03T11:11:50
1198,521,2026-03-29T01:50:11
1199,106,2026-04-07T10:00:10
1200,597,2026-04-21T03:12:41
1201,168,2026-03-31T17:58:17
1202,348,2026-03-28T08:21:57
1203,143,2026-03-23T16:02:40
1204,327,2026-03-25T01:51:12
1205,317,2026-03-01T18:44:58
1206,4,2026-03-07T00:50:54
1207,398,2026-04-15T08:40:17
1208,551,2026-03-22T11:30:37
1209,656,2026-04-21T13:42:26
1210,232,2026-03-24T01:04:57
1211,617,2026-04-29T06:06:57
1212,616,2026-03-11T16:35:23
1213,692,2026-03-12T03:28:54
1214,262,2026-04-05T12:45:41
1215,596,2026-04-18T04:56:05
1216,396,2026-03-09T15:15:32
1217,41,2026-03-31T02:19:23
1218,190,2026-03-14T07:10:58
1219,471,2026-04-14T08:48:11
1220,113,2026-04-03T04:29:03
1221,305,2026-04-09T05:20:08
1222,543,2026-03-17T00:44:03
1223,105,2026-03-18T14:27:29
1224,348,2026-04-08T05:30:51
1225,151,2026-03-22T17:49:29
1226,376,2026-04-11T08:14:03
1227,169,2026-03-10T00:39:51
1228,676,2026-03-19T04:52:54
1229,54,2026-03-07T15:52:45
1230,675,2026-03-05T22:52:05
1231,555,2026-03-16T05:12:13
1232,599,2026-03-30T15:39:06
1233,597,2026-03-09T04:34:39
1234,132,2026-03-06T02:04:19
1235,652,2026-04-22T05:32:03
1236,416,2026-03-31T14:13:43
1237,674,2026-04-12T07:31:44
1238,615,2026-04-13T19:37:34
1239,406,2026-03-07T01:41:10
1240,263,2026-04-07T14:46:54
1241,83,2026-04-21T11:35:23
1242,71,2026-03-27T14:28:37
1243,273,2026-04-21T00:58:00
1244,568,2026-04-26T17:18:35
1245,354,2026-04-02T13:17:53
1246,338,2026-03-07T01:53:34
1247,172,2026-04-07T12:57:16
1248,396,2026-04-22T10:22:24
1249,447,2026-04-04T06:51:15
1250,688,2026-04-18T07:54:38
1251,511,2026-04-02T06:51:31
1252,426,2026-03-26T07:31:58
1253,638,2026-04-26T11:45:01
1254,298,2026-03-10T05:36:58
1255,655,2026-03-27T07:02:16
1256,259,2026-03-10T00:07:06
1257,90,2026-04-09T02:56:15
1258,293,2026-04-25T14:16:27
1259,91,2026-04-29T10:10:44
1260,83,2026-03-15T13:58:35
1261,617,2026-04-13T07:20:13
1262,557,2026-04-22T00:43:42
1263,155,2026-04-20T14:47:02
1264,587,2026-03-31T05:28:18
1265,49,2026-03-11T14:38:57
1266,200,2026-03-28T06:31:58
1267,495,2026-04-16T08:27:18
1268,213,2026-04-07T02:05:24
1269,512,2026-03-24T08:06:21
1270,613,2026-03-13T15:46:17
1271,47,2026-04-09T11:51:11
1272,17,2026-03-26T15:04:46
1273,659,2026-03-29T15:18:39
1274,365,2026-04-26T08:23:35
1275,355,2026-03-01T19:02:46
1276,325,2026-03-15T03:24:54
1277,304,2026-04-25T04:57:51
1278,484,2026-04-25T13:36:06
1279,406,2026-03-19T04:54:46
1280,115,2026-04-29T09:24:03
1281,439,2026-03-13T07:45:42
1282,468,2026-03-04T14:57:56
1283,80,2026-03-19T03:32:55
1284,264,2026-04-01T13:47:26
1285,554,2026-03-01T06:11:58
1286,434,2026-03-11T14:57:12
1287,96,2026-04-17T02:59:55
1288,29,2026-04-07T05:31:44
1289,407,2026-04-06T12:06:47
1290,324,2026-04-29T08:18:59
1291,673,2026-03-14T14:18:45
1292,366,2026-04-23T03:58:59
1293,653,2026-03-22T02:03:26
1294,151,2026-04-25T17:04:57
1295,314,2026-04-16T04:50:48
1296,98,2026-03-13T05:55:09
1297,402,2026-03-13T17:15:22
1298,132,2026-04-02T04:05:51
1299,345,2026-03-31T04:56:37
1300,241,2026-03-15T19:48:07
1301,131,2026-03-16T00:43:35
1302,68,2026-04-23T11:46:21
1303,359,2026-04-15T10:56:06
1304,664,2026-03-12T09:39:10
1305,140,2026-04-13T01:06:12
1306,284,2026-03-10T09:46:21
1307,158,2026-03-26T22:05:53
1308,567,2026-03-01T11:05:14
1309,291,2026-04-08T11:29:10
1310,683,2026-03-11T19:22:53
1311,172,2026-03-15T12:34:29
1312,57,2026-03-12T15:20:59
1313,408,2026-03-12T04:50:18
1314,457,2026-03-05T10:58:10
1315,694,2026-04-03T04:57:51
1316,610,2026-04-22T03:28:07
1317,619,2026-03-19T05:31:44
1318,444,2026-04-16T10:02:09
1319,252,2026-04-02T11:52:51
1320,301,2026-03-16T04:15:33
1321,94,2026-03-04T08:14:08
1322,302,2026-04-16T08:50:52
1323,256,2026-03-02T14:58:16
1324,26,2026-03-26T07:53:44
1325,144,2026-03-03T17:01:11
1326,375,2026-04-16T13:55:25
1327,259,2026-04-29T02:25:15
1328,696,2026-03-20T12:08:57
1329,335,2026-03-19T08:09:06
1330,672,2026-04-02T23:41:32
1331,463,2026-03-31T04:48:16
1332,29,2026-03-23T00:24:47
1333,143,2026-03-22T13:36:33
1334,495,2026-03-12T05:44:29
1335,382,2026-03-16T00:25:48
1336,212,2026-04-05T12:49:39
1337,366,2026-04-13T23:17:39
1338,633,2026-04-15T03:15:22
1339,273,2026-03-31T01:28:13
1340,32,2026-04-15T14:30:03
1341,218,2026-04-05T03:18:33
1342,656,2026-03-22T08:19:36
1343,534,2026-03-22T01:18:14
1344,587,2026-04-01T01:27:17
1345,639,2026-03-19T07:41:03
1346,83,2026-04-15T17:17:33
1347,198,2026-03-12T15:41:56
1348,42,2026-03-04T09:20:39
1349,4,2026-03-30T00:11:04
1350,585,2026-03-05T01:16:27
1351,656,2026-03-12T09:49:55
1352,110,2026-03-23T07:17:09
1353,506,2026-03-01T11:38:15
1354,375,2026-03-14T15:34:48
1355,49,2026-04-02T15:41:40
1356,642,2026-03-23T01:36:10
1357,610,2026-04-23T02:59:00
1358,398,2026-03-06T03:55:07
1359,496,2026-04-13T13:19:33
1360,279,2026-04-05T06:23:19
1361,555,2026-04-08T08:21:10
1362,312,2026-04-10T13:39:03
1363,693,2026-03-04T03:29:05
1364,45,2026-04-17T08:57:21
1365,121,2026-03-20T07:42:13
1366,679,2026-04-09T04:27:45
1367,203,2026-03-18T10:19:45
1368,218,2026-03-24T05:46:47
1369,554,2026-04-12T05:49:42
1370,133,2026-04-26T18:58:27
1371,360,2026-04-22T06:32:11
1372,201,2026-04-13T13:47:11
1373,139,2026-04-02T03:52:37
1374,676,2026-04-01T06:04:58
1375,140,2026-04-27T07:08:44
1376,67,2026-03-13T07:11:49
1377,472,2026-04-27T06:13:50
1378,608,2026-04-08T19:17:00
1379,90,2026-04-06T01:00:54
1380,496,2026-04-05T16:41:36
1381,379,2026-04-18T09:36:52
1382,582,2026-04-10T08:40:56
1383,89,2026-03-06T17:47:07
1384,684,2026-04-16T02:08:55
1385,434,2026-04-13T14:19:32
1386,590,2026-04-24T09:26:23
1387,254,2026-04-26T05:15:58
1388,661,2026-04-26T12:25:36
1389,439,2026-03-03T04:27:38
1390,89,2026-04-07T14:41:36
1391,647,2026-04-26T02:13:37
1392,558,2026-04-27T07:15:43
1393,211,2026-04-02T15:17:21
1394,382,2026-04-24T01:14:56
1395,272,2026-04-22T20:49:40
1396,381,2026-03-01T14:35:27
1397,676,2026-04-23T12:48:31
1398,630,2026-04-08T15:04:03
1399,151,2026-04-04T15:42:05
1400,681,2026-03-11T12:40:43
1401,307,2026-04-25T02:47:22
1402,494,2026-03-18T18:26:56
1403,535,2026-03-26T14:44:25
1404,339,2026-03-18T03:32:52
1405,320,2026-04-27T23:48:43
1406,320,2026-03-28T21:48:01
1407,604,2026-03-07T06:50:20
1408,271,2026-03-01T00:10:52
1409,196,2026-04-28T04:43:47
1410,254,2026-03-15T02:12:08
1411,137,2026-04-16T16:28:13
1412,275,2026-03-01T22:54:58
1413,80,2026-04-23T01:07:28
1414,63,2026-04-09T01:44:44
1415,507,2026-03-14T03:18:29
1416,55,2026-04-23T17:15:07
1417,398,2026-03-18T06:03:33
1418,546,2026-04-29T04:43:06
1419,508,2026-04-05T00:49:55
1420,313,2026-03-27T06:27:16
1421,136,2026-03-04T07:11:50
1422,652,2026-03-16T09:37:13
1423,585,2026-03-04T02:58:04
1424,429,2026-04-21T17:47:00
1425,61,2026-03-07T06:45:06
1426,25,2026-03-07T03:02:53
1427,221,2026-03-08T06:53:05
1428,111,2026-04-28T13:36:07
1429,603,2026-04-28T00:38:13
1430,145,2026-04-12T06:20:59
1431,198,2026-03-05T16:52:48
1432,684,2026-03-30T21:30:15
1433,573,2026-04-26T13:14:25
1434,154,2026-03-06T03:21:34
1435,269,2026-04-17T06:13:16
1436,362,2026-03-02T01:56:41
1437,465,2026-04-18T21:48:16
1438,656,2026-04-02T11:35:18
1439,610,2026-04-22T22:46:55
1440,685,2026-03-25T10:50:27
1441,29,2026-04-17T04:20:55
1442,166,2026-04-20T04:15:46
1443,395,2026-03-20T16:54:18
1444,35,2026-04-08T04:21:03
1445,249,2026-03-28T18:02:08
1446,108,2026-03-26T13:47:21
1447,654,2026-04-17T05:13:45
1448,45,2026-03-14T06:14:47
1449,104,2026-03-08T11:42:24
1450,137,2026-03-29T13:59:19
1451,105,2026-04-19T11:05:43
1452,398,2026-03-10T03:39:03
1453,256,2026-03-21T10:19:24
1454,639,2026-04-10T09:53:11
1455,183,2026-03-29T10:53:40
1456,377,2026-04-06T03:06:40
1457,463,2026-04-01T08:02:51
1458,439,2026-04-18T06:24:58
1459,558,2026-04-22T10:03:12
1460,142,2026-03-27T02:20:13
1461,356,2026-03-26T20:10:24
1462,561,2026-03-17T07:58:31
1463,605,2026-03-26T22:42:43
1464,433,2026-04-20T05:08:14
1465,457,2026-03-31T09:37:33
1466,605,2026-04-10T20:44:55
1467,438,2026-03-26T08:48:04
1468,665,2026-04-12T07:37:54
1469,90,2026-04-12T01:35:10
1470,244,2026-04-01T13:51:23
1471,79,2026-04-26T15:15:09
1472,64,2026-04-22T14:58:02
1473,331,2026-03-10T08:12:16
1474,159,2026-03-14T00:48:36
1475,286,2026-04-27T11:57:22
1476,307,2026-03-25T01:15:37
1477,435,2026-03-19T14:39:44
1478,662,2026-04-17T18:50:37
1479,595,2026-04-06T11:17:40
1480,265,2026-03-08T06:31:17
1481,228,2026-03-06T07:48:48
1482,540,2026-04-18T06:39:01
1483,87,2026-04-15T09:48:50
1484,379,2026-03-22T11:16:01
1485,297,2026-04-21T10:30:37
1486,128,2026-03-08T06:48:46
1487,432,2026-04-21T23:13:54
1488,225,2026-03-05T05:26:31
1489,130,2026-04-08T13:31:48
1490,458,2026-04-20T09:48:16
1491,122,2026-04-07T10:45:17
1492,471,2026-04-16T05:25:54
1493,114,2026-03-21T11:57:32
1494,305,2026-03-18T04:36:53
1495,566,2026-03-16T06:37:30
1496,161,2026-03-07T04:06:48
1497,538,2026-03-17T06:13:10
1498,506,2026-03-15T09:05:37
1499,632,2026-04-15T00:00:12
1500,119,2026-03-13T04:57:36
1501,501,2026-03-09T23:16:19
1502,656,2026-04-13T13:43:31
1503,535,2026-04-02T17:31:54
1504,132,2026-03-13T05:10:10
1505,576,2026-04-12T13:48:43
1506,76,2026-03-13T05:35:43
1507,413,2026-04-17T06:45:18
1508,349,2026-03-02T12:46:31
1509,372,2026-04-05T13:49:54
1510,364,2026-04-05T04:35:32
1511,23,2026-03-23T01:09:08
1512,356,2026-04-11T16:26:41
1513,656,2026-03-23T13:44:06
1514,306,2026-04-09T03:50:22
1515,194,2026-03-14T02:31:50
1516,697,2026-04-04T06:03:42
1517,70,2026-04-15T12:59:40
1518,341,2026-04-27T06:38:14
1519,359,2026-03-22T11:33:01
1520,335,2026-03-29T10:28:51
1521,646,2026-03-29T07:25:14
1522,296,2026-04-21T07:38:59
1523,682,2026-04-27T12:37:19
1524,47,2026-04-08T05:17:35
1525,514,2026-04-19T06:23:42
1526,416,2026-03-06T17:09:22
1527,169,2026-04-15T04:18:47
1528,160,2026-04-18T06:58:17
1529,504,2026-04-12T10:15:26
1530,447,2026-04-05T02:51:53
1531,428,2026-04-23T02:26:18
1532,36,2026-04-09T06:54:19
1533,419,2026-04-20T07:34:05
1534,687,2026-03-11T04:46:48
1535,13,2026-04-09T11:23:03
1536,329,2026-03-27T09:03:24
1537,347,2026-04-22T05:21:16
1538,628,2026-04-22T06:37:52
1539,198,2026-04-20T17:14:28
1540,333,2026-03-13T06:22:25
1541,503,2026-03-30T16:02:31
1542,43,2026-03-01T07:20:34
1543,561,2026-04-28T06:05:13
1544,576,2026-03-16T11:14:07
1545,504,2026-04-07T12:23:10
1546,454,2026-03-30T13:10:58
1547,524,2026-04-24T02:04:02
1548,548,2026-04-19T17:08:33
1549,633,2026-04-16T05:39:44
1550,300,2026-04-08T02:07:37
1551,320,2026-03-08T02:02:48
1552,447,2026-04-25T04:42:07
1553,136,2026-03-04T06:27:23
1554,600,2026-03-28T15:55:41
1555,540,2026-03-23T12:23:03
1556,442,2026-03-24T16:22:25
1557,212,2026-04-28T08:02:47
1558,244,2026-03-14T16:06:25
1559,305,2026-04-04T00:50:47
1560,464,2026-03-14T11:13:28
1561,545,2026-04-24T06:04:06
1562,471,2026-04-14T03:44:32
1563,651,2026-03-25T13:59:24
1564,673,2026-03-05T18:20:48
1565,494,2026-03-10T13:23:50
1566,260,2026-03-15T01:39:20
1567,420,2026-03-25T05:06:54
1568,298,2026-04-23T06:12:52
1569,441,2026-03-08T06:52:29
1570,569,2026-04-04T12:45:06
1571,259,2026-03-21T02:08:42
1572,355,2026-03-03T15:39:31
1573,32,2026-04-07T15:57:39
1574,516,2026-04-12T12:13:40
1575,343,2026-04-27T14:12:45
1576,322,2026-03-31T00:55:58
1577,373,2026-03-20T06:57:19
1578,151,2026-04-21T14:31:23
1579,419,2026-03-15T09:28:10
1580,522,2026-04-10T10:13:40
1581,245,2026-04-26T05:03:42
1582,92,2026-03-01T13:34:47
1583,271,2026-04-25T06:09:09
1584,140,2026-03-13T05:24:49
1585,262,2026-03-29T16:56:36
1586,439,2026-03-16T04:55:55
1587,80,2026-03-09T00:27:00
1588,524,2026-04-12T03:18:20
1589,158,2026-03-29T02:58:57
1590,627,2026-03-31T12:53:50
1591,513,2026-03-30T10:36:38
1592,191,2026-04-14T07:44:57
1593,395,2026-04-27T17:26:38
1594,78,2026-03-31T16:40:28
1595,70,2026-03-10T06:33:16
1596,670,2026-03-20T08:11:41
1597,562,2026-03-30T07:04:31
1598,109,2026-03-07T15:05:19
1599,198,2026-03-14T14:47:09
1600,139,2026-03-13T07:51:15
1601,277,2026-04-28T02:30:30
1602,204,2026-03-25T02:34:16
1603,230,2026-04-22T15:55:35
1604,371,2026-04-03T07:57:03
1605,133,2026-03-31T18:42:20
1606,618,2026-04-26T06:30:34
1607,510,2026-04-11T12:26:43
1608,533,2026-03-15T12:35:51
1609,119,2026-03-17T04:44:08
1610,496,2026-04-09T08:59:17
1611,586,2026-03-01T04:39:38
1612,123,2026-03-10T02:42:01
1613,526,2026-03-05T09:01:32
1614,251,2026-04-12T16:21:16
1615,552,2026-03-26T23:16:31
1616,335,2026-03-01T11:49:46
1617,562,2026-04-14T06:15:10
1618,104,2026-04-09T08:17:26
1619,273,2026-04-13T02:39:44
1620,192,2026-03-10T07:31:46
1621,174,2026-04-22T01:24:18
1622,216,2026-03-11T02:14:13
1623,268,2026-04-04T10:53:25
1624,90,2026-04-03T04:59:38
1625,495,2026-03-14T11:03:42
1626,386,2026-03-23T02:56:43
1627,581,2026-03-04T10:49:17
1628,494,2026-03-29T13:52:48
1629,105,2026-04-10T17:26:47
1630,49,2026-03-19T16:24:41
1631,296,2026-04-02T11:36:44
1632,337,2026-04-27T03:43:54
1633,169,2026-03-15T01:56:49
1634,548,2026-03-18T18:15:07
1635,408,2026-03-08T05:57:45
1636,524,2026-04-01T23:23:33
1637,77,2026-03-13T10:39:25
1638,571,2026-04-21T00:48:26
1639,145,2026-03-18T09:39:09
1640,314,2026-04-09T03:03:59
1641,308,2026-03-12T14:52:03
1642,575,2026-03-20T15:02:32
1643,194,2026-03-11T06:32:55
1644,169,2026-04-03T08:39:41
1645,238,2026-03-02T16:15:57
1646,253,2026-03-05T16:46:55
1647,128,2026-03-31T07:35:01
1648,124,2026-04-02T07:23:08
1649,162,2026-03-20T03:09:06
1650,328,2026-03-26T11:40:20
1651,241,2026-03-25T15:06:23
1652,275,2026-04-15T01:54:19
1653,504,2026-03-27T03:06:09
1654,169,2026-04-20T06:05:07
1655,637,2026-03-14T04:12:30
1656,527,2026-03-12T09:49:33
1657,123,2026-03-25T03:50:18
1658,220,2026-03-05T12:34:18
1659,129,2026-04-10T09:47:29
1660,191,2026-03-24T05:25:09
1661,256,2026-03-22T10:59:09
1662,92,2026-04-02T14:03:01
1663,11,2026-03-05T04:36:21
1664,308,2026-03-23T06:23:01
1665,491,2026-04-28T15:21:21
1666,213,2026-04-07T04:47:23
1667,603,2026-04-04T00:46:15
1668,259,2026-03-31T07:32:36
1669,631,2026-03-29T09:52:08
1670,166,2026-04-26T07:10:12
1671,378,2026-04-25T14:04:57
1672,535,2026-03-25T15:13:54
1673,42,2026-04-25T11:05:06
1674,652,2026-03-05T08:50:12
1675,256,2026-03-20T10:30:34
1676,349,2026-03-19T13:25:16
1677,440,2026-04-11T04:29:09
1678,451,2026-04-06T09:05:18
1679,17,2026-03-29T16:38:59
1680,608,2026-03-16T17:58:09
1681,437,2026-03-31T02:08:37
1682,700,2026-03-17T01:15:59
1683,331,2026-03-30T05:46:49
1684,430,2026-03-21T08:47:43
1685,309,2026-04-23T07:16:18
1686,623,2026-04-14T14:00:18
1687,583,2026-03-10T23:43:36
1688,637,2026-04-26T05:15:58
1689,353,2026-04-09T08:48:20
1690,555,2026-03-22T03:20:38
1691,252,2026-04-01T17:58:58
1692,323,2026-03-12T04:51:46
1693,533,2026-03-03T12:04:57
1694,57,2026-03-26T11:44:20
1695,498,2026-04-16T08:43:40
1696,12,2026-03-21T23:18:13
1697,407,2026-03-24T12:55:02
1698,335,2026-04-29T09:47:26
1699,329,2026-04-29T07:15:47
1700,347,2026-03-28T04:48:25
1701,345,2026-03-03T03:42:16
1702,286,2026-04-10T09:30:59
1703,316,2026-04-12T08:53:24
1704,398,2026-04-24T04:30:08
1705,535,2026-04-26T15:16:10
1706,387,2026-04-07T11:30:08
1707,450,2026-03-07T08:29:58
1708,586,2026-03-15T00:10:37
1709,693,2026-04-13T05:34:00
1710,77,2026-04-06T10:48:33
1711,500,2026-03-27T00:52:25
1712,158,2026-03-24T23:42:32
1713,138,2026-04-12T05:29:51
1714,556,2026-03-26T05:50:24
1715,49,2026-03-10T17:55:18
1716,594,2026-04-27T23:48:21
1717,540,2026-03-21T09:47:42
1718,697,2026-03-17T08:47:05
1719,468,2026-03-05T15:29:37
1720,612,2026-03-29T03:46:47
1721,83,2026-04-29T15:22:59
1722,623,2026-03-10T19:56:26
1723,113,2026-03-15T08:53:27
1724,221,2026-03-11T03:36:53
1725,90,2026-03-06T00:43:48
1726,282,2026-04-06T13:49:29
1727,525,2026-03-18T18:34:22
1728,188,2026-04-15T06:48:54
1729,576,2026-03-25T15:44:24
1730,425,2026-04-08T12:16:55
1731,441,2026-03-06T11:09:26
1732,658,2026-03-20T07:33:33
1733,303,2026-03-25T08:00:31
1734,242,2026-03-04T01:43:47
1735,697,2026-03-26T10:41:46
1736,390,2026-03-28T23:06:06
1737,431,2026-03-25T14:18:50
1738,208,2026-03-31T13:31:07
1739,151,2026-04-17T15:43:48
1740,119,2026-04-16T01:00:42
1741,157,2026-03-01T07:33:35
1742,137,2026-04-08T09:14:03
1743,523,2026-04-24T02:23:51
1744,41,2026-04-22T08:29:42
1745,441,2026-03-20T10:11:34
1746,665,2026-04-16T02:18:13
1747,536,2026-04-18T10:24:46
1748,283,2026-03-22T07:46:14
1749,42,2026-04-22T14:17:26
1750,584,2026-04-07T07:38:21
1751,3,2026-04-15T02:21:25
1752,477,2026-04-14T07:16:55
1753,470,2026-04-16T02:06:46
1754,135,2026-04-27T15:01:42
1755,518,2026-04-21T15:20:41
1756,123,2026-03-26T00:15:45
1757,158,2026-04-03T00:45:44
1758,569,2026-04-08T12:31:46
1759,686,2026-04-21T05:03:02
1760,186,2026-03-24T16:45:49
1761,645,2026-03-19T08:23:18
1762,640,2026-04-14T09:36:10
1763,539,2026-04-27T07:07:11
1764,99,2026-04-24T12:03:56
1765,210,2026-03-09T13:06:49
1766,475,2026-04-25T05:27:23
1767,700,2026-04-17T00:53:54
1768,571,2026-03-10T01:57:33
1769,295,2026-03-01T14:48:50
1770,165,2026-03-13T02:54:48
1771,673,2026-04-25T15:46:14
1772,194,2026-04-15T05:44:51
1773,240,2026-04-04T08:25:58
1774,676,2026-04-07T07:17:30
1775,394,2026-03-25T06:37:19
1776,186,2026-04-24T13:01:32
1777,4,2026-03-10T01:10:50
1778,301,2026-03-19T00:27:24
1779,691,2026-03-13T01:37:02
1780,303,2026-04-20T12:22:02
1781,490,2026-04-02T14:46:45
1782,178,2026-04-10T21:40:38
1783,543,2026-04-25T03:15:13
1784,544,2026-03-12T04:04:40
1785,426,2026-04-27T07:16:18
1786,541,2026-03-08T15:55:28
1787,406,2026-04-15T05:13:12
1788,265,2026-04-12T05:44:02
1789,517,2026-04-19T06:41:54
1790,585,2026-03-10T00:58:33
1791,589,2026-04-27T01:55:57
1792,150,2026-04-17T03:51:06
1793,474,2026-03-07T09:18:23
1794,4,2026-04-03T03:25:27
1795,401,2026-04-19T07:29:02
1796,400,2026-03-29T01:39:47
1797,255,2026-03-23T06:08:59
1798,696,2026-03-17T15:50:13
1799,619,2026-03-31T03:38:52
1800,28,2026-04-29T14:12:55
1801,147,2026-04-06T04:02:24
1802,146,2026-04-13T08:00:42
1803,629,2026-04-16T06:21:26
1804,364,2026-04-16T02:18:15
1805,511,2026-03-25T01:09:17
1806,567,2026-04-16T15:26:13
1807,538,2026-03-20T07:01:59
1808,63,2026-04-05T00:37:04
1809,99,2026-03-19T10:26:26
1810,277,2026-04-26T00:15:52
1811,237,2026-04-13T00:27:30
1812,523,2026-04-04T22:26:03
1813,110,2026-03-28T03:50:22
1814,261,2026-04-01T18:38:37
1815,166,2026-04-16T05:14:07
1816,133,2026-03-17T17:49:45
1817,121,2026-04-19T07:19:39
1818,137,2026-03-17T14:13:15
1819,396,2026-03-09T13:43:47
1820,288,2026-04-14T06:47:22
1821,305,2026-04-12T02:00:23
1822,336,2026-03-21T06:56:17
1823,519,2026-04-08T11:37:22
1824,604,2026-04-13T10:24:48
1825,369,2026-04-17T19:45:01
1826,450,2026-04-27T12:33:59
1827,517,2026-04-21T06:57:45
1828,484,2026-03-27T06:00:58
1829,94,2026-03-14T06:32:39
1830,689,2026-03-06T09:42:04
1831,116,2026-04-04T16:02:45
1832,289,2026-04-09T11:52:40
1833,457,2026-04-11T07:20:28
1834,283,2026-03-01T07:01:35
1835,171,2026-04-11T17:23:20
1836,647,2026-04-17T03:50:55
1837,51,2026-04-13T12:57:53
1838,173,2026-04-01T17:08:34
1839,696,2026-03-01T16:23:57
1840,511,2026-03-30T07:50:27
1841,61,2026-04-08T05:01:12
1842,529,2026-04-04T02:32:26
1843,679,2026-04-04T04:32:55
1844,69,2026-03-31T16:22:51
1845,290,2026-04-03T11:19:01
1846,328,2026-03-20T16:56:40
1847,92,2026-04-06T13:21:48
1848,141,2026-03-17T16:36:04
1849,122,2026-03-30T04:45:33
1850,130,2026-03-25T14:02:56
1851,283,2026-04-12T03:49:22
1852,325,2026-04-23T05:45:40
1853,167,2026-04-07T10:11:22
1854,203,2026-03-09T07:10:09
1855,135,2026-04-10T15:34:23
1856,558,2026-03-20T08:55:28
1857,149,2026-03-03T09:53:25
1858,636,2026-03-12T10:09:15
1859,378,2026-04-29T13:36:56
1860,562,2026-03-26T08:29:35
1861,446,2026-03-13T06:41:38
1862,187,2026-03-09T21:31:33
1863,421,2026-04-09T06:34:20
1864,192,2026-04-15T03:33:58
1865,83,2026-03-22T13:01:24
1866,179,2026-03-07T13:31:03
1867,193,2026-03-22T17:08:26
1868,95,2026-04-09T13:26:27
1869,17,2026-03-07T16:32:23
1870,661,2026-03-17T10:42:10
1871,360,2026-03-01T01:50:28
1872,282,2026-03-29T20:09:01
1873,651,2026-03-11T15:35:21
1874,158,2026-03-11T23:47:46
1875,283,2026-03-07T08:19:42
1876,593,2026-04-12T23:02:45
1877,443,2026-03-30T00:55:09
1878,280,2026-04-26T03:50:56
1879,180,2026-03-24T11:42:11
1880,25,2026-03-14T01:44:35
1881,60,2026-03-13T05:18:58
1882,114,2026-04-27T11:47:15
1883,551,2026-04-05T11:59:05
1884,448,2026-03-20T01:17:21
1885,304,2026-04-09T09:28:00
1886,549,2026-04-03T08:50:36
1887,113,2026-03-07T05:13:46
1888,148,2026-04-12T04:41:37
1889,275,2026-03-08T01:01:14
1890,643,2026-03-12T14:58:02
1891,430,2026-04-12T06:04:19
1892,596,2026-03-27T07:01:54
1893,174,2026-03-14T05:24:21
1894,594,2026-03-05T00:47:55
1895,51,2026-04-05T10:12:58
1896,160,2026-04-11T02:37:47
1897,367,2026-03-13T03:20:14
1898,36,2026-03-25T05:59:14
1899,601,2026-03-21T05:28:08
1900,608,2026-04-23T13:26:20
1901,380,2026-04-17T07:01:28
1902,215,2026-03-16T22:16:42
1903,70,2026-03-31T08:01:03
1904,434,2026-04-25T14:52:18
1905,377,2026-03-21T04:28:21
1906,532,2026-03-09T16:19:23
1907,422,2026-03-18T16:14:34
1908,90,2026-04-05T22:42:40
1909,86,2026-04-29T04:38:56
1910,547,2026-03-19T06:19:02
1911,112,2026-03-04T00:17:10
1912,657,2026-03-10T21:56:08
1913,75,2026-03-25T15:03:17
1914,510,2026-03-06T12:31:02
1915,683,2026-03-03T17:57:23
1916,309,2026-04-09T06:19:15
1917,40,2026-04-19T14:03:31
1918,614,2026-03-14T13:49:28
1919,132,2026-03-31T22:54:39
1920,370,2026-04-04T05:03:50
1921,690,2026-04-10T07:22:06
1922,522,2026-04-28T07:05:10
1923,33,2026-04-23T03:53:43
1924,575,2026-03-19T15:50:21
1925,113,2026-04-28T05:48:54
1926,525,2026-03-03T14:19:00
1927,435,2026-04-27T13:42:06
1928,202,2026-03-09T12:10:27
1929,297,2026-03-07T09:08:30
1930,83,2026-03-08T16:35:01
1931,691,2026-03-08T03:58:29
1932,167,2026-03-28T11:15:19
1933,217,2026-04-08T08:28:38
1934,353,2026-04-14T10:59:49
1935,471,2026-03-01T06:25:34
1936,354,2026-03-18T13:49:56
1937,354,2026-03-08T10:41:33
1938,408,2026-03-08T22:53:22
1939,601,2026-04-14T06:20:06
1940,277,2026-04-07T19:50:16
1941,583,2026-03-13T01:49:21
1942,551,2026-03-19T09:53:45
1943,673,2026-04-25T13:54:27
1944,640,2026-04-04T07:20:41
1945,559,2026-03-15T03:49:08
1946,173,2026-04-26T15:40:22
1947,543,2026-03-12T08:05:47
1948,516,2026-03-18T14:54:54
1949,203,2026-04-11T09:43:22
1950,475,2026-03-31T00:41:27
1951,178,2026-03-05T04:04:16
1952,367,2026-04-18T05:59:56
1953,558,2026-03-14T08:58:06
1954,132,2026-04-11T02:51:53
1955,236,2026-03-21T08:20:40
1956,557,2026-04-15T02:04:56
1957,318,2026-04-23T03:44:08
1958,673,2026-04-16T12:30:06
1959,6,2026-04-25T16:15:11
1960,506,2026-04-02T11:16:16
1961,570,2026-03-04T13:40:13
1962,643,2026-04-02T15:52:22
1963,110,2026-03-28T05:34:16
1964,689,2026-04-13T10:56:44
1965,275,2026-03-15T00:33:16
1966,247,2026-04-11T12:33:17
1967,249,2026-03-27T14:21:50
1968,447,2026-04-10T09:03:12
1969,462,2026-03-26T15:15:20
1970,332,2026-03-23T17:20:20
1971,50,2026-03-13T15:37:27
1972,691,2026-04-19T01:11:18
1973,156,2026-03-05T19:30:34
1974,66,2026-03-15T13:31:48
1975,419,2026-03-26T07:30:27
1976,289,2026-03-10T11:59:59
1977,431,2026-04-25T16:11:38
1978,613,2026-03-21T17:20:18
1979,69,2026-03-15T17:22:15
1980,199,2026-03-15T22:44:03
1981,362,2026-03-11T23:39:00
1982,552,2026-04-09T03:49:43
1983,421,2026-03-29T01:31:45
1984,268,2026-03-14T07:49:28
1985,428,2026-04-22T07:01:09
1986,686,2026-04-09T07:08:26
1987,337,2026-03-25T04:36:33
1988,619,2026-03-31T05:14:21
1989,546,2026-04-09T06:17:29
1990,211,2026-03-10T13:13:28
1991,175,2026-04-18T14:08:07
1992,540,2026-03-16T10:17:08
1993,146,2026-03-02T09:54:02
1994,236,2026-04-01T03:02:36
1995,165,2026-04-22T01:59:53
1996,425,2026-04-13T13:32:55
1997,206,2026-03-19T02:46:38
1998,461,2026-03-24T06:44:55
1999,655,2026-04-05T05:03:22
2000,581,2026-03-14T05:15:44
2001,664,2026-04-19T11:52:30
2002,18,2026-03-18T04:38:23
2003,319,2026-03-14T15:22:41
2004,155,2026-03-06T17:32:55
2005,643,2026-04-11T14:25:28
2006,499,2026-03-02T15:05:39
2007,225,2026-04-18T08:56:13
2008,395,2026-04-28T18:14:30
2009,424,2026-03-07T14:51:39
2010,347,2026-03-05T22:14:17
2011,333,2026-04-26T10:36:47
2012,39,2026-03-08T16:29:45
2013,317,2026-03-25T15:53:51
2014,244,2026-04-22T11:37:47
2015,573,2026-03-09T12:35:36
2016,606,2026-04-09T08:18:33
2017,526,2026-03-23T06:51:56
2018,22,2026-03-27T02:07:17
2019,589,2026-04-25T03:30:03
2020,278,2026-04-08T02:16:23
2021,292,2026-03-20T12:27:25
2022,662,2026-04-26T15:02:37
2023,608,2026-04-04T14:41:08
2024,36,2026-03-06T02:44:13
2025,252,2026-03-24T13:41:54
2026,525,2026-03-15T14:41:28
2027,378,2026-04-08T14:02:27
2028,181,2026-04-21T01:40:02
2029,368,2026-03-03T04:19:01
2030,607,2026-04-16T04:37:48
2031,157,2026-04-24T03:38:38
2032,523,2026-04-29T02:17:22
2033,515,2026-04-09T18:08:23
2034,620,2026-03-19T03:06:26
2035,209,2026-03-09T05:26:48
2036,152,2026-04-26T07:35:53
2037,384,2026-03-25T15:00:25
2038,372,2026-03-21T17:43:23
2039,287,2026-04-14T07:14:24
2040,546,2026-04-12T04:48:28
2041,560,2026-04-18T14:41:18
2042,172,2026-04-22T13:43:17
2043,557,2026-04-22T04:12:27
2044,162,2026-03-11T08:39:48
2045,286,2026-03-11T08:40:17
2046,20,2026-03-13T02:49:26
2047,239,2026-04-07T14:34:15
2048,671,2026-04-04T15:45:28
2049,310,2026-04-21T16:27:06
2050,498,2026-04-20T09:56:29
2051,76,2026-04-18T06:42:42
2052,445,2026-03-05T08:00:40
2053,261,2026-04-11T14:47:37
2054,521,2026-04-20T19:08:32
2055,650,2026-04-28T10:03:36
2056,373,2026-03-21T04:34:26
2057,72,2026-04-16T06:29:56
2058,334,2026-03-25T03:24:39
2059,87,2026-03-10T07:24:17
2060,315,2026-03-21T16:20:38
2061,43,2026-03-16T08:55:19
2062,449,2026-04-24T15:44:42
2063,218,2026-03-11T07:47:21
2064,142,2026-03-08T04:32:28
2065,13,2026-04-04T08:44:34
2066,622,2026-04-04T07:31:58
2067,587,2026-04-03T06:54:32
2068,569,2026-03-09T14:02:34
2069,41,2026-03-30T06:47:54
2070,245,2026-04-25T01:27:47
2071,680,2026-03-06T12:19:01
2072,406,2026-04-17T02:36:27
2073,90,2026-03-08T04:54:42
2074,99,2026-03-15T11:16:20
2075,185,2026-04-23T15:28:14
2076,681,2026-03-18T11:14:31
2077,119,2026-04-01T01:49:10
2078,633,2026-03-23T05:33:34
2079,475,2026-04-06T05:17:40
2080,646,2026-03-25T03:54:18
2081,579,2026-03-27T03:13:38
2082,233,2026-04-19T09:06:45
2083,580,2026-04-03T06:15:16
2084,119,2026-04-03T05:18:25
2085,204,2026-04-18T03:15:35
2086,149,2026-03-26T07:03:39
2087,94,2026-04-19T05:59:36
2088,64,2026-04-13T13:19:17
2089,132,2026-04-23T02:57:07
2090,85,2026-03-28T06:41:29
2091,267,2026-04-03T16:48:18
2092,50,2026-03-08T13:19:21
2093,43,2026-03-07T05:39:47
2094,693,2026-03-07T01:23:25
2095,62,2026-04-07T09:21:54
2096,52,2026-03-20T08:56:40
2097,22,2026-03-18T05:51:10
2098,93,2026-04-06T07:20:09
2099,370,2026-03-24T01:00:39
2100,580,2026-03-09T09:32:14
2101,515,2026-04-03T15:57:56
2102,407,2026-04-03T15:56:21
2103,60,2026-03-09T08:28:01
2104,543,2026-03-17T02:30:16
2105,27,2026-03-15T13:51:50
2106,442,2026-04-11T20:10:10
2107,287,2026-03-15T11:16:27
2108,618,2026-03-02T05:08:49
2109,216,2026-03-17T05:35:52
2110,447,2026-03-29T09:53:09
2111,308,2026-04-16T07:18:47
2112,366,2026-03-04T00:53:38
2113,658,2026-04-22T12:30:11
2114,499,2026-03-20T15:15:27
2115,291,2026-03-21T11:57:07
2116,314,2026-03-01T03:37:09
2117,494,2026-03-17T17:32:53
2118,243,2026-03-29T11:09:17
2119,118,2026-04-07T06:33:20
2120,328,2026-04-16T15:13:06
2121,48,2026-04-01T11:25:21
2122,119,2026-03-07T03:55:05
2123,295,2026-03-24T13:59:47
2124,558,2026-04-14T03:24:21
2125,547,2026-04-08T05:19:58
2126,183,2026-04-05T11:12:45
2127,296,2026-03-31T10:12:49
2128,108,2026-03-31T13:31:23
2129,529,2026-04-29T03:58:56
2130,173,2026-04-05T13:51:34
2131,560,2026-04-05T10:17:08
2132,590,2026-03-21T08:49:07
2133,483,2026-03-30T00:28:55
2134,232,2026-04-12T03:39:52
2135,668,2026-04-21T04:15:36
2136,481,2026-04-16T05:48:19
2137,453,2026-04-09T18:27:40
2138,600,2026-04-16T19:46:11
2139,618,2026-03-02T04:14:51
2140,55,2026-03-17T17:57:21
2141,618,2026-03-15T04:25:23
2142,536,2026-04-09T10:39:58
2143,145,2026-04-15T08:32:51
2144,216,2026-03-09T01:35:37
2145,527,2026-03-12T11:15:05
2146,152,2026-03-30T04:54:07
2147,317,2026-04-28T15:12:31
2148,483,2026-02-28T22:21:09
2149,456,2026-04-22T14:25:15
2150,637,2026-03-12T01:29:45
2151,79,2026-03-17T14:13:18
2152,207,2026-04-07T18:51:50
2153,690,2026-04-13T07:36:42
2154,399,2026-04-22T14:58:04
2155,175,2026-03-01T15:21:02
2156,203,2026-03-03T07:25:17
2157,238,2026-03-29T17:34:03
2158,388,2026-04-03T04:35:02
2159,200,2026-03-16T09:10:29
2160,436,2026-04-08T17:50:07
2161,312,2026-03-16T12:59:59
2162,428,2026-04-25T05:31:08
2163,109,2026-03-11T15:22:54
2164,437,2026-04-09T03:24:26
2165,648,2026-03-31T22:03:33
2166,95,2026-03-07T16:03:00
2167,230,2026-04-06T10:22:47
2168,486,2026-03-09T02:12:42
2169,433,2026-04-02T07:17:30
2170,473,2026-04-08T04:19:24
2171,392,2026-03-05T11:10:31
2172,478,2026-03-13T06:24:24
2173,427,2026-03-18T01:02:51
2174,52,2026-04-25T13:46:57
2175,526,2026-03-14T09:41:27
2176,313,2026-04-25T08:10:19
2177,37,2026-04-02T05:09:45
2178,287,2026-04-26T09:04:02
2179,305,2026-04-19T03:11:32
2180,61,2026-03-18T08:35:24
2181,698,2026-04-03T17:04:34
2182,156,2026-04-13T17:00:28
2183,232,2026-03-05T04:34:45
2184,309,2026-04-09T07:55:28
2185,583,2026-03-27T20:28:13
2186,521,2026-03-03T04:15:27
2187,540,2026-04-22T06:49:47
2188,166,2026-03-16T07:50:20
2189,592,2026-04-22T06:50:26
2190,581,2026-03-13T08:22:32
2191,325,2026-04-02T01:02:31
2192,383,2026-03-22T23:59:52
2193,26,2026-04-23T01:53:58
2194,533,2026-04-27T16:30:21
2195,673,2026-04-16T10:47:39
2196,331,2026-04-20T04:57:32
2197,379,2026-04-16T10:03:41
2198,350,2026-03-17T23:28:50
2199,58,2026-04-25T05:51:50
2200,434,2026-04-01T14:42:23
2201,506,2026-03-21T11:06:57
2202,650,2026-03-12T08:03:08
2203,651,2026-04-12T15:19:42
2204,345,2026-03-17T07:26:25
2205,672,2026-04-08T22:07:26
2206,371,2026-03-04T06:16:30
2207,450,2026-04-08T06:30:40
2208,422,2026-04-08T15:47:52
2209,700,2026-04-01T03:34:16
2210,517,2026-04-09T07:31:51
2211,85,2026-04-29T05:44:51
2212,51,2026-04-20T16:38:46
2213,287,2026-03-27T12:13:42
2214,361,2026-04-22T08:15:22
2215,469,2026-04-27T09:06:15
2216,338,2026-03-10T04:07:16
2217,361,2026-03-22T03:49:23
2218,646,2026-04-14T03:40:26
2219,235,2026-03-31T13:38:12
2220,346,2026-03-09T10:26:19
2221,391,2026-03-29T07:05:14
2222,328,2026-03-23T11:25:58
2223,678,2026-04-14T11:09:30
2224,674,2026-03-31T10:57:05
2225,360,2026-03-09T04:24:29
2226,316,2026-03-03T06:07:30
2227,413,2026-03-18T03:16:26
2228,127,2026-03-10T10:38:23
2229,299,2026-04-22T13:27:32
2230,152,2026-03-17T07:03:46
2231,101,2026-04-08T11:21:44
2232,67,2026-03-08T05:41:35
2233,411,2026-03-27T01:31:43
2234,1,2026-04-26T06:33:03
2235,453,2026-04-08T15:39:03
2236,303,2026-03-18T11:43:40
2237,257,2026-04-14T07:25:24
2238,539,2026-03-31T04:45:29
2239,378,2026-03-15T13:54:48
2240,514,2026-04-29T05:07:36
2241,497,2026-04-26T11:43:33
2242,23,2026-04-03T05:16:05
2243,151,2026-03-02T13:06:57
2244,399,2026-03-25T12:15:30
2245,683,2026-03-31T14:55:22
2246,108,2026-04-25T15:36:31
2247,74,2026-04-13T08:27:57
2248,659,2026-03-14T14:15:08
2249,677,2026-03-31T05:31:07
2250,118,2026-03-11T08:30:36
2251,282,2026-03-29T14:24:49
2252,439,2026-04-02T01:26:54
2253,137,2026-03-31T11:43:50
2254,229,2026-03-26T10:35:01
2255,277,2026-03-27T05:01:34
2256,450,2026-04-17T09:21:15
2257,216,2026-03-31T00:03:08
2258,289,2026-03-03T15:55:19
2259,203,2026-04-14T04:19:57
2260,532,2026-04-07T15:57:32
2261,108,2026-04-11T14:14:12
2262,162,2026-04-12T05:21:44
2263,175,2026-03-11T13:24:59
2264,635,2026-04-28T03:54:39
2265,662,2026-04-29T12:05:25
2266,351,2026-03-09T06:47:27
2267,110,2026-03-14T08:39:19
2268,530,2026-03-15T13:13:57
2269,345,2026-04-27T08:50:16
2270,595,2026-04-25T11:33:20
2271,252,2026-03-16T20:30:05
2272,700,2026-04-07T02:22:47
2273,565,2026-03-15T00:25:25
2274,157,2026-03-03T09:48:49
2275,508,2026-03-14T02:58:08
2276,201,2026-03-05T14:53:06
2277,245,2026-04-20T02:20:25
2278,176,2026-04-17T16:37:02
2279,478,2026-03-12T08:59:40
2280,185,2026-04-04T14:37:59
2281,448,2026-03-13T06:00:57
2282,408,2026-04-03T06:43:21
2283,526,2026-04-23T11:34:14
2284,696,2026-04-22T14:29:40
2285,7,2026-04-19T08:02:08
2286,694,2026-03-15T00:28:01
2287,77,2026-03-12T10:47:28
2288,369,2026-03-10T10:33:45
2289,239,2026-03-08T18:16:50
2290,448,2026-04-06T04:49:21
2291,506,2026-04-09T06:26:04
2292,602,2026-04-22T10:38:34
2293,282,2026-03-06T15:00:47
2294,654,2026-03-16T05:08:02
2295,226,2026-04-13T03:12:25
2296,143,2026-04-10T09:08:06
2297,266,2026-03-26T10:25:29
2298,370,2026-03-10T02:24:49
2299,468,2026-03-30T13:04:33
2300,583,2026-03-10T22:39:33
2301,158,2026-04-02T02:28:10
2302,213,2026-04-24T03:23:46
2303,658,2026-03-12T09:14:48
2304,308,2026-03-08T06:22:09
2305,170,2026-04-14T19:09:42
2306,690,2026-03-02T06:53:19
2307,315,2026-04-29T17:30:58
2308,690,2026-04-16T09:52:51
2309,644,2026-03-25T19:51:47
2310,635,2026-03-22T03:28:35
2311,408,2026-03-24T03:23:22
2312,559,2026-03-24T03:43:40
2313,673,2026-04-20T11:23:36
2314,189,2026-04-17T13:27:12
2315,27,2026-03-13T09:24:32
2316,225,2026-03-11T09:36:33
2317,446,2026-04-02T06:03:55
2318,384,2026-04-09T15:16:44
2319,57,2026-04-13T16:40:50
2320,393,2026-03-19T11:29:10
2321,123,2026-03-28T22:41:37
2322,354,2026-03-07T08:38:17
2323,403,2026-03-28T19:19:14
2324,446,2026-04-11T05:26:00
2325,289,2026-03-19T15:04:33
2326,286,2026-03-20T09:45:57
2327,476,2026-03-28T09:26:37
2328,525,2026-04-21T15:16:53
2329,566,2026-04-06T07:32:40
2330,234,2026-04-25T14:00:05
2331,297,2026-03-04T11:24:43
2332,232,2026-04-20T06:54:49
2333,370,2026-03-02T22:22:48
2334,90,2026-03-20T01:21:32
2335,302,2026-03-26T08:26:31
2336,133,2026-03-15T15:15:57
2337,373,2026-04-29T06:13:59
2338,596,2026-04-23T03:28:30
2339,690,2026-04-04T11:39:45
2340,313,2026-03-28T05:14:12
2341,40,2026-04-15T20:12:39
2342,160,2026-04-12T05:43:51
2343,74,2026-03-29T09:30:54
2344,532,2026-04-19T16:18:56
2345,690,2026-03-12T08:50:09
2346,388,2026-03-17T05:59:31
2347,124,2026-03-02T04:50:33
2348,15,2026-03-08T04:16:24
2349,684,2026-03-12T03:58:00
2350,222,2026-04-07T05:21:46
2351,79,2026-04-21T16:04:45
2352,124,2026-04-05T08:32:05
2353,179,2026-03-27T15:57:21
2354,460,2026-03-17T07:00:50
2355,625,2026-03-07T07:00:16
2356,193,2026-04-05T17:00:51
2357,482,2026-03-09T02:50:01
2358,46,2026-04-17T04:14:17
2359,8,2026-03-25T15:29:52
2360,39,2026-03-22T16:04:00
2361,647,2026-03-02T07:56:32
2362,408,2026-03-14T22:45:00
2363,564,2026-03-01T11:34:10
2364,16,2026-04-13T12:52:58
2365,16,2026-03-30T15:12:27
2366,595,2026-04-17T14:24:46
2367,72,2026-04-03T04:58:52
2368,109,2026-04-27T16:30:21
2369,364,2026-04-17T11:18:40
2370,425,2026-03-09T13:36:53
2371,161,2026-03-06T22:56:26
2372,312,2026-04-23T17:05:53
2373,473,2026-03-17T08:59:04
2374,310,2026-04-15T14:28:54
2375,268,2026-04-07T08:05:23
2376,51,2026-04-12T16:57:30
2377,317,2026-03-17T19:34:12
2378,562,2026-03-19T07:12:49
2379,439,2026-04-03T03:10:16
2380,626,2026-03-02T00:05:02
2381,89,2026-03-19T13:31:06
2382,8,2026-03-31T14:16:09
2383,384,2026-03-13T15:19:36
2384,126,2026-03-18T12:32:37
2385,416,2026-04-29T15:57:11
2386,633,2026-03-18T03:52:06
2387,236,2026-04-24T04:06:13
2388,385,2026-04-24T23:21:02
2389,478,2026-04-10T06:13:19
2390,106,2026-03-10T04:20:06
2391,629,2026-03-13T05:54:12
2392,142,2026-04-26T00:20:27
2393,566,2026-03-01T06:38:18
2394,462,2026-03-31T10:50:29
2395,99,2026-04-05T11:16:13
2396,508,2026-04-20T00:28:55
2397,138,2026-04-23T06:48:03
2398,420,2026-03-18T02:19:25
2399,672,2026-03-30T22:40:10
2400,668,2026-04-08T00:10:30
2401,610,2026-04-27T06:55:28
2402,346,2026-04-03T11:07:48
2403,392,2026-03-08T06:41:43
2404,211,2026-04-25T13:58:48
2405,645,2026-03-31T08:08:25
2406,335,2026-03-11T09:29:19
2407,541,2026-03-12T17:56:38
2408,252,2026-03-13T14:04:43
2409,519,2026-04-13T18:18:10
2410,158,2026-04-25T23:54:53
2411,514,2026-03-27T06:08:29
2412,33,2026-03-05T23:57:49
2413,74,2026-04-23T10:44:03
2414,247,2026-04-08T16:14:19
2415,338,2026-04-04T01:12:22
2416,498,2026-03-04T06:18:44
2417,252,2026-04-28T17:31:14
2418,13,2026-03-05T08:57:44
2419,228,2026-04-06T11:47:49
2420,308,2026-04-05T10:00:14
2421,381,2026-03-31T14:35:58
2422,451,2026-04-03T12:19:40
2423,174,2026-03-23T22:31:30
2424,428,2026-04-04T08:25:05
2425,443,2026-03-22T02:35:30
2426,544,2026-03-29T03:46:16
2427,366,2026-04-09T23:14:24
2428,568,2026-04-14T11:22:01
2429,156,2026-03-10T15:02:47
2430,499,2026-04-29T18:20:07
2431,33,2026-03-06T04:59:30
2432,72,2026-03-17T05:43:06
2433,606,2026-03-21T10:40:19
2434,333,2026-03-20T08:50:56
2435,435,2026-03-22T17:34:10
2436,423,2026-03-20T05:05:09
2437,487,2026-03-27T12:39:55
2438,172,2026-04-15T16:08:04
2439,125,2026-04-19T09:11:57
2440,30,2026-03-21T16:39:45
2441,606,2026-03-16T10:55:22
2442,157,2026-04-10T10:18:38
2443,403,2026-03-04T12:18:35
2444,319,2026-03-27T16:40:38
2445,114,2026-03-14T14:18:11
2446,290,2026-04-06T15:10:53
2447,59,2026-03-05T07:13:27
2448,124,2026-04-19T06:48:39
2449,98,2026-03-17T06:36:42
2450,578,2026-03-31T06:19:40
2451,398,2026-04-04T06:59:29
2452,648,2026-03-28T23:20:27
2453,306,2026-03-27T05:41:34
2454,141,2026-03-17T14:10:33
2455,427,2026-04-16T05:56:48
2456,651,2026-03-31T15:12:45
2457,373,2026-03-13T06:25:39
2458,13,2026-03-16T05:35:21
2459,213,2026-03-26T23:31:29
2460,648,2026-04-20T02:34:02
2461,363,2026-04-27T04:46:16
2462,667,2026-03-24T09:49:25
2463,357,2026-03-24T00:20:36
2464,9,2026-03-08T19:37:22
2465,612,2026-04-02T08:34:03
2466,535,2026-03-15T19:25:10
2467,501,2026-04-19T05:30:10
2468,680,2026-04-02T17:48:42
2469,138,2026-03-14T11:40:54
2470,635,2026-04-24T01:00:48
2471,163,2026-04-18T05:03:29
2472,680,2026-03-19T17:42:09
2473,135,2026-03-08T13:31:54
2474,386,2026-03-16T00:32:28
2475,553,2026-03-23T06:50:45
2476,55,2026-03-25T16:13:19
2477,47,2026-04-19T03:15:19
2478,595,2026-04-28T10:38:34
2479,43,2026-04-14T06:46:42
2480,430,2026-04-20T03:59:05
2481,657,2026-03-08T03:55:24
2482,431,2026-03-09T16:20:56
2483,337,2026-04-24T05:10:36
2484,293,2026-04-06T14:38:03
2485,447,2026-03-15T06:11:38
2486,401,2026-04-17T08:26:49
2487,352,2026-03-11T14:18:51
2488,108,2026-04-16T14:23:11
2489,464,2026-04-22T06:53:10
2490,518,2026-03-30T16:18:46
2491,497,2026-04-09T10:51:53
2492,53,2026-04-13T03:13:16
2493,493,2026-04-22T16:17:09
2494,511,2026-04-05T02:14:47
2495,129,2026-03-18T10:44:45
2496,595,2026-03-13T13:46:54
2497,367,2026-03-22T05:02:42
2498,331,2026-03-04T06:19:56
2499,506,2026-04-11T09:56:49
2500,357,2026-03-23T02:31:51
2501,382,2026-04-11T23:10:46
2502,219,2026-03-04T14:12:25
2503,650,2026-03-20T11:27:06
2504,679,2026-03-24T08:12:25
2505,92,2026-03-06T15:26:15
2506,514,2026-04-19T06:35:57
2507,17,2026-04-05T11:27:21
2508,259,2026-04-20T05:34:53
2509,679,2026-04-18T02:03:21
2510,123,2026-03-03T02:30:29
2511,264,2026-04-21T18:03:41
2512,154,2026-03-05T01:41:23
2513,510,2026-04-22T14:31:41
2514,325,2026-04-10T04:38:05
2515,416,2026-04-19T14:20:35
2516,660,2026-03-30T15:12:21
2517,365,2026-03-10T08:40:10
2518,514,2026-03-09T04:03:28
2519,69,2026-03-08T14:29:07
2520,151,2026-04-18T17:16:49
2521,663,2026-04-02T15:21:54
2522,602,2026-03-13T09:25:19
2523,460,2026-03-08T12:27:20
2524,265,2026-03-05T09:12:18
2525,140,2026-03-16T06:07:50
2526,597,2026-04-14T07:28:01
2527,550,2026-04-23T08:17:08
2528,170,2026-04-06T12:02:02
2529,413,2026-04-29T05:51:37
2530,434,2026-03-24T13:28:48
2531,335,2026-03-20T14:05:40
2532,649,2026-04-11T12:21:09
2533,87,2026-03-09T10:07:23
2534,181,2026-04-24T00:57:57
2535,67,2026-04-16T05:29:49
2536,486,2026-03-03T02:52:03
2537,451,2026-03-12T11:20:09
2538,692,2026-04-07T07:57:48
2539,380,2026-04-14T12:56:39
2540,106,2026-03-14T11:39:06
2541,316,2026-04-14T07:25:14
2542,62,2026-03-29T08:58:38
2543,470,2026-04-10T05:34:47
2544,472,2026-03-26T07:11:45
2545,601,2026-03-28T03:04:04
2546,238,2026-03-24T16:31:13
2547,218,2026-03-10T02:14:33
2548,50,2026-03-12T12:44:33
2549,291,2026-03-11T05:32:58
2550,333,2026-04-18T06:28:46
2551,529,2026-03-26T02:16:16
2552,528,2026-03-23T15:12:10
2553,99,2026-04-21T13:12:02
2554,200,2026-04-23T09:39:31
2555,359,2026-03-15T10:47:09
2556,235,2026-03-22T14:58:31
2557,18,2026-03-25T07:40:37
2558,592,2026-04-20T07:31:46
2559,512,2026-04-10T06:41:31
2560,365,2026-04-02T08:14:21
2561,223,2026-03-15T12:52:51
2562,590,2026-03-24T10:02:38
2563,25,2026-03-02T05:54:39
2564,313,2026-04-12T08:06:57
2565,561,2026-04-25T13:56:57
2566,668,2026-04-17T02:46:42
2567,176,2026-03-19T13:25:09
2568,456,2026-03-29T13:29:01
2569,133,2026-04-27T15:17:34
2570,82,2026-03-26T04:12:09
2571,248,2026-04-20T16:18:54
2572,620,2026-04-04T03:51:23
2573,483,2026-03-29T22:15:15
2574,343,2026-04-05T17:26:24
2575,198,2026-03-14T11:41:42
2576,100,2026-03-26T06:47:19
2577,190,2026-03-19T11:18:07
2578,107,2026-04-15T11:48:26
2579,131,2026-04-06T01:10:28
2580,482,2026-03-24T06:43:56
2581,93,2026-04-19T12:06:04
2582,34,2026-03-28T02:58:48
2583,380,2026-04-27T10:05:17
2584,201,2026-04-06T09:53:08
2585,319,2026-04-23T13:45:07
2586,98,2026-04-29T06:07:26
2587,147,2026-03-20T01:46:38
2588,309,2026-03-16T07:20:40
2589,484,2026-04-20T05:58:45
2590,291,2026-03-14T10:57:09
2591,380,2026-04-15T05:55:36
2592,366,2026-03-11T04:39:03
2593,189,2026-04-22T14:53:25
2594,196,2026-04-11T07:26:57
2595,299,2026-04-01T11:03:36
2596,23,2026-03-27T09:51:47
2597,480,2026-04-08T05:02:03
2598,431,2026-03-24T12:38:53
2599,215,2026-03-24T01:32:22
2600,262,2026-03-13T17:22:46
2601,231,2026-03-10T08:44:21
2602,456,2026-04-23T16:16:40
2603,532,2026-04-14T17:55:32
2604,77,2026-03-27T08:51:45
2605,290,2026-04-19T17:55:56
2606,10,2026-04-06T05:50:31
2607,317,2026-04-05T13:49:01
2608,174,2026-03-07T02:55:15
2609,236,2026-04-02T04:55:20
2610,320,2026-03-07T04:47:05
2611,227,2026-04-11T06:47:29
2612,276,2026-03-05T00:11:35
2613,536,2026-03-31T11:10:30
2614,568,2026-03-23T14:23:13
2615,5,2026-03-08T02:21:22
2616,265,2026-03-29T10:19:49
2617,593,2026-03-12T23:17:08
2618,372,2026-03-15T16:15:32
2619,144,2026-04-23T17:34:47
2620,416,2026-03-21T17:47:59
2621,102,2026-03-25T08:48:30
2622,16,2026-03-01T14:07:23
2623,443,2026-03-19T00:32:38
2624,361,2026-03-22T11:28:25
2625,530,2026-04-13T09:47:47
2626,242,2026-03-07T21:51:16
2627,598,2026-04-25T06:19:18
2628,295,2026-03-08T06:47:17
2629,517,2026-04-09T08:35:47
2630,71,2026-03-01T20:16:28
2631,69,2026-04-19T11:33:44
2632,548,2026-04-11T14:02:03
2633,584,2026-04-20T05:03:45
2634,660,2026-04-25T13:24:50
2635,228,2026-04-20T08:57:07
2636,16,2026-04-07T15:35:05
2637,686,2026-04-20T06:40:33
2638,421,2026-03-06T08:51:54
2639,173,2026-04-08T15:26:50
2640,535,2026-04-29T17:31:23
2641,633,2026-03-23T05:16:55
2642,200,2026-04-28T09:15:27
2643,539,2026-03-31T09:55:39
2644,552,2026-03-28T23:41:57
2645,352,2026-03-19T09:07:10
2646,443,2026-03-07T01:24:44
2647,189,2026-04-22T17:46:25
2648,651,2026-04-13T14:49:16
2649,689,2026-03-25T09:39:24
2650,687,2026-04-27T00:01:18
2651,516,2026-03-12T16:22:36
2652,30,2026-04-16T16:25:08
2653,257,2026-03-28T10:10:35
2654,312,2026-04-07T14:25:38
2655,672,2026-03-02T22:22:48
2656,383,2026-04-06T00:35:39
2657,376,2026-04-10T09:18:41
2658,103,2026-04-28T16:21:53
2659,556,2026-03-21T09:52:35
2660,236,2026-03-05T03:24:17
2661,65,2026-03-04T18:11:45
2662,692,2026-03-09T08:44:04
2663,134,2026-03-18T07:15:23
2664,12,2026-04-19T02:10:13
2665,55,2026-03-12T16:45:49
2666,317,2026-03-09T15:14:57
2667,73,2026-03-02T09:00:19
2668,590,2026-03-23T13:06:59
2669,359,2026-04-06T12:44:57
2670,227,2026-03-17T09:15:21
2671,3,2026-03-30T00:23:12
2672,336,2026-03-15T05:30:29
2673,106,2026-04-18T09:16:51
2674,685,2026-03-02T16:11:50
2675,204,2026-03-13T05:04:44
2676,333,2026-04-03T02:04:28
2677,14,2026-04-20T15:54:25
2678,92,2026-03-25T15:59:57
2679,146,2026-03-05T12:38:33
2680,37,2026-04-03T05:27:50
2681,509,2026-03-17T03:48:49
2682,662,2026-03-19T16:49:44
2683,690,2026-04-25T05:26:52
2684,187,2026-04-26T09:44:37
2685,553,2026-03-16T09:05:26
2686,353,2026-04-05T10:09:12
2687,33,2026-04-02T06:50:03
2688,64,2026-04-27T14:30:10
2689,384,2026-04-26T15:48:58
2690,297,2026-03-22T12:34:51
2691,6,2026-03-02T16:07:28
2692,652,2026-03-01T05:09:14
2693,512,2026-03-01T07:31:06
2694,352,2026-04-16T12:06:14
2695,691,2026-04-14T01:50:14
2696,680,2026-04-19T14:15:50
2697,682,2026-03-09T12:41:43
2698,182,2026-03-04T02:15:02
2699,617,2026-03-11T03:46:00
2700,354,2026-04-07T09:16:43
2701,509,2026-03-01T04:31:08
2702,602,2026-04-09T10:15:36
2703,115,2026-04-23T08:52:26
2704,314,2026-03-09T03:32:02
2705,91,2026-04-14T09:31:39
2706,196,2026-04-03T05:17:10
2707,290,2026-04-26T13:10:13
2708,599,2026-03-15T17:46:17
2709,604,2026-03-14T10:03:56
2710,273,2026-03-01T00:03:13
2711,231,2026-04-12T07:39:15
2712,372,2026-04-22T11:37:10
2713,639,2026-03-02T07:19:53
2714,684,2026-03-30T02:46:51
2715,159,2026-04-13T04:03:57
2716,131,2026-04-16T02:26:55
2717,495,2026-04-25T12:54:30
2718,211,2026-04-13T14:19:10
2719,140,2026-04-24T23:47:25
2720,22,2026-04-29T02:18:34
2721,283,2026-04-25T07:13:47
2722,275,2026-03-27T02:19:25
2723,395,2026-03-25T16:17:02
2724,141,2026-03-26T14:07:22
2725,501,2026-04-27T01:54:33
2726,477,2026-03-17T08:34:57
2727,324,2026-04-15T03:57:36
2728,127,2026-04-07T10:37:02
2729,355,2026-03-04T13:53:31
2730,473,2026-03-30T08:23:58
2731,261,2026-03-12T11:11:23
2732,185,2026-04-13T17:57:19
2733,355,2026-03-27T20:49:00
2734,249,2026-03-22T15:54:34
2735,281,2026-03-04T03:55:16
2736,245,2026-03-08T02:17:55
2737,213,2026-04-15T02:32:15
2738,502,2026-04-21T09:43:38
2739,323,2026-03-18T01:52:38
2740,327,2026-04-19T02:06:46
2741,458,2026-04-03T03:55:23
2742,253,2026-03-22T18:45:05
2743,71,2026-03-28T14:28:10
2744,597,2026-04-11T04:44:34
2745,39,2026-04-24T14:16:17
2746,401,2026-03-30T09:21:18
2747,187,2026-03-21T16:11:06
2748,150,2026-04-15T00:23:25
2749,30,2026-04-01T14:18:34
2750,631,2026-03-24T10:35:14
2751,301,2026-03-28T06:26:44
2752,240,2026-04-02T04:16:36
2753,519,2026-03-09T16:23:22
2754,28,2026-03-04T14:34:32
2755,396,2026-04-09T16:47:47
2756,347,2026-03-11T04:53:07
2757,388,2026-04-01T02:15:18
2758,87,2026-04-16T11:26:43
2759,667,2026-03-13T11:42:43
2760,167,2026-03-23T12:12:17
2761,475,2026-04-28T06:44:36
2762,523,2026-03-03T02:33:35
2763,241,2026-04-15T14:08:34
2764,92,2026-03-11T13:39:52
2765,208,2026-04-24T08:09:14
2766,565,2026-03-24T23:31:23
2767,635,2026-03-01T01:18:25
2768,656,2026-04-13T08:01:38
2769,159,2026-03-09T02:40:41
2770,425,2026-03-22T11:40:51
2771,106,2026-03-31T05:16:09
2772,498,2026-04-14T02:02:37
2773,292,2026-03-26T09:52:10
2774,500,2026-04-21T01:25:58
2775,480,2026-03-29T08:51:00
2776,695,2026-03-21T03:24:04
2777,343,2026-03-21T16:44:53
2778,240,2026-04-18T08:50:21
2779,369,2026-04-09T17:40:20
2780,114,2026-03-08T06:51:42
2781,79,2026-04-15T13:03:08
2782,364,2026-03-25T09:46:29
2783,578,2026-03-21T06:43:19
2784,374,2026-03-06T07:49:15
2785,548,2026-04-29T13:38:11
2786,125,2026-03-04T07:13:20
2787,315,2026-04-29T14:36:29
2788,430,2026-03-04T06:42:43
2789,244,2026-03-31T15:59:11
2790,10,2026-03-07T06:44:47
2791,52,2026-03-30T10:50:11
2792,650,2026-04-20T13:46:38
2793,424,2026-04-05T18:06:22
2794,186,2026-04-02T11:47:53
2795,182,2026-03-08T01:42:41
2796,28,2026-04-26T15:09:31
2797,662,2026-03-23T15:11:03
2798,76,2026-04-02T05:15:49
2799,532,2026-04-23T16:35:59
2800,169,2026-04-07T01:47:06
2801,235,2026-04-14T13:52:32
2802,192,2026-03-12T04:08:59
2803,578,2026-03-28T07:58:36
2804,23,2026-04-02T03:07:52
2805,247,2026-03-11T13:35:48
2806,196,2026-03-24T05:58:53
2807,192,2026-04-19T07:24:17
2808,136,2026-04-25T04:58:52
2809,639,2026-04-19T07:37:09
2810,266,2026-04-26T13:20:50
2811,293,2026-04-29T12:52:33
2812,270,2026-03-12T15:00:05
2813,687,2026-04-21T02:45:41
2814,238,2026-04-07T17:23:54
2815,240,2026-04-21T07:42:52
2816,230,2026-04-08T08:01:10
2817,229,2026-03-08T10:54:50
2818,63,2026-04-03T01:08:52
2819,423,2026-04-15T07:36:58
2820,18,2026-03-08T08:13:33
2821,159,2026-03-30T22:55:54
2822,142,2026-04-09T02:50:16
2823,205,2026-03-28T17:50:31
2824,530,2026-04-17T13:22:18
2825,420,2026-03-08T04:10:21
2826,694,2026-03-21T00:00:16
2827,246,2026-04-27T14:12:39
2828,650,2026-03-31T10:38:43
2829,32,2026-03-11T17:20:48
2830,353,2026-03-07T09:04:44
2831,560,2026-04-05T08:59:07
2832,373,2026-04-25T09:53:25
2833,654,2026-03-03T03:26:37
2834,221,2026-03-07T00:14:25
2835,24,2026-03-23T11:26:10
2836,542,2026-03-13T14:14:12
2837,48,2026-03-08T13:04:32
2838,536,2026-03-18T15:23:23
2839,514,2026-04-08T04:09:42
2840,591,2026-04-19T04:06:39
2841,336,2026-03-19T06:59:15
2842,627,2026-04-12T16:01:37
2843,119,2026-04-19T03:49:34
2844,305,2026-02-28T22:54:07
2845,86,2026-04-21T06:25:49
2846,537,2026-03-12T11:51:43
2847,500,2026-04-11T01:30:53
2848,565,2026-04-15T04:54:59
2849,536,2026-04-20T08:49:17
2850,216,2026-03-25T04:40:48
2851,48,2026-04-09T14:34:57
2852,651,2026-03-02T13:00:00
2853,345,2026-03-27T05:16:38
2854,67,2026-04-27T08:58:49
2855,649,2026-03-10T17:55:07
2856,696,2026-03-10T16:42:01
2857,312,2026-04-12T18:29:18
2858,540,2026-03-31T06:24:08
2859,26,2026-03-28T00:25:11
2860,66,2026-03-15T15:43:14
2861,194,2026-03-11T05:15:14
2862,460,2026-04-14T06:34:29
2863,94,2026-03-22T05:37:55
2864,24,2026-04-16T11:40:50
2865,469,2026-03-27T08:09:06
2866,540,2026-03-24T09:49:48
2867,518,2026-03-14T13:26:45
2868,560,2026-04-09T10:56:22
2869,562,2026-03-18T04:26:24
2870,422,2026-04-24T14:47:28
2871,364,2026-03-25T05:06:53
2872,600,2026-04-18T16:53:10
2873,244,2026-03-29T13:01:30
2874,69,2026-03-25T17:34:57
2875,527,2026-03-28T10:44:40
2876,194,2026-03-27T03:20:16
2877,686,2026-03-29T11:57:49
2878,290,2026-04-23T16:40:12
2879,597,2026-04-12T03:54:14
2880,30,2026-03-03T14:33:59
2881,462,2026-03-04T11:42:46
2882,314,2026-03-02T02:03:12
2883,324,2026-04-11T08:03:46
2884,186,2026-03-13T09:34:10
2885,680,2026-03-24T10:22:18
2886,275,2026-04-19T01:25:58
2887,596,2026-03-08T02:36:21
2888,298,2026-03-10T05:22:04
2889,34,2026-03-05T06:59:59
2890,616,2026-03-18T15:43:01
2891,130,2026-03-06T17:36:58
2892,190,2026-04-07T07:53:27
2893,603,2026-04-14T01:01:16
2894,626,2026-03-12T00:11:17
2895,642,2026-04-01T03:49:07
2896,299,2026-03-19T13:47:52
2897,530,2026-03-05T07:35:58
2898,230,2026-03-29T10:10:44
2899,519,2026-04-11T14:17:13
2900,352,2026-03-14T14:34:32
2901,37,2026-04-17T10:05:42
2902,293,2026-04-29T11:50:00
2903,328,2026-03-04T15:19:37
2904,181,2026-03-10T04:54:15
2905,263,2026-03-18T11:32:44
2906,352,2026-04-20T10:18:53
2907,35,2026-03-09T04:02:21
2908,107,2026-03-29T07:49:14
2909,537,2026-04-02T13:39:24
2910,247,2026-03-08T16:52:01
2911,426,2026-03-03T08:13:15
2912,397,2026-03-08T13:10:13
2913,386,2026-03-04T04:14:01
2914,290,2026-03-31T15:23:45
2915,339,2026-04-26T03:22:27
2916,577,2026-03-22T04:46:51
2917,676,2026-03-16T06:57:17
2918,180,2026-03-15T16:00:17
2919,469,2026-04-28T05:32:25
2920,679,2026-04-27T07:37:13
2921,6,2026-04-08T14:14:45
2922,550,2026-03-28T04:24:50
2923,348,2026-03-10T04:43:40
2924,678,2026-04-25T10:31:11
2925,405,2026-03-01T07:03:46
2926,587,2026-03-10T04:25:21
2927,117,2026-04-10T03:19:59
2928,100,2026-03-12T05:11:22
2929,649,2026-03-07T10:06:36
2930,369,2026-04-05T12:20:23
2931,391,2026-03-02T09:51:52
2932,119,2026-03-17T03:51:04
2933,159,2026-04-07T21:09:58
2934,573,2026-03-12T15:36:50
2935,213,2026-04-14T21:44:02
2936,409,2026-03-06T14:28:12
2937,222,2026-04-06T03:02:19
2938,185,2026-03-05T22:42:22
2939,117,2026-04-13T03:09:35
2940,651,2026-04-15T14:11:38
2941,659,2026-04-17T15:17:10
2942,81,2026-03-17T03:05:48
2943,248,2026-03-15T18:56:00
2944,395,2026-04-28T15:32:35
2945,269,2026-04-13T07:48:44
2946,505,2026-03-11T13:00:21
2947,183,2026-03-02T09:11:24
2948,42,2026-03-22T10:08:00
2949,236,2026-04-09T00:04:08
2950,419,2026-03-23T03:43:29
2951,127,2026-04-18T07:09:07
2952,572,2026-03-31T09:54:33
2953,9,2026-04-29T12:44:54
2954,48,2026-04-22T10:17:21
2955,357,2026-03-29T03:16:42
2956,359,2026-04-20T10:22:37
2957,207,2026-03-27T16:32:44
2958,181,2026-03-01T04:40:47
2959,49,2026-03-19T18:26:42
2960,465,2026-03-25T15:48:02
2961,266,2026-04-28T09:46:48
2962,84,2026-04-19T00:15:48
2963,280,2026-03-09T08:23:23
2964,656,2026-03-01T10:49:35
2965,183,2026-04-01T07:43:49
2966,627,2026-04-02T17:58:19
2967,182,2026-04-14T05:05:10
2968,131,2026-03-16T02:05:41
2969,183,2026-04-18T07:30:19
2970,227,2026-03-25T11:13:42
2971,85,2026-03-21T06:44:24
2972,412,2026-03-26T07:43:45
2973,234,2026-04-26T12:26:10
2974,503,2026-03-24T14:02:24
2975,344,2026-04-03T11:21:32
2976,310,2026-04-23T15:17:34
2977,330,2026-03-02T15:23:50
2978,110,2026-04-02T03:50:28
2979,500,2026-04-12T05:44:59
2980,73,2026-04-24T08:40:21
2981,506,2026-03-04T10:00:49
2982,700,2026-04-12T22:38:07
2983,535,2026-04-18T17:31:28
2984,319,2026-03-22T16:36:55
2985,221,2026-04-14T02:24:56
2986,611,2026-03-30T00:30:07
2987,181,2026-04-09T09:20:19
2988,338,2026-03-24T00:46:38
2989,540,2026-03-11T06:24:02
2990,646,2026-04-19T07:51:23
2991,645,2026-03-13T08:55:55
2992,62,2026-03-12T08:47:49
2993,629,2026-04-23T07:31:29
2994,80,2026-04-26T02:28:28
2995,410,2026-04-06T04:31:21
2996,651,2026-04-04T15:46:11
2997,459,2026-03-22T04:51:41
2998,664,2026-04-06T08:45:09
2999,242,2026-04-06T02:42:44
3000,221,2026-04-01T04:27:23
3001,229,2026-04-09T11:15:47
3002,249,2026-04-03T13:20:32
3003,478,2026-04-22T08:59:57
3004,317,2026-04-10T11:24:37
3005,517,2026-03-24T06:28:55
3006,292,2026-04-09T07:29:50
3007,216,2026-03-14T01:21:43
3008,134,2026-03-13T11:08:22
3009,386,2026-04-18T23:13:03
3010,629,2026-04-04T03:13:46
3011,602,2026-03-04T09:11:36
3012,178,2026-03-22T01:06:13
3013,335,2026-04-29T08:56:03
3014,494,2026-04-08T16:04:52
3015,429,2026-04-22T17:07:33
3016,48,2026-04-02T12:33:05
3017,414,2026-03-03T02:55:51
3018,28,2026-03-11T14:41:48
3019,82,2026-03-06T06:07:27
3020,458,2026-04-14T07:36:16
3021,72,2026-04-15T06:35:12
3022,238,2026-03-28T16:43:39
3023,412,2026-04-13T04:17:14
3024,459,2026-04-03T05:24:32
3025,313,2026-04-14T07:57:01
3026,66,2026-04-10T16:47:34
3027,560,2026-03-28T05:15:22
3028,665,2026-04-09T04:44:58
3029,623,2026-03-20T15:51:40
3030,524,2026-04-14T01:42:35
3031,282,2026-04-24T18:37:26
3032,614,2026-03-13T17:45:12
3033,342,2026-04-10T10:32:43
3034,96,2026-03-07T03:13:24
3035,596,2026-03-23T04:29:09
3036,225,2026-04-10T07:34:05
3037,658,2026-03-17T09:45:34
3038,258,2026-03-15T08:46:20
3039,609,2026-03-24T06:07:02
3040,377,2026-03-07T02:05:17
3041,328,2026-04-07T14:09:59
3042,208,2026-03-08T08:14:38
3043,585,2026-03-20T01:16:07
3044,43,2026-03-19T06:29:54
3045,329,2026-04-28T13:42:59
3046,259,2026-04-29T03:24:16
3047,381,2026-03-05T15:27:28
3048,179,2026-03-10T13:54:50
3049,466,2026-04-13T10:45:29
3050,271,2026-03-18T02:45:52
3051,132,2026-04-07T21:45:32
3052,138,2026-04-25T04:02:37
3053,488,2026-03-10T00:44:48
3054,184,2026-04-27T14:27:41
3055,216,2026-03-04T01:37:01
3056,439,2026-03-14T03:45:47
3057,231,2026-03-31T09:03:04
3058,272,2026-04-22T16:40:22
3059,172,2026-04-03T10:52:01
3060,242,2026-03-09T00:32:59
3061,485,2026-03-15T06:39:37
3062,374,2026-04-15T02:05:22
3063,699,2026-04-03T07:45:50
3064,541,2026-03-01T18:54:05
3065,12,2026-03-31T00:21:13
3066,266,2026-03-25T10:24:43
3067,203,2026-03-01T05:31:55
3068,412,2026-03-15T03:08:20
3069,186,2026-04-26T13:05:40
3070,677,2026-04-12T03:05:01
3071,210,2026-03-05T13:09:13
3072,366,2026-02-28T21:47:10
3073,87,2026-03-21T09:37:29
3074,637,2026-03-28T04:36:22
3075,639,2026-03-28T09:04:05
3076,556,2026-04-11T11:15:12
3077,247,2026-03-11T12:56:05
3078,42,2026-03-03T10:31:08
3079,498,2026-04-10T02:04:39
3080,301,2026-04-23T03:56:09
3081,694,2026-03-11T05:33:03
3082,489,2026-03-22T09:29:37
3083,378,2026-04-07T17:35:44
3084,691,2026-03-10T00:23:07
3085,561,2026-04-21T08:41:21
3086,321,2026-03-14T13:18:46
3087,14,2026-04-01T10:21:09
3088,65,2026-03-21T17:10:50
3089,311,2026-04-10T04:11:36
3090,394,2026-03-12T00:54:43
3091,22,2026-03-06T01:12:50
3092,89,2026-03-31T16:10:14
3093,494,2026-04-21T13:28:14
3094,527,2026-04-07T07:03:34
3095,21,2026-04-15T05:24:47
3096,356,2026-03-27T14:08:03
3097,57,2026-03-09T10:15:36
3098,507,2026-03-25T23:10:56
3099,584,2026-04-29T04:51:36
3100,609,2026-04-16T07:25:00
3101,419,2026-04-12T03:00:09
3102,441,2026-03-19T12:54:13
3103,649,2026-04-05T10:59:22
3104,429,2026-04-07T19:08:04
3105,313,2026-04-09T05:05:47
3106,529,2026-04-23T03:08:59
3107,414,2026-04-10T03:16:22
3108,590,2026-03-14T08:26:02
3109,368,2026-03-13T23:47:39
3110,609,2026-04-07T11:54:00
3111,32,2026-04-21T11:51:21
3112,26,2026-04-26T02:55:06
3113,70,2026-04-06T08:03:38
3114,390,2026-04-01T04:57:52
3115,497,2026-04-18T12:39:22
3116,152,2026-04-28T13:07:24
3117,110,2026-03-02T09:59:30
3118,603,2026-03-18T20:42:56
3119,526,2026-03-21T06:45:40
3120,454,2026-04-03T16:38:57
3121,342,2026-03-18T12:47:18
3122,295,2026-03-19T11:01:43
3123,15,2026-03-02T07:33:56
3124,132,2026-02-28T22:40:10
3125,628,2026-03-27T05:51:25
3126,238,2026-04-29T17:41:58
3127,494,2026-03-18T09:14:31
3128,493,2026-03-15T18:39:26
3129,217,2026-03-16T10:14:37
3130,144,2026-04-28T15:12:27
3131,485,2026-04-09T04:37:29
3132,66,2026-04-09T16:19:38
3133,347,2026-03-12T02:19:11
3134,622,2026-04-24T00:33:42
3135,498,2026-03-12T08:11:48
3136,535,2026-04-28T14:08:57
3137,59,2026-04-27T04:26:45
3138,140,2026-04-04T05:09:58
3139,193,2026-04-22T14:44:31
3140,205,2026-04-29T16:41:24
3141,136,2026-04-04T04:56:41
3142,681,2026-04-16T12:09:08
3143,116,2026-04-05T17:44:25
3144,496,2026-04-01T14:01:54
3145,411,2026-03-21T02:37:01
3146,428,2026-04-09T08:11:07
3147,151,2026-03-17T13:43:39
3148,216,2026-03-12T02:04:33
3149,425,2026-03-17T15:02:45
3150,210,2026-03-01T14:16:09
3151,486,2026-04-26T05:21:25
3152,28,2026-03-16T16:45:21
3153,51,2026-04-17T13:11:56
3154,510,2026-03-27T18:47:31
3155,432,2026-03-21T00:29:07
3156,31,2026-03-14T12:04:42
3157,630,2026-04-19T17:57:36
3158,4,2026-03-31T02:34:58
3159,669,2026-03-27T04:51:24
3160,511,2026-04-09T07:05:55
3161,692,2026-04-18T06:27:19
3162,665,2026-04-09T11:11:31
3163,220,2026-03-29T15:30:19
3164,530,2026-04-23T08:47:18
3165,148,2026-04-23T02:50:34
3166,331,2026-04-27T07:58:32
3167,169,2026-03-06T05:15:54
3168,341,2026-04-23T01:16:22
3169,611,2026-03-11T23:46:36
3170,306,2026-04-07T08:46:27
3171,65,2026-04-09T20:19:52
3172,228,2026-03-13T10:20:54
3173,551,2026-03-01T14:11:17
3174,366,2026-04-26T03:47:30
3175,393,2026-04-23T20:06:21
3176,302,2026-03-11T09:34:02
3177,205,2026-04-06T13:23:52
3178,419,2026-03-10T06:32:41
3179,444,2026-04-03T12:55:56
3180,629,2026-03-20T06:48:16
3181,433,2026-04-15T08:54:20
3182,697,2026-04-04T09:41:12
3183,579,2026-03-30T01:25:21
3184,56,2026-04-10T13:58:45
3185,275,2026-03-29T04:33:50
3186,270,2026-03-01T17:21:09
3187,3,2026-04-05T03:51:02
3188,127,2026-04-16T11:57:36
3189,534,2026-03-29T23:28:08
3190,247,2026-03-11T12:49:49
3191,104,2026-03-01T11:29:06
3192,202,2026-03-18T10:29:18
3193,193,2026-04-16T16:31:19
3194,123,2026-03-20T00:30:28
3195,71,2026-04-27T15:53:51
3196,535,2026-03-20T13:54:34
3197,578,2026-03-26T03:47:17
3198,348,2026-04-15T05:35:38
3199,431,2026-04-06T19:06:30
3200,644,2026-03-03T15:20:58
3201,590,2026-03-05T13:08:57
3202,23,2026-03-12T05:02:53
3203,668,2026-04-22T01:37:10
3204,47,2026-03-02T05:17:12
3205,19,2026-03-05T12:04:11
3206,283,2026-04-16T04:13:32
3207,523,2026-04-06T23:03:48
3208,57,2026-04-29T10:07:09
3209,206,2026-03-14T01:29:58
3210,184,2026-04-09T13:40:03
3211,279,2026-03-09T02:47:31
3212,691,2026-04-05T02:23:22
3213,232,2026-03-06T23:44:54
3214,147,2026-04-24T02:05:19
3215,86,2026-03-25T07:07:11
3216,139,2026-03-16T07:19:34
3217,94,2026-04-29T08:38:03
3218,402,2026-03-04T16:08:38
3219,295,2026-04-17T09:00:08
3220,349,2026-03-31T10:35:23
3221,583,2026-04-11T05:24:35
3222,407,2026-03-16T14:25:52
3223,109,2026-04-22T15:25:41
3224,264,2026-03-28T14:56:50
3225,219,2026-03-26T16:06:48
3226,579,2026-03-28T01:36:43
3227,215,2026-03-18T00:45:20
3228,98,2026-03-20T04:45:21
3229,516,2026-03-09T16:05:52
3230,300,2026-03-29T21:20:14
3231,68,2026-03-29T10:57:51
3232,483,2026-03-23T00:45:06
3233,148,2026-04-28T23:55:49
3234,608,2026-03-07T13:44:15
3235,583,2026-04-24T01:04:43
3236,259,2026-04-22T02:59:57
3237,389,2026-03-02T17:50:55
3238,398,2026-04-12T05:39:25
3239,458,2026-03-13T04:00:08
3240,49,2026-03-03T17:54:24
3241,228,2026-04-21T12:53:36
3242,120,2026-03-07T15:52:28
3243,489,2026-03-18T09:17:45
3244,49,2026-03-06T12:55:38
3245,362,2026-03-08T23:00:01
3246,510,2026-03-04T16:34:55
3247,664,2026-04-20T08:46:16
3248,202,2026-03-04T13:13:06
3249,6,2026-04-15T11:58:14
3250,507,2026-03-10T04:35:49
3251,2,2026-04-24T09:09:47
3252,47,2026-04-20T09:55:26
3253,694,2026-04-07T00:07:30
3254,604,2026-04-19T08:58:16
3255,496,2026-03-18T15:58:59
3256,585,2026-04-16T00:56:32
3257,53,2026-03-14T04:19:07
3258,63,2026-04-06T01:26:32
3259,211,2026-04-25T15:45:04
3260,17,2026-04-13T09:48:08
3261,622,2026-03-17T02:12:13
3262,40,2026-04-14T18:29:05
3263,381,2026-04-22T15:23:51
3264,598,2026-04-23T12:41:37
3265,515,2026-04-14T16:46:30
3266,165,2026-04-13T08:25:44
3267,330,2026-04-17T16:53:36
3268,384,2026-04-14T14:18:36
3269,538,2026-03-09T10:45:33
3270,299,2026-04-18T15:26:21
3271,200,2026-03-11T11:06:00
3272,557,2026-04-03T00:18:33
3273,621,2026-03-21T05:50:46
3274,343,2026-03-13T18:25:54
3275,20,2026-03-17T06:47:14
3276,351,2026-03-06T01:40:55
3277,623,2026-03-27T15:24:03
3278,693,2026-03-26T01:12:13
3279,281,2026-03-25T01:43:50
3280,106,2026-03-06T03:40:05
3281,401,2026-04-06T10:18:28
3282,582,2026-03-11T02:04:39
3283,662,2026-04-21T12:23:02
3284,37,2026-03-02T05:00:10
3285,204,2026-03-04T03:46:23
3286,335,2026-03-19T08:13:48
3287,69,2026-03-25T14:23:45
3288,621,2026-04-28T03:12:16
3289,79,2026-04-01T16:54:23
3290,466,2026-03-23T09:49:09
3291,644,2026-04-20T11:56:26
3292,480,2026-03-15T04:45:48
3293,535,2026-04-23T13:07:05
3294,185,2026-03-25T17:39:12
3295,580,2026-03-19T08:27:17
3296,294,2026-03-19T13:42:00
3297,43,2026-03-01T03:41:54
3298,257,2026-04-10T11:39:49
3299,245,2026-04-04T00:37:19
3300,366,2026-04-08T07:49:05
3301,186,2026-04-09T16:52:30
3302,324,2026-03-02T11:32:25
3303,300,2026-04-22T03:00:08
3304,229,2026-03-31T11:01:23
3305,488,2026-04-11T01:02:55
3306,214,2026-03-03T06:51:08
3307,537,2026-04-15T11:27:52
3308,176,2026-04-10T15:28:02
3309,606,2026-03-23T13:16:26
3310,256,2026-04-26T09:55:05
3311,29,2026-04-09T03:14:41
3312,105,2026-04-24T13:53:25
3313,565,2026-04-19T02:40:36
3314,611,2026-03-13T04:23:57
3315,149,2026-04-29T13:39:52
3316,422,2026-04-14T18:55:43
3317,403,2026-03-12T17:03:20
3318,94,2026-04-17T07:03:42
3319,317,2026-03-26T18:10:32
3320,486,2026-04-21T01:39:40
3321,677,2026-03-11T03:31:41
3322,594,2026-03-16T05:40:46
3323,69,2026-03-21T13:24:43
3324,167,2026-03-28T10:50:31
3325,306,2026-04-07T07:28:11
3326,106,2026-03-14T08:28:59
3327,400,2026-04-12T04:28:04
3328,7,2026-03-02T11:14:36
3329,80,2026-03-20T02:58:13
3330,34,2026-04-09T09:02:37
3331,207,2026-03-16T14:01:27
3332,534,2026-03-26T01:28:01
3333,125,2026-04-06T13:41:55
3334,692,2026-03-15T09:27:45
3335,189,2026-04-27T12:47:20
3336,32,2026-04-20T16:21:21
3337,235,2026-04-28T13:13:33
3338,524,2026-03-30T02:38:46
3339,75,2026-03-21T16:14:59
3340,51,2026-04-29T18:31:50
3341,595,2026-04-13T13:38:04
3342,415,2026-04-17T18:06:01
3343,241,2026-03-11T16:13:10
3344,530,2026-04-22T10:02:23
3345,592,2026-04-01T02:12:02
3346,252,2026-04-16T16:53:54
3347,393,2026-04-19T16:00:39
3348,8,2026-03-07T17:44:07
3349,215,2026-03-05T23:10:51
3350,417,2026-03-04T19:27:44
3351,138,2026-04-08T06:00:18
3352,694,2026-04-23T22:29:19
3353,680,2026-03-02T10:55:41
3354,181,2026-03-09T04:06:30
3355,278,2026-03-30T05:18:57
3356,133,2026-03-24T14:15:54
3357,353,2026-03-07T11:42:56
3358,87,2026-04-06T10:49:37
3359,274,2026-04-24T15:16:46
3360,389,2026-03-13T13:07:26
3361,429,2026-03-01T18:53:45
3362,418,2026-03-14T10:06:41
3363,155,2026-03-12T16:51:30
3364,555,2026-03-28T00:33:13
3365,485,2026-03-07T04:46:57
3366,528,2026-03-22T15:50:00
3367,328,2026-03-08T15:41:06
3368,625,2026-04-10T08:22:37
3369,273,2026-03-29T02:19:23
3370,565,2026-03-05T00:38:51
3371,143,2026-03-03T11:30:02
3372,174,2026-03-30T02:54:41
3373,369,2026-04-05T15:45:14
3374,390,2026-03-11T03:53:31
3375,523,2026-03-20T01:23:26
3376,209,2026-04-06T05:28:08
3377,611,2026-03-29T06:52:25
3378,231,2026-03-07T09:17:05
3379,374,2026-03-24T03:49:51
3380,653,2026-03-12T04:34:16
3381,378,2026-04-25T11:25:06
3382,478,2026-04-18T05:55:57
3383,637,2026-03-19T01:15:36
3384,683,2026-03-15T15:40:27
3385,350,2026-03-09T02:21:28
3386,292,2026-04-14T10:57:48
3387,138,2026-04-25T07:32:24
3388,377,2026-03-17T01:34:00
3389,643,2026-04-08T15:18:40
3390,341,2026-03-15T01:01:28
3391,244,2026-04-25T12:59:07
3392,76,2026-03-18T07:26:14
3393,273,2026-03-06T01:39:22
3394,166,2026-04-22T04:54:57
3395,684,2026-04-26T01:21:48
3396,370,2026-03-24T01:02:11
3397,96,2026-04-24T01:46:13
3398,48,2026-03-15T17:37:02
3399,596,2026-03-17T09:38:12
3400,653,2026-04-01T19:22:09
3401,535,2026-04-06T17:54:31
3402,87,2026-03-24T11:24:03
3403,69,2026-04-17T15:02:32
3404,139,2026-04-17T07:34:18
3405,526,2026-03-08T13:46:40
3406,536,2026-04-29T10:24:59
3407,587,2026-03-10T02:27:57
3408,68,2026-04-01T13:55:55
3409,108,2026-03-26T12:35:34
3410,631,2026-03-28T10:18:34
3411,651,2026-03-08T14:21:35
3412,508,2026-03-21T03:45:49
3413,75,2026-03-02T16:44:15
3414,49,2026-04-28T16:05:23
3415,39,2026-03-09T15:46:20
3416,485,2026-03-29T03:19:53
3417,593,2026-03-13T04:08:12
3418,443,2026-03-11T00:09:12
3419,184,2026-03-24T15:52:21
3420,531,2026-04-28T10:13:24
3421,42,2026-03-29T08:30:42
3422,580,2026-04-27T08:33:07
3423,625,2026-04-19T07:29:12
3424,503,2026-03-27T15:20:56
3425,616,2026-04-24T16:01:38
3426,411,2026-03-20T23:02:20
3427,328,2026-03-31T13:28:58
3428,226,2026-04-10T04:51:14
3429,646,2026-04-05T03:50:38
3430,489,2026-04-19T06:40:13
3431,134,2026-03-10T05:16:41
3432,670,2026-03-30T07:57:28
3433,42,2026-04-09T11:22:08
3434,412,2026-03-20T05:48:30
3435,134,2026-04-22T02:08:26
3436,466,2026-03-19T11:33:40
3437,289,2026-03-19T12:13:53
3438,306,2026-03-20T07:27:48
3439,471,2026-04-10T05:46:19
3440,530,2026-03-08T08:56:42
3441,267,2026-03-09T16:04:33
3442,699,2026-04-16T05:25:29
3443,349,2026-03-13T11:04:12
3444,113,2026-03-07T05:32:32
3445,5,2026-03-16T01:59:20
3446,142,2026-03-24T03:20:58
3447,484,2026-03-02T10:22:27
3448,378,2026-04-20T14:16:26
3449,237,2026-03-08T01:50:04
3450,337,2026-03-25T02:50:19
3451,587,2026-03-13T00:48:59
3452,401,2026-03-18T08:14:38
3453,41,2026-03-03T04:12:44
3454,35,2026-04-26T07:08:40
3455,338,2026-04-26T04:11:28
3456,283,2026-03-08T10:43:56
3457,596,2026-03-12T06:32:18
3458,409,2026-04-23T17:50:21
3459,530,2026-03-25T07:39:43
3460,410,2026-03-04T04:55:30
3461,242,2026-03-09T02:03:23
3462,461,2026-03-25T09:40:37
3463,436,2026-04-03T17:07:49
3464,505,2026-04-07T15:20:42
3465,133,2026-03-10T14:27:25
3466,450,2026-03-23T10:30:02
3467,200,2026-03-16T09:12:48
3468,554,2026-04-02T03:11:54
3469,559,2026-03-20T00:08:44
3470,438,2026-03-13T07:12:10
3471,663,2026-04-18T14:41:51
3472,377,2026-04-04T03:53:13
3473,18,2026-03-29T06:20:52
3474,425,2026-03-09T09:50:41
3475,545,2026-03-05T07:48:30
3476,71,2026-04-17T14:16:11
3477,74,2026-04-28T10:11:25
3478,192,2026-04-05T10:22:08
3479,591,2026-03-03T07:06:42
3480,370,2026-03-29T05:57:56
3481,684,2026-03-17T02:48:49
3482,612,2026-03-04T04:23:38
3483,389,2026-03-09T14:30:58
3484,476,2026-03-30T07:19:56
3485,232,2026-03-26T00:00:59
3486,64,2026-04-03T12:12:03
3487,280,2026-04-11T06:02:58
3488,415,2026-03-16T13:24:02
3489,128,2026-03-18T07:25:23
3490,156,2026-04-10T15:21:16
3491,11,2026-03-12T05:41:51
3492,514,2026-03-05T03:44:02
3493,630,2026-04-21T18:33:57
3494,580,2026-03-13T10:20:26
3495,266,2026-03-08T13:20:04
3496,416,2026-04-14T18:27:57
3497,673,2026-04-01T13:44:03
3498,414,2026-03-09T01:19:21
3499,208,2026-04-21T08:42:15
3500,238,2026-03-15T14:19:43
3501,509,2026-04-10T00:32:14
3502,313,2026-04-09T07:15:38
3503,587,2026-04-19T01:05:05
3504,605,2026-04-12T22:29:01
3505,26,2026-04-12T02:42:04
3506,507,2026-03-04T01:25:13
3507,259,2026-04-26T02:46:29
3508,364,2026-03-08T08:03:37
3509,186,2026-03-16T16:02:36
3510,258,2026-03-27T05:55:05
3511,232,2026-03-18T02:33:22
3512,36,2026-04-05T01:20:27
3513,548,2026-03-04T19:38:23
3514,101,2026-03-28T06:45:40
3515,264,2026-03-21T12:52:29
3516,136,2026-04-08T07:54:20
3517,113,2026-04-01T10:21:13
3518,262,2026-04-15T17:00:18
3519,644,2026-03-10T11:24:49
3520,661,2026-04-26T16:07:43
3521,268,2026-03-24T11:30:25
3522,354,2026-03-21T13:11:25
3523,690,2026-04-02T08:40:17
3524,165,2026-03-10T07:53:31
3525,662,2026-04-18T16:12:52
3526,75,2026-03-16T15:32:11
3527,159,2026-04-25T01:57:35
3528,237,2026-03-09T07:18:47
3529,26,2026-04-21T02:47:04
3530,572,2026-03-24T05:02:35
3531,599,2026-04-06T14:38:35
3532,269,2026-04-22T07:02:58
3533,586,2026-03-08T06:04:23
3534,541,2026-03-21T14:34:45
3535,561,2026-04-26T09:52:04
3536,562,2026-03-09T04:42:35
3537,402,2026-03-07T18:24:15
3538,78,2026-04-01T15:23:36
3539,647,2026-03-02T02:28:36
3540,427,2026-04-29T06:17:19
3541,631,2026-04-24T12:00:50
3542,672,2026-03-11T23:48:26
3543,132,2026-03-11T01:31:15
3544,282,2026-04-16T21:51:40
3545,135,2026-04-01T19:34:31
3546,36,2026-04-19T05:23:30
3547,677,2026-04-28T00:03:08
3548,647,2026-03-25T06:44:57
3549,653,2026-03-16T00:36:21
3550,619,2026-04-07T07:52:33
3551,455,2026-04-08T11:14:09
3552,366,2026-03-26T02:22:00
3553,695,2026-03-18T02:14:43
3554,387,2026-03-16T12:09:07
3555,450,2026-04-01T09:53:41
3556,149,2026-03-26T07:22:02
3557,523,2026-03-28T07:00:19
3558,574,2026-03-06T05:03:54
3559,475,2026-04-22T01:20:33
3560,350,2026-04-12T02:02:18
3561,139,2026-04-25T08:53:06
3562,24,2026-04-19T12:49:50
3563,440,2026-04-07T04:54:34
3564,479,2026-03-19T08:51:26
3565,541,2026-04-09T13:02:46
3566,666,2026-04-03T11:38:55
3567,349,2026-04-25T10:51:40
3568,581,2026-03-14T09:51:28
3569,502,2026-03-02T11:27:37
3570,195,2026-03-08T07:56:51
3571,592,2026-03-11T05:10:17
3572,38,2026-04-09T05:41:40
3573,420,2026-03-09T06:16:31
3574,659,2026-03-09T15:54:15
3575,462,2026-03-24T15:53:13
3576,656,2026-04-16T08:55:34
3577,40,2026-03-26T16:03:10
3578,373,2026-03-17T04:16:16
3579,547,2026-03-18T03:23:22
3580,450,2026-04-19T10:56:11
3581,617,2026-03-26T03:39:19
3582,324,2026-03-23T09:59:19
3583,478,2026-04-16T03:52:02
3584,294,2026-03-23T07:16:17
3585,611,2026-03-21T22:11:39
3586,84,2026-04-15T01:37:29
3587,178,2026-03-20T04:47:22
3588,68,2026-03-31T12:13:38
3589,492,2026-04-09T05:40:11
3590,163,2026-03-13T09:23:58
3591,222,2026-03-08T01:46:04
3592,586,2026-04-21T01:37:28
3593,253,2026-03-18T18:41:47
3594,103,2026-03-21T18:02:45
3595,15,2026-04-05T06:50:27
3596,159,2026-03-07T04:38:29
3597,641,2026-03-03T09:12:52
3598,385,2026-03-25T02:29:26
3599,697,2026-04-28T07:16:02
3600,151,2026-04-04T13:07:24
3601,247,2026-04-04T13:28:02
3602,115,2026-04-06T05:41:52
3603,279,2026-04-21T04:47:13
3604,395,2026-04-20T16:56:08
3605,566,2026-03-02T08:37:37
3606,258,2026-04-02T11:00:17
3607,541,2026-04-02T15:23:44
3608,439,2026-03-14T01:26:43
3609,205,2026-04-28T10:58:31
3610,639,2026-03-16T11:07:17
3611,304,2026-04-20T10:53:16
3612,106,2026-03-07T10:12:00
3613,674,2026-04-06T10:40:53
3614,640,2026-04-14T12:29:13
3615,35,2026-03-31T08:58:28
3616,632,2026-03-07T00:17:01
3617,664,2026-03-08T09:28:30
3618,581,2026-04-06T06:38:17
3619,179,2026-04-21T14:11:30
3620,442,2026-04-05T18:15:19
3621,377,2026-03-07T04:45:46
3622,435,2026-04-17T15:46:57
3623,432,2026-03-27T20:40:38
3624,448,2026-03-05T00:11:48
3625,360,2026-03-23T04:12:27
3626,484,2026-03-13T08:54:07
3627,369,2026-04-29T15:54:21
3628,12,2026-04-24T02:24:07
3629,25,2026-03-07T01:33:02
3630,671,2026-04-04T13:03:59
3631,637,2026-03-01T02:39:28
3632,410,2026-03-28T01:05:40
3633,123,2026-03-10T05:05:25
3634,548,2026-04-14T15:31:37
3635,101,2026-03-05T02:50:17
3636,265,2026-04-24T11:54:35
3637,231,2026-03-14T04:25:31
3638,9,2026-03-16T17:30:08
3639,565,2026-04-23T00:32:32
3640,357,2026-04-24T02:27:15
3641,222,2026-03-06T03:43:33
3642,356,2026-03-07T17:46:25
3643,1,2026-04-21T04:27:19
3644,306,2026-04-28T05:13:26
3645,364,2026-03-30T09:50:04
3646,238,2026-03-10T14:40:58
3647,582,2026-03-10T00:24:34
3648,175,2026-03-16T14:13:02
3649,97,2026-04-11T10:24:08
3650,370,2026-03-05T22:50:00
3651,622,2026-04-08T04:19:15
3652,263,2026-04-18T12:52:54
3653,33,2026-03-09T07:14:43
3654,679,2026-04-29T04:11:52
3655,312,2026-04-29T14:03:28
3656,122,2026-03-18T10:08:17
3657,431,2026-03-07T16:15:22
3658,224,2026-03-20T05:43:19
3659,657,2026-03-16T01:31:52
3660,206,2026-03-17T00:39:35
3661,386,2026-04-25T01:05:49
3662,381,2026-03-10T15:37:12
3663,170,2026-03-20T14:38:54
3664,350,2026-04-17T02:30:52
3665,77,2026-03-04T11:38:35
3666,451,2026-03-04T12:07:16
3667,531,2026-03-19T11:29:35
3668,666,2026-04-28T09:43:03
3669,229,2026-04-20T12:08:11
3670,200,2026-04-25T07:09:31
3671,385,2026-04-20T20:44:58
3672,485,2026-03-08T11:32:44
3673,695,2026-03-25T02:13:14
3674,18,2026-04-01T09:20:57
3675,167,2026-03-10T07:52:29
3676,184,2026-04-29T12:19:37
3677,179,2026-04-06T12:21:48
3678,325,2026-04-21T04:49:06
3679,612,2026-03-16T01:12:11
3680,22,2026-04-12T01:27:39
3681,572,2026-03-07T07:18:25
3682,433,2026-03-02T08:29:05
3683,431,2026-04-08T18:15:08
3684,475,2026-03-05T02:53:11
3685,81,2026-03-17T03:08:29
3686,523,2026-04-17T01:33:17
3687,174,2026-03-30T01:38:54
3688,362,2026-03-23T01:48:03
3689,474,2026-03-18T14:05:25
3690,423,2026-04-10T02:51:21
3691,227,2026-04-27T08:14:07
3692,278,2026-04-14T08:41:46
3693,334,2026-03-22T07:03:45
3694,29,2026-03-26T05:08:03
3695,509,2026-03-07T04:31:32
3696,70,2026-03-09T09:07:29
3697,322,2026-03-16T21:26:03
3698,459,2026-03-24T10:26:13
3699,57,2026-04-29T15:28:22
3700,697,2026-04-22T06:03:33
3701,265,2026-03-07T07:43:27
3702,12,2026-03-20T00:18:29
3703,462,2026-03-04T15:42:43
3704,391,2026-03-04T06:12:09
3705,449,2026-03-23T16:12:04
3706,526,2026-04-27T07:02:51
3707,333,2026-03-12T06:51:13
3708,579,2026-04-10T04:23:30
3709,260,2026-03-24T01:08:03
3710,382,2026-04-01T19:14:59
3711,111,2026-04-22T14:08:42
3712,434,2026-04-19T19:06:59
3713,184,2026-04-19T17:04:57
3714,488,2026-03-25T01:43:15
3715,561,2026-03-03T08:34:24
3716,602,2026-04-29T09:54:52
3717,651,2026-04-29T11:58:31
3718,86,2026-04-21T03:37:43
3719,97,2026-03-29T05:32:27
3720,649,2026-03-17T17:55:25
3721,267,2026-03-11T15:56:24
3722,19,2026-03-23T16:09:48
3723,201,2026-03-21T11:35:29
3724,586,2026-03-16T20:46:25
3725,249,2026-04-27T17:52:30
3726,54,2026-04-09T14:24:29
3727,506,2026-03-14T12:38:12
3728,137,2026-04-08T15:29:22
3729,247,2026-04-12T13:37:37
3730,3,2026-04-01T00:39:50
3731,422,2026-04-26T15:35:24
3732,312,2026-04-27T13:47:54
3733,607,2026-03-26T02:04:59
3734,235,2026-03-29T09:03:09
3735,144,2026-03-14T13:50:12
3736,117,2026-04-17T01:23:35
3737,141,2026-04-25T10:23:16
3738,316,2026-04-09T03:45:07
3739,62,2026-03-13T09:32:47
3740,282,2026-04-01T15:32:53
3741,599,2026-04-17T14:56:14
3742,538,2026-03-03T03:20:13
3743,447,2026-04-05T09:15:49
3744,626,2026-04-08T23:02:02
3745,547,2026-04-02T02:56:00
3746,457,2026-04-08T07:00:44
3747,605,2026-04-23T04:24:11
3748,88,2026-03-08T14:25:39
3749,573,2026-04-04T12:55:24
3750,207,2026-04-17T15:29:24
3751,514,2026-04-19T06:00:56
3752,640,2026-03-29T07:13:37
3753,348,2026-04-29T06:30:15
3754,63,2026-03-20T01:47:46
3755,260,2026-03-27T03:03:08
3756,285,2026-04-19T03:43:10
3757,656,2026-03-27T09:10:23
3758,660,2026-03-21T05:11:18
3759,398,2026-04-03T02:08:58
3760,666,2026-04-07T07:11:29
3761,306,2026-04-28T06:36:24
3762,288,2026-04-07T05:51:37
3763,586,2026-03-12T02:04:26
3764,468,2026-03-04T10:55:36
3765,366,2026-04-28T04:13:24
3766,320,2026-03-26T00:59:29
3767,494,2026-03-13T18:48:54
3768,528,2026-03-14T15:41:39
3769,344,2026-03-07T16:29:05
3770,23,2026-03-12T05:55:01
3771,72,2026-04-16T06:28:26
3772,101,2026-04-09T09:08:19
3773,324,2026-04-05T09:19:32
3774,430,2026-03-01T02:09:34
3775,563,2026-04-10T17:15:51
3776,163,2026-04-28T08:02:18
3777,551,2026-04-25T10:28:40
3778,467,2026-03-24T12:32:56
3779,37,2026-04-06T13:30:12
3780,246,2026-03-18T16:13:57
3781,212,2026-04-23T09:15:56
3782,621,2026-04-25T01:34:22
3783,645,2026-03-14T12:19:47
3784,574,2026-03-30T10:00:13
3785,370,2026-03-14T22:43:01
3786,345,2026-04-06T08:31:13
3787,219,2026-03-18T15:11:07
3788,542,2026-04-11T09:53:26
3789,61,2026-04-28T07:15:15
3790,190,2026-04-22T10:43:57
3791,95,2026-03-11T13:02:30
3792,346,2026-03-08T08:22:14
3793,210,2026-04-18T19:14:17
3794,139,2026-03-05T04:04:19
3795,264,2026-03-25T16:25:05
3796,603,2026-04-28T22:14:33
3797,391,2026-03-27T07:15:01
3798,577,2026-03-01T06:30:34
3799,640,2026-04-28T12:52:43
3800,632,2026-04-12T04:15:39
3801,246,2026-03-20T12:09:00
3802,615,2026-04-06T17:46:43
3803,637,2026-04-05T23:24:29
3804,672,2026-04-02T22:56:47
3805,246,2026-04-27T13:42:25
3806,160,2026-04-17T05:10:29
3807,409,2026-03-16T20:46:26
3808,653,2026-04-29T05:00:04
3809,631,2026-04-27T09:27:26
3810,400,2026-03-03T02:05:40
3811,105,2026-03-18T18:46:49
3812,296,2026-04-06T12:48:35
3813,500,2026-04-22T02:56:22
3814,393,2026-04-13T15:03:12
3815,242,2026-04-04T02:50:48
3816,240,2026-03-19T07:44:51
3817,42,2026-03-06T07:51:16
3818,202,2026-04-23T08:24:44
3819,469,2026-04-01T06:39:50
3820,169,2026-03-28T02:25:25
3821,696,2026-04-28T16:40:34
3822,58,2026-03-10T07:43:58
3823,413,2026-03-16T09:17:37
3824,348,2026-04-21T06:19:40
3825,584,2026-03-18T04:59:54
3826,622,2026-04-26T02:48:55
3827,381,2026-04-21T13:03:46
3828,442,2026-03-06T16:05:43
3829,490,2026-03-28T14:47:12
3830,365,2026-04-15T07:43:42
3831,130,2026-03-30T14:12:21
3832,301,2026-03-13T01:54:13
3833,170,2026-03-03T15:01:59
3834,326,2026-03-01T00:09:25
3835,431,2026-03-11T17:33:38
3836,147,2026-03-16T02:33:38
3837,175,2026-03-19T14:12:36
3838,577,2026-04-21T04:38:49
3839,265,2026-03-31T05:50:49
3840,139,2026-03-09T05:07:54
3841,500,2026-03-05T04:47:53
3842,502,2026-03-08T13:32:04
3843,579,2026-03-18T23:54:24
3844,532,2026-04-14T15:15:42
3845,695,2026-03-02T22:41:50
3846,403,2026-03-25T16:45:15
3847,201,2026-03-27T14:21:49
3848,605,2026-03-09T04:34:42
3849,186,2026-03-04T09:44:31
3850,204,2026-03-13T23:24:19
3851,580,2026-03-10T06:39:35
3852,618,2026-04-17T01:44:34
3853,238,2026-04-25T15:14:17
3854,511,2026-04-07T06:43:31
3855,646,2026-04-15T02:35:33
3856,560,2026-04-15T10:12:52
3857,4,2026-04-21T22:50:10
3858,466,2026-03-06T13:01:39
3859,119,2026-04-29T03:36:04
3860,593,2026-03-28T00:14:14
3861,47,2026-04-02T04:42:50
3862,696,2026-04-17T15:52:37
3863,125,2026-03-30T11:39:13
3864,295,2026-03-16T08:23:38
3865,164,2026-03-02T12:38:57
3866,570,2026-03-11T14:12:21
3867,276,2026-03-06T04:05:44
3868,522,2026-03-23T03:22:15
3869,48,2026-04-16T16:36:22
3870,318,2026-03-21T04:22:54
3871,638,2026-04-05T13:06:07
3872,649,2026-03-12T12:27:09
3873,147,2026-04-05T03:52:03
3874,277,2026-04-26T23:27:08
3875,287,2026-03-19T12:27:46
3876,396,2026-03-29T15:17:35
3877,377,2026-04-27T00:28:07
3878,75,2026-04-06T14:17:18
3879,534,2026-03-24T00:57:48
3880,159,2026-03-08T01:47:30
3881,221,2026-04-26T05:42:42
3882,589,2026-04-06T03:39:16
3883,483,2026-03-04T03:19:55
3884,278,2026-04-03T04:40:22
3885,639,2026-04-28T07:57:57
3886,276,2026-04-25T02:11:24
3887,396,2026-03-12T14:51:44
3888,173,2026-03-25T12:59:33
3889,129,2026-04-29T08:03:37
3890,345,2026-04-16T04:05:04
3891,395,2026-04-03T15:29:47
3892,565,2026-03-19T04:40:25
3893,274,2026-04-15T16:31:15
3894,627,2026-04-04T13:44:41
3895,426,2026-04-01T04:49:45
3896,50,2026-04-25T10:16:42
3897,518,2026-03-23T17:31:55
3898,403,2026-04-07T15:04:16
3899,273,2026-03-02T22:07:11
3900,328,2026-04-12T13:44:32
3901,212,2026-04-02T11:53:20
3902,430,2026-04-22T07:33:23
3903,397,2026-03-20T13:43:38
3904,314,2026-04-25T06:57:02
3905,200,2026-04-04T10:04:25
3906,280,2026-03-13T06:43:25
3907,349,2026-03-10T09:37:01
3908,331,2026-03-12T08:55:40
3909,217,2026-03-19T09:18:49
3910,408,2026-04-03T03:38:56
3911,159,2026-04-21T22:50:56
3912,351,2026-04-29T06:29:06
3913,86,2026-04-10T07:16:14
3914,331,2026-03-30T08:56:25
3915,549,2026-04-06T10:09:35
3916,573,2026-03-20T13:49:56
3917,487,2026-03-15T13:50:16
3918,522,2026-04-02T12:02:28
3919,47,2026-04-19T06:21:40
3920,239,2026-03-04T12:34:53
3921,458,2026-03-07T06:06:41
3922,561,2026-03-11T07:08:40
3923,408,2026-03-13T05:19:58
3924,598,2026-03-09T07:56:51
3925,192,2026-03-08T06:25:51
3926,108,2026-03-02T15:40:45
3927,61,2026-03-21T09:36:19
3928,408,2026-04-13T04:27:04
3929,466,2026-03-10T14:05:47
3930,200,2026-03-20T11:57:45
3931,549,2026-04-28T10:32:37
3932,518,2026-03-11T17:20:07
3933,253,2026-04-29T13:26:58
3934,168,2026-03-31T11:26:44
3935,520,2026-04-13T04:58:39
3936,470,2026-03-20T07:23:25
3937,120,2026-03-20T17:59:03
3938,179,2026-03-24T12:07:41
3939,341,2026-03-08T04:12:22
3940,358,2026-03-19T10:08:03
3941,117,2026-04-23T01:56:03
3942,665,2026-03-01T06:35:06
3943,273,2026-04-04T02:29:16
3944,267,2026-04-11T14:04:06
3945,43,2026-03-09T06:09:07
3946,614,2026-03-07T11:55:22
3947,165,2026-04-03T03:57:01
3948,691,2026-03-13T22:19:10
3949,348,2026-04-28T06:42:23
3950,613,2026-03-12T18:19:00
3951,126,2026-03-08T15:57:12
3952,117,2026-03-20T02:08:52
3953,561,2026-03-20T10:05:24
3954,574,2026-03-10T09:21:45
3955,381,2026-04-09T13:10:26
3956,23,2026-03-21T00:41:34
3957,661,2026-04-01T18:55:07
3958,276,2026-03-14T23:57:43
3959,656,2026-03-06T08:58:16
3960,610,2026-03-04T01:11:18
3961,597,2026-03-04T09:03:15
3962,483,2026-04-22T02:10:42
3963,472,2026-03-16T04:45:39
3964,373,2026-03-19T05:08:31
3965,18,2026-04-04T08:41:20
3966,272,2026-03-06T17:34:05
3967,512,2026-04-06T06:47:49
3968,569,2026-04-01T12:07:39
3969,392,2026-04-17T07:26:34
3970,497,2026-03-08T12:05:59
3971,16,2026-03-02T16:01:05
3972,328,2026-04-16T13:44:15
3973,356,2026-03-23T13:33:54
3974,625,2026-03-04T08:47:00
3975,218,2026-04-03T04:04:18
3976,161,2026-03-28T00:18:45
3977,247,2026-04-27T15:08:34
3978,120,2026-04-26T16:34:16
3979,391,2026-04-02T09:33:20
3980,450,2026-03-10T10:44:24
3981,561,2026-04-14T08:05:15
3982,681,2026-03-13T09:02:00
3983,52,2026-04-20T10:51:36
3984,174,2026-04-06T03:38:03
3985,211,2026-03-22T15:07:42
3986,175,2026-04-28T08:17:42
3987,580,2026-03-31T07:24:56
3988,98,2026-03-24T03:24:57
3989,21,2026-03-12T11:43:56
3990,603,2026-04-08T05:21:35
3991,674,2026-03-17T09:35:05
3992,159,2026-03-10T02:43:50
3993,233,2026-03-08T09:06:54
3994,353,2026-04-08T11:28:12
3995,369,2026-04-25T15:15:21
3996,694,2026-03-16T00:45:04
3997,283,2026-03-14T05:07:19
3998,9,2026-04-06T18:18:20
3999,296,2026-03-09T11:37:52
4000,390,2026-03-06T03:32:12
4001,362,2026-04-08T02:02:08
4002,359,2026-04-01T12:54:36
4003,646,2026-03-02T03:04:42
4004,566,2026-03-15T06:26:57
4005,177,2026-03-12T08:03:47
4006,249,2026-04-10T18:34:13
4007,468,2026-04-09T19:21:41
4008,288,2026-04-14T07:40:54
4009,300,2026-03-06T00:37:49
4010,118,2026-04-20T05:54:32
4011,179,2026-03-13T12:02:17
4012,519,2026-04-29T12:38:06
4013,591,2026-04-22T01:20:20
4014,550,2026-03-28T06:36:32
4015,216,2026-04-17T05:57:58
4016,96,2026-04-10T02:50:28
4017,112,2026-04-16T00:58:42
4018,276,2026-03-01T21:59:44
4019,363,2026-03-06T05:46:27
4020,626,2026-04-24T03:53:44
4021,630,2026-04-16T16:41:51
4022,2,2026-04-06T05:07:38
4023,496,2026-03-19T13:53:42
4024,210,2026-03-26T16:40:40
4025,139,2026-03-24T05:51:59
4026,389,2026-03-27T15:19:36
4027,24,2026-04-07T15:35:07
4028,234,2026-04-15T13:24:14
4029,387,2026-03-24T14:00:16
4030,191,2026-04-20T03:38:55
4031,416,2026-03-06T11:18:00
4032,323,2026-04-18T04:08:12
4033,560,2026-04-10T12:12:41
4034,128,2026-03-31T08:41:35
4035,40,2026-03-23T15:42:00
4036,371,2026-03-23T05:17:46
4037,180,2026-03-22T13:20:01
4038,495,2026-04-26T11:49:05
4039,66,2026-03-02T16:28:49
4040,403,2026-04-08T22:22:27
4041,693,2026-04-29T00:51:33
4042,66,2026-04-02T22:02:01
4043,212,2026-04-08T07:40:09
4044,592,2026-04-05T07:35:13
4045,374,2026-03-31T02:23:21
4046,123,2026-04-07T02:44:38
4047,150,2026-04-24T03:16:23
4048,536,2026-04-12T13:37:54
4049,603,2026-04-20T03:15:12
4050,253,2026-04-03T15:46:18
4051,332,2026-04-16T09:25:05
4052,548,2026-04-22T17:48:50
4053,124,2026-03-13T07:34:36
4054,145,2026-04-21T06:02:31
4055,543,2026-04-11T01:36:49
4056,131,2026-03-27T03:00:45
4057,540,2026-04-16T06:43:24
4058,348,2026-03-11T06:13:48
4059,694,2026-04-11T04:58:15
4060,24,2026-04-04T18:13:38
4061,663,2026-04-23T19:27:26
4062,158,2026-04-07T01:33:25
4063,25,2026-04-01T03:08:38
4064,507,2026-04-01T00:13:35
4065,373,2026-04-03T06:58:56
4066,587,2026-04-23T04:21:41
4067,76,2026-04-17T05:46:24
4068,57,2026-03-06T14:27:51
4069,398,2026-04-01T01:12:58
4070,618,2026-03-18T08:36:32
4071,285,2026-03-10T01:08:15
4072,559,2026-04-21T04:59:52
4073,635,2026-04-21T00:40:38
4074,609,2026-04-26T05:41:23
4075,357,2026-03-24T04:01:24
4076,489,2026-03-26T07:15:45
4077,368,2026-04-15T22:23:38
4078,472,2026-03-12T04:21:36
4079,397,2026-03-04T17:06:47
4080,368,2026-03-26T03:02:04
4081,306,2026-04-07T04:35:20
4082,457,2026-03-28T09:25:30
4083,526,2026-03-13T10:14:15
4084,644,2026-04-01T18:35:45
4085,430,2026-04-26T06:59:15
4086,71,2026-03-17T16:56:40
4087,412,2026-03-25T06:52:26
4088,222,2026-03-19T08:16:33
4089,19,2026-03-18T10:10:00
4090,51,2026-04-09T13:14:47
4091,414,2026-03-23T01:18:15
4092,662,2026-04-07T16:01:54
4093,354,2026-03-02T12:18:57
4094,312,2026-04-09T15:34:08
4095,63,2026-03-07T02:14:02
4096,473,2026-03-23T06:59:15
4097,39,2026-04-22T15:50:18
4098,589,2026-03-21T06:22:59
4099,572,2026-04-11T07:24:05
4100,694,2026-03-22T01:29:14
4101,199,2026-04-23T22:19:11
4102,114,2026-04-27T10:03:49
4103,210,2026-04-24T15:23:41
4104,560,2026-03-24T12:34:31
4105,154,2026-03-20T01:15:50
4106,622,2026-04-06T02:12:23
4107,108,2026-04-19T14:31:15
4108,35,2026-04-01T09:00:43
4109,154,2026-04-13T22:44:53
4110,528,2026-04-22T14:41:45
4111,422,2026-04-15T15:57:00
4112,249,2026-03-23T14:08:16
4113,460,2026-03-15T11:47:59
4114,455,2026-03-27T13:06:00
4115,389,2026-04-04T16:46:28
4116,360,2026-04-20T04:13:46
4117,72,2026-03-19T05:49:52
4118,182,2026-03-09T22:08:41
4119,370,2026-03-19T02:48:53
4120,95,2026-04-05T10:37:07
4121,334,2026-03-14T06:02:17
4122,82,2026-03-24T06:16:02
4123,552,2026-03-16T05:28:48
4124,73,2026-04-29T14:40:39
4125,65,2026-03-31T15:44:54
4126,447,2026-04-13T04:32:36
4127,155,2026-04-01T16:41:36
4128,246,2026-03-01T18:21:45
4129,220,2026-03-16T18:19:25
4130,152,2026-04-20T05:11:52
4131,534,2026-03-31T01:40:59
4132,485,2026-04-12T09:40:39
4133,168,2026-04-15T17:54:21
4134,481,2026-04-03T05:31:38
4135,500,2026-04-04T01:36:56
4136,378,2026-03-15T14:43:31
4137,405,2026-03-15T09:52:45
4138,655,2026-03-09T05:30:33
4139,318,2026-03-18T08:44:26
4140,270,2026-04-07T17:48:58
4141,378,2026-04-25T11:34:21
4142,586,2026-03-27T05:32:02
4143,497,2026-04-06T15:40:47
4144,53,2026-04-21T04:48:32
4145,322,2026-04-10T04:33:01
4146,518,2026-03-16T15:32:14
4147,157,2026-03-17T10:13:45
4148,692,2026-04-07T23:57:43
4149,566,2026-03-18T08:03:30
4150,593,2026-03-15T03:51:44
4151,58,2026-04-05T09:23:59
4152,406,2026-04-08T01:15:15
4153,370,2026-03-16T04:13:12
4154,439,2026-03-03T05:43:45
4155,596,2026-04-16T03:17:23
4156,248,2026-03-24T17:07:38
4157,374,2026-04-07T06:27:31
4158,476,2026-03-11T03:54:56
4159,528,2026-03-19T16:52:04
4160,540,2026-04-06T06:20:48
4161,236,2026-03-08T00:38:56
4162,699,2026-03-20T07:28:46
4163,7,2026-04-13T08:23:58
4164,345,2026-04-16T09:01:08
4165,427,2026-03-22T01:09:57
4166,43,2026-03-07T09:52:59
4167,316,2026-03-02T08:57:55
4168,418,2026-04-03T10:56:47
4169,426,2026-04-11T03:57:21
4170,84,2026-04-05T01:28:50
4171,195,2026-03-25T05:03:00
4172,172,2026-03-02T14:11:45
4173,448,2026-03-14T02:47:10
4174,231,2026-03-03T05:41:51
4175,401,2026-03-28T05:59:12
4176,512,2026-03-19T09:17:36
4177,559,2026-03-04T22:23:07
4178,129,2026-04-06T11:57:00
4179,633,2026-03-23T08:54:02
4180,117,2026-04-27T02:18:27
4181,16,2026-03-26T18:57:50
4182,32,2026-03-06T18:34:14
4183,141,2026-04-12T16:59:12
4184,612,2026-04-12T01:02:18
4185,146,2026-04-25T11:34:10
4186,486,2026-04-11T04:59:16
4187,293,2026-03-22T13:57:22
4188,28,2026-04-10T11:34:37
4189,311,2026-04-17T01:02:36
4190,20,2026-03-31T05:58:47
4191,334,2026-04-17T04:09:22
4192,392,2026-04-28T05:18:52
4193,365,2026-04-15T05:52:44
4194,198,2026-03-31T17:31:52
4195,537,2026-03-30T16:15:43
4196,418,2026-04-20T08:01:01
4197,179,2026-04-22T18:10:13
4198,305,2026-03-16T05:46:45
4199,76,2026-03-01T07:43:09
4200,647,2026-04-18T03:09:55
4201,528,2026-03-15T14:54:16
4202,202,2026-04-29T09:25:46
4203,473,2026-03-03T06:41:17
4204,476,2026-04-24T08:40:06
4205,427,2026-04-10T02:06:15
4206,38,2026-03-19T06:04:57
4207,615,2026-03-03T18:36:31
4208,670,2026-04-20T06:47:30
4209,682,2026-03-08T10:56:34
4210,687,2026-03-06T01:48:34
4211,651,2026-04-17T14:35:44
4212,518,2026-04-10T20:31:16
4213,40,2026-03-08T13:24:00
4214,326,2026-03-21T04:36:50
4215,172,2026-04-09T12:57:20
4216,154,2026-04-08T20:05:52
4217,582,2026-03-22T05:28:36
4218,569,2026-03-25T13:26:48
4219,366,2026-03-05T02:18:44
4220,516,2026-03-01T16:50:12
4221,91,2026-04-28T10:32:11
4222,156,2026-03-14T17:05:07
4223,603,2026-04-24T23:41:14
4224,316,2026-03-03T09:59:58
4225,383,2026-04-29T03:11:01
4226,324,2026-03-26T03:29:52
4227,142,2026-04-18T03:14:24
4228,579,2026-04-20T03:00:51
4229,531,2026-03-22T11:25:51
4230,479,2026-04-14T15:20:46
4231,248,2026-03-21T17:54:19
4232,451,2026-04-17T11:30:06
4233,668,2026-04-27T03:37:30
4234,455,2026-04-18T11:57:30
4235,346,2026-04-13T06:31:15
4236,190,2026-03-23T07:42:06
4237,366,2026-03-07T04:31:27
4238,261,2026-03-31T15:34:25
4239,428,2026-03-08T08:12:11
4240,32,2026-03-31T17:57:09
4241,134,2026-04-22T08:18:29
4242,551,2026-03-07T07:17:28
4243,267,2026-04-24T17:20:30
4244,304,2026-04-05T06:22:40
4245,381,2026-03-03T17:21:37
4246,307,2026-04-13T06:46:50
4247,532,2026-03-01T14:43:54
4248,172,2026-04-06T17:35:04
4249,531,2026-03-31T09:17:21
4250,147,2026-04-13T22:13:53
4251,260,2026-03-23T02:40:55
4252,412,2026-03-08T08:45:11
4253,621,2026-03-24T02:24:13
4254,163,2026-04-15T07:16:56
4255,412,2026-04-27T01:27:08
4256,45,2026-03-13T03:33:28
4257,53,2026-03-22T00:03:51
4258,538,2026-04-22T05:51:03
4259,504,2026-03-19T06:43:52
4260,264,2026-03-15T17:16:47
4261,437,2026-04-19T01:49:52
4262,267,2026-03-30T18:45:02
4263,195,2026-04-04T07:30:10
4264,302,2026-03-30T06:51:37
4265,219,2026-04-06T14:12:20
4266,571,2026-03-17T03:19:47
4267,289,2026-04-13T12:59:00
4268,225,2026-03-22T09:11:27
4269,376,2026-04-01T13:51:11
4270,531,2026-03-12T05:51:40
4271,192,2026-03-01T06:22:36
4272,658,2026-04-04T08:27:34
4273,325,2026-03-09T02:56:35
4274,463,2026-04-24T06:18:04
4275,671,2026-04-27T12:22:15
4276,303,2026-03-19T10:00:41
4277,140,2026-03-18T04:21:15
4278,524,2026-03-31T03:11:57
4279,5,2026-03-13T03:12:04
4280,321,2026-04-21T17:30:20
4281,686,2026-03-07T06:46:21
4282,291,2026-03-28T05:49:07
4283,479,2026-03-12T09:22:59
4284,368,2026-04-19T02:30:15
4285,151,2026-03-09T15:04:54
4286,223,2026-03-27T16:16:38
4287,367,2026-04-20T06:18:33
4288,73,2026-03-27T11:55:59
4289,291,2026-03-12T11:50:01
4290,291,2026-03-10T06:22:48
4291,585,2026-04-06T01:10:51
4292,87,2026-03-08T15:09:46
4293,590,2026-03-22T11:30:34
4294,288,2026-04-06T07:56:21
4295,456,2026-03-23T15:35:09
4296,390,2026-04-18T22:23:36
4297,210,2026-04-11T14:49:26
4298,652,2026-03-09T05:28:24
4299,158,2026-04-19T02:13:57
4300,26,2026-04-24T02:49:03
4301,526,2026-03-13T09:54:12
4302,436,2026-03-22T13:17:29
4303,624,2026-03-24T09:58:57
4304,321,2026-03-26T17:31:32
4305,12,2026-03-27T21:14:28
4306,15,2026-04-23T06:51:50
4307,304,2026-04-09T04:08:44
4308,175,2026-04-23T13:15:45
4309,646,2026-03-22T05:22:38
4310,83,2026-04-01T16:53:27
4311,617,2026-03-07T02:56:34
4312,152,2026-03-17T06:11:29
4313,84,2026-04-04T21:00:27
4314,193,2026-03-11T13:51:47
4315,101,2026-04-27T07:32:34
4316,281,2026-03-17T05:23:17
4317,232,2026-03-09T21:00:38
4318,371,2026-04-16T07:32:21
4319,376,2026-03-06T07:08:48
4320,1,2026-03-20T01:33:54
4321,88,2026-03-12T13:09:36
4322,114,2026-04-11T11:12:45
4323,137,2026-04-20T13:07:08
4324,66,2026-03-12T13:10:56
4325,221,2026-03-25T02:42:40
4326,385,2026-03-28T23:42:52
4327,217,2026-04-11T09:27:45
4328,231,2026-03-22T08:49:45
4329,329,2026-04-01T09:57:06
4330,384,2026-03-31T15:08:15
4331,232,2026-03-01T04:13:21
4332,156,2026-04-04T14:45:31
4333,287,2026-04-04T14:35:24
4334,17,2026-04-29T13:19:25
4335,345,2026-03-31T02:34:32
4336,659,2026-04-23T18:35:23
4337,279,2026-03-21T01:35:34
4338,76,2026-04-11T06:32:46
4339,495,2026-04-24T08:01:37
4340,89,2026-03-10T20:44:23
4341,136,2026-04-04T09:11:57
4342,103,2026-04-25T18:32:08
4343,619,2026-04-03T04:32:00
4344,687,2026-04-23T05:05:20
4345,399,2026-03-26T14:17:32
4346,433,2026-04-23T07:16:48
4347,452,2026-04-07T07:12:35
4348,428,2026-03-29T10:23:30
4349,381,2026-03-13T12:17:18
4350,691,2026-03-11T00:34:00
4351,514,2026-03-18T05:03:23
4352,62,2026-04-15T10:10:37
4353,275,2026-03-29T01:30:49
4354,683,2026-03-24T16:20:10
4355,283,2026-03-29T06:24:15
4356,143,2026-03-21T15:03:06
4357,608,2026-04-18T18:15:42
4358,437,2026-03-24T01:19:18
4359,394,2026-03-29T06:01:52
4360,295,2026-04-03T12:30:46
4361,88,2026-04-08T18:03:56
4362,269,2026-03-21T07:56:03
4363,307,2026-03-04T23:02:51
4364,652,2026-04-11T05:10:12
4365,216,2026-04-03T02:31:35
4366,105,2026-04-08T14:01:12
4367,300,2026-04-01T20:37:38
4368,698,2026-03-31T17:22:49
4369,338,2026-04-25T23:01:27
4370,266,2026-03-04T12:36:15
4371,467,2026-03-06T13:04:29
4372,455,2026-04-26T11:36:34
4373,210,2026-04-23T16:39:44
4374,678,2026-03-25T06:20:07
4375,416,2026-04-02T16:36:02
4376,41,2026-03-27T03:02:47
4377,286,2026-04-29T09:52:06
4378,647,2026-03-28T05:55:15
4379,276,2026-04-15T01:10:53
4380,398,2026-03-21T23:30:27
4381,429,2026-03-23T19:24:05
4382,494,2026-04-10T10:46:19
4383,611,2026-03-24T01:12:51
4384,105,2026-03-01T17:23:39
4385,362,2026-03-11T01:22:46
4386,374,2026-04-22T11:49:15
4387,107,2026-03-23T12:31:49
4388,472,2026-03-07T06:47:00
4389,83,2026-04-26T14:04:10
4390,320,2026-04-29T01:05:31
4391,232,2026-03-30T02:56:52
4392,109,2026-04-07T16:03:58
4393,576,2026-04-15T12:40:23
4394,171,2026-03-04T01:08:49
4395,179,2026-03-18T13:31:15
4396,599,2026-04-03T11:49:59
4397,615,2026-04-02T19:28:06
4398,25,2026-03-20T01:16:26
4399,195,2026-03-01T05:09:00
4400,497,2026-04-27T11:23:34
4401,545,2026-04-06T04:56:26
4402,700,2026-04-14T23:34:47
4403,389,2026-03-27T17:27:37
4404,6,2026-03-31T17:39:20
4405,612,2026-03-27T02:31:56
4406,113,2026-03-26T06:25:06
4407,85,2026-04-09T23:09:04
4408,472,2026-04-29T08:26:10
4409,423,2026-04-16T03:16:34
4410,42,2026-04-10T06:19:57
4411,119,2026-03-01T03:18:09
4412,413,2026-03-31T04:05:47
4413,179,2026-04-27T11:31:45
4414,479,2026-03-24T07:08:17
4415,289,2026-04-02T14:24:09
4416,412,2026-03-20T03:53:46
4417,333,2026-03-12T08:50:47
4418,256,2026-04-12T10:58:42
4419,240,2026-03-19T09:08:45
4420,489,2026-04-05T06:49:28
4421,361,2026-04-05T08:48:22
4422,417,2026-04-20T16:18:01
4423,405,2026-04-26T06:21:30
4424,146,2026-04-03T12:10:43
4425,640,2026-03-04T06:57:11
4426,395,2026-04-04T14:30:17
4427,503,2026-04-23T11:17:34
4428,618,2026-03-29T03:05:16
4429,648,2026-04-03T01:30:52
4430,467,2026-04-15T10:54:31
4431,551,2026-03-27T10:22:25
4432,331,2026-03-25T05:46:15
4433,517,2026-03-29T04:20:54
4434,226,2026-04-20T23:58:42
4435,499,2026-03-30T17:38:34
4436,61,2026-03-20T08:51:17
4437,640,2026-04-05T09:36:07
4438,172,2026-04-11T16:24:48
4439,460,2026-04-24T08:02:02
4440,8,2026-04-23T15:18:26
4441,110,2026-04-16T06:13:34
4442,691,2026-04-16T04:50:30
4443,584,2026-03-27T05:34:41
4444,156,2026-03-21T12:35:02
4445,92,2026-04-03T16:58:13
4446,571,2026-04-12T05:52:01
4447,694,2026-04-01T00:40:15
4448,119,2026-03-13T01:19:12
4449,465,2026-03-01T18:06:51
4450,199,2026-03-04T05:32:20
4451,522,2026-03-26T09:59:33
4452,293,2026-04-17T09:27:10
4453,88,2026-04-17T15:58:46
4454,228,2026-04-18T11:10:30
4455,378,2026-04-12T11:03:53
4456,559,2026-03-02T05:32:36
4457,15,2026-04-23T09:22:47
4458,671,2026-04-26T16:05:48
4459,455,2026-04-20T11:56:04
4460,613,2026-03-27T17:22:30
4461,652,2026-03-13T05:15:21
4462,108,2026-04-24T16:32:22
4463,66,2026-03-12T18:50:23
4464,544,2026-04-17T03:08:55
4465,132,2026-04-26T22:21:58
4466,104,2026-04-24T12:45:26
4467,328,2026-04-01T13:40:59
4468,640,2026-04-20T13:11:16
4469,557,2026-04-18T23:01:44
4470,363,2026-04-28T03:43:04
4471,138,2026-03-22T08:12:09
4472,236,2026-04-07T04:01:11
4473,482,2026-04-18T22:52:34
4474,110,2026-03-14T13:41:41
4475,368,2026-03-14T01:27:01
4476,9,2026-03-24T12:24:11
4477,228,2026-03-22T11:52:53
4478,174,2026-04-15T03:47:21
4479,477,2026-04-26T12:31:43
4480,640,2026-03-10T12:33:01
4481,103,2026-03-20T15:32:25
4482,559,2026-04-24T22:22:22
4483,460,2026-04-05T11:30:47
4484,679,2026-03-13T02:39:38
4485,639,2026-04-06T10:38:04
4486,71,2026-04-22T13:23:13
4487,521,2026-03-23T02:49:33
4488,415,2026-03-30T15:21:00
4489,80,2026-04-06T00:44:06
4490,181,2026-04-20T01:25:50
4491,649,2026-04-03T15:56:01
4492,381,2026-04-27T12:42:43
4493,237,2026-04-15T04:43:32
4494,225,2026-03-26T06:36:59
4495,587,2026-03-30T01:10:35
4496,199,2026-04-11T01:54:08
4497,112,2026-03-05T01:42:36
4498,402,2026-03-14T14:00:40
4499,695,2026-03-15T05:17:17
4500,129,2026-04-18T08:09:15
4501,179,2026-04-19T15:08:24
4502,329,2026-04-19T07:29:30
4503,140,2026-03-07T05:47:15
4504,456,2026-03-18T12:40:44
4505,178,2026-03-19T00:56:51
4506,90,2026-03-02T02:05:10
4507,183,2026-03-16T07:37:44
4508,652,2026-03-26T10:17:27
4509,655,2026-04-23T07:00:08
4510,355,2026-03-11T12:59:16
4511,281,2026-04-21T02:07:55
4512,574,2026-04-19T05:19:09
4513,136,2026-03-10T07:30:02
4514,458,2026-03-16T09:22:43
4515,477,2026-03-28T10:09:32
4516,498,2026-04-26T05:14:15
4517,153,2026-04-17T13:40:44
4518,502,2026-04-28T12:01:31
4519,429,2026-03-19T17:03:14
4520,613,2026-04-24T18:17:41
4521,123,2026-04-27T01:58:50
4522,430,2026-04-05T05:09:26
4523,581,2026-03-10T09:39:47
4524,195,2026-03-17T08:22:08
4525,521,2026-03-08T03:30:03
4526,70,2026-04-18T11:13:00
4527,503,2026-03-19T15:55:20
4528,425,2026-04-12T11:24:22
4529,135,2026-03-17T13:02:52
4530,47,2026-04-28T10:16:59
4531,522,2026-04-16T03:19:38
4532,169,2026-03-23T07:54:58
4533,349,2026-03-29T08:01:58
4534,43,2026-03-04T11:17:26
4535,675,2026-03-09T01:10:15
4536,385,2026-04-29T03:11:24
4537,653,2026-04-18T06:59:00
4538,113,2026-04-20T06:45:38
4539,145,2026-04-08T06:56:52
4540,428,2026-03-14T05:48:49
4541,424,2026-03-07T12:51:15
4542,554,2026-04-13T03:33:34
4543,650,2026-03-20T09:31:53
4544,576,2026-03-01T10:20:43
4545,99,2026-03-02T10:04:03
4546,217,2026-04-03T09:50:01
4547,640,2026-04-20T08:22:54
4548,385,2026-03-22T01:40:52
4549,607,2026-04-29T06:57:45
4550,395,2026-03-23T13:22:32
4551,35,2026-04-13T09:08:58
4552,332,2026-03-15T13:23:29
4553,578,2026-04-06T06:57:36
4554,459,2026-03-17T09:00:12
4555,93,2026-04-16T16:15:20
4556,148,2026-03-28T04:03:08
4557,599,2026-03-03T13:46:31
4558,686,2026-03-15T05:08:22
4559,528,2026-03-22T14:16:42
4560,69,2026-03-28T19:14:55
4561,434,2026-03-17T13:02:50
4562,581,2026-04-04T09:55:33
4563,449,2026-04-27T13:23:47
4564,416,2026-04-12T11:49:24
4565,328,2026-03-19T13:31:37
4566,172,2026-04-10T12:02:08
4567,197,2026-04-28T14:11:05
4568,522,2026-03-15T04:00:03
4569,49,2026-03-14T16:14:17
4570,60,2026-03-03T06:35:36
4571,278,2026-04-20T01:07:28
4572,543,2026-04-19T04:22:57
4573,460,2026-03-25T02:01:04
4574,413,2026-04-22T03:48:26
4575,374,2026-04-09T01:21:23
4576,78,2026-04-28T18:58:14
4577,233,2026-04-25T11:19:32
4578,56,2026-04-27T11:29:22
4579,531,2026-03-24T09:29:12
4580,526,2026-04-08T12:10:30
4581,181,2026-03-11T06:44:13
4582,206,2026-04-23T00:53:45
4583,223,2026-03-20T08:51:21
4584,623,2026-03-27T14:25:27
4585,342,2026-04-05T17:45:10
4586,534,2026-04-17T06:25:55
4587,315,2026-04-13T15:08:10
4588,489,2026-04-27T07:42:38
4589,370,2026-04-12T07:24:38
4590,196,2026-04-17T05:22:07
4591,614,2026-04-04T07:04:08
4592,497,2026-03-25T13:14:06
4593,539,2026-04-24T09:24:55
4594,664,2026-03-23T09:44:33
4595,175,2026-04-07T17:23:08
4596,65,2026-03-18T12:11:48
4597,408,2026-03-28T23:23:55
4598,229,2026-03-23T08:02:31
4599,306,2026-03-16T05:27:33
4600,165,2026-04-19T05:29:48
4601,279,2026-04-16T04:42:25
4602,276,2026-04-12T06:02:04
4603,246,2026-03-05T12:37:44
4604,520,2026-03-15T01:47:19
4605,415,2026-03-14T14:48:39
4606,332,2026-04-12T16:58:02
4607,79,2026-04-23T17:40:20
4608,400,2026-03-23T00:56:21
4609,123,2026-03-20T06:20:18
4610,220,2026-04-03T13:08:34
4611,291,2026-04-29T10:00:26
4612,99,2026-03-23T13:55:55
4613,273,2026-03-16T22:07:43
4614,187,2026-04-01T16:06:27
4615,595,2026-04-24T07:44:16
4616,602,2026-04-13T10:21:22
4617,4,2026-03-31T23:30:18
4618,422,2026-04-13T16:05:40
4619,449,2026-03-01T17:25:55
4620,265,2026-04-15T09:49:43
4621,329,2026-03-06T09:34:56
4622,553,2026-03-24T08:13:10
4623,265,2026-03-21T06:09:05
4624,46,2026-04-11T07:39:42
4625,261,2026-03-15T14:42:58
4626,178,2026-03-15T02:45:32
4627,268,2026-04-23T09:07:27
4628,162,2026-03-28T23:22:30
4629,105,2026-04-14T12:03:09
4630,690,2026-04-04T05:47:58
4631,91,2026-04-07T02:15:03
4632,495,2026-04-11T09:19:46
4633,503,2026-04-10T16:33:25
4634,433,2026-04-23T23:08:48
4635,639,2026-04-17T08:46:43
4636,4,2026-03-19T01:27:49
4637,212,2026-03-11T07:33:43
4638,130,2026-04-20T15:42:38
4639,404,2026-03-23T18:39:31
4640,445,2026-03-19T05:02:01
4641,629,2026-03-07T05:05:49
4642,266,2026-04-03T11:48:22
4643,166,2026-03-31T04:52:23
4644,647,2026-04-19T05:15:46
4645,472,2026-04-14T07:01:04
4646,536,2026-04-13T12:40:10
4647,312,2026-04-02T19:59:55
4648,314,2026-04-21T04:06:57
4649,273,2026-04-27T21:05:55
4650,525,2026-04-18T14:23:00
4651,148,2026-03-21T08:36:23
4652,683,2026-03-17T13:27:33
4653,124,2026-03-01T07:28:18
4654,323,2026-04-29T06:28:05
4655,221,2026-04-13T03:59:02
4656,450,2026-04-26T10:16:45
4657,477,2026-04-17T12:05:48
4658,644,2026-03-26T15:31:37
4659,553,2026-03-09T06:28:06
4660,175,2026-03-03T16:16:24
4661,145,2026-04-17T06:57:27
4662,621,2026-03-19T03:09:06
4663,342,2026-03-23T18:08:11
4664,69,2026-04-20T14:08:27
4665,578,2026-03-29T10:56:15
4666,454,2026-04-27T16:53:20
4667,18,2026-04-02T08:57:13
4668,548,2026-04-19T12:07:11
4669,426,2026-03-08T10:01:59
4670,431,2026-03-24T16:23:11
4671,606,2026-03-11T05:28:35
4672,347,2026-03-04T05:15:50
4673,323,2026-04-29T03:36:17
4674,433,2026-04-01T03:36:19
4675,139,2026-03-22T07:40:34
4676,107,2026-03-23T04:20:05
4677,591,2026-03-15T05:01:38
4678,151,2026-03-08T12:17:09
4679,354,2026-04-24T15:10:45
4680,189,2026-03-07T20:58:39
4681,162,2026-03-24T00:50:23
4682,419,2026-03-10T05:59:22
4683,562,2026-04-25T13:45:10
4684,310,2026-03-13T13:07:03
4685,98,2026-03-24T06:27:58
4686,172,2026-04-15T10:41:03
4687,116,2026-04-04T20:03:10
4688,618,2026-03-23T03:53:03
4689,224,2026-04-03T08:50:28
4690,262,2026-03-27T15:58:44
4691,50,2026-03-18T09:17:15
4692,313,2026-04-05T04:17:51
4693,640,2026-03-22T11:37:36
4694,287,2026-04-27T14:47:50
4695,456,2026-03-28T18:16:23
4696,128,2026-04-15T07:19:32
4697,101,2026-03-15T06:20:13
4698,513,2026-04-08T08:37:23
4699,47,2026-04-03T13:06:54
4700,314,2026-04-14T02:30:19
4701,222,2026-03-28T05:14:24
4702,12,2026-04-13T03:42:44
4703,372,2026-03-04T20:44:16
4704,675,2026-04-11T00:54:48
4705,49,2026-04-15T14:21:16
4706,572,2026-03-30T13:06:56
4707,378,2026-03-03T15:13:41
4708,507,2026-04-04T02:13:59
4709,68,2026-04-16T12:00:34
4710,609,2026-03-28T08:35:42
4711,8,2026-03-06T19:39:41
4712,635,2026-03-24T03:21:11
4713,461,2026-04-29T12:17:01
4714,237,2026-03-17T03:33:57
4715,5,2026-04-01T02:09:35
4716,428,2026-03-22T07:46:07
4717,62,2026-04-12T09:14:36
4718,427,2026-03-26T02:41:16
4719,542,2026-03-24T12:40:20
4720,188,2026-04-04T06:45:49
4721,168,2026-04-04T16:32:32
4722,156,2026-03-30T16:09:30
4723,158,2026-03-16T01:02:33
4724,80,2026-03-07T00:01:14
4725,175,2026-04-11T14:08:47
4726,462,2026-03-21T10:52:31
4727,212,2026-04-06T10:06:23
4728,547,2026-03-23T02:27:46
4729,574,2026-04-21T07:29:35
4730,533,2026-04-12T12:38:16
4731,378,2026-03-25T08:07:46
4732,222,2026-03-20T08:04:30
4733,651,2026-04-14T14:50:06
4734,144,2026-03-01T19:42:17
4735,326,2026-03-04T02:36:42
4736,318,2026-03-06T09:06:23
4737,522,2026-03-21T04:42:42
4738,383,2026-03-30T03:47:12
4739,560,2026-03-18T08:50:57
4740,644,2026-03-12T21:03:42
4741,274,2026-03-19T14:33:14
4742,613,2026-03-30T18:04:18
4743,119,2026-03-18T04:20:19
4744,642,2026-04-04T02:20:30
4745,125,2026-03-23T09:08:20
4746,596,2026-04-26T07:12:48
4747,274,2026-04-29T16:56:11
4748,676,2026-04-09T07:59:08
4749,91,2026-04-03T10:31:03
4750,326,2026-03-02T07:27:39
4751,632,2026-04-07T00:58:53
4752,34,2026-03-23T02:28:19
4753,186,2026-03-18T11:25:48
4754,59,2026-04-17T05:02:29
4755,225,2026-03-03T05:08:17
4756,274,2026-03-16T13:29:42
4757,434,2026-04-16T14:18:00
4758,181,2026-04-25T04:03:55
4759,112,2026-03-31T02:43:59
4760,119,2026-04-01T01:37:51
4761,657,2026-04-28T03:03:52
4762,668,2026-03-06T02:58:54
4763,155,2026-03-29T18:15:26
4764,137,2026-03-15T15:19:02
4765,38,2026-03-29T06:10:33
4766,672,2026-04-24T04:48:25
4767,495,2026-04-05T11:57:47
4768,533,2026-04-29T16:57:48
4769,204,2026-03-31T03:05:49
4770,449,2026-04-21T15:58:48
4771,42,2026-03-11T08:03:50
4772,474,2026-03-20T13:44:25
4773,406,2026-03-17T01:39:38
4774,233,2026-04-16T04:52:17
4775,498,2026-03-31T02:32:36
4776,453,2026-03-14T15:21:32
4777,308,2026-03-11T09:39:02
4778,131,2026-03-24T04:35:44
4779,17,2026-03-10T14:10:40
4780,657,2026-04-11T00:39:41
4781,197,2026-04-20T15:41:13
4782,212,2026-04-28T08:13:15
4783,477,2026-03-15T05:38:02
4784,179,2026-03-27T11:18:00
4785,264,2026-03-31T16:31:43
4786,498,2026-03-30T08:21:53
4787,417,2026-03-28T17:39:23
4788,460,2026-03-14T10:03:26
4789,4,2026-03-06T22:11:23
4790,316,2026-03-25T07:27:49
4791,333,2026-03-06T08:40:50
4792,443,2026-03-04T03:47:52
4793,107,2026-04-01T12:11:05
4794,112,2026-04-21T04:38:56
4795,534,2026-04-02T05:59:00
4796,472,2026-03-02T05:37:21
4797,568,2026-04-20T16:03:17
4798,190,2026-04-11T04:36:39
4799,699,2026-03-19T04:22:15
4800,191,2026-03-17T05:01:35
4801,456,2026-04-23T14:24:53
4802,114,2026-03-29T10:00:09
4803,643,2026-03-09T13:07:52
4804,233,2026-03-17T14:10:26
4805,562,2026-03-16T06:13:35
4806,232,2026-03-25T00:54:25
4807,554,2026-03-21T08:14:11
4808,318,2026-04-02T07:51:11
4809,44,2026-03-20T06:09:02
4810,134,2026-04-08T07:34:22
4811,479,2026-03-30T07:19:05
4812,136,2026-04-26T05:23:26
4813,193,2026-04-19T11:31:28
4814,380,2026-03-20T10:57:47
4815,178,2026-03-03T03:41:43
4816,91,2026-04-05T11:03:51
4817,438,2026-03-21T09:55:01
4818,483,2026-04-24T03:05:43
4819,514,2026-03-25T04:28:16
4820,661,2026-03-18T17:37:48
4821,88,2026-03-21T14:32:54
4822,299,2026-04-21T11:32:05
4823,164,2026-03-07T14:42:30
4824,631,2026-04-27T12:58:33
4825,378,2026-03-15T13:13:16
4826,69,2026-04-20T13:48:15
4827,485,2026-04-02T07:00:08
4828,31,2026-04-04T15:56:25
4829,192,2026-03-13T05:23:42
4830,505,2026-04-13T13:43:42
4831,355,2026-04-08T16:15:46
4832,533,2026-03-29T16:55:56
4833,400,2026-03-28T06:31:38
4834,591,2026-04-05T08:41:21
4835,394,2026-03-28T22:13:16
4836,40,2026-04-28T19:31:34
4837,50,2026-03-03T11:45:26
4838,544,2026-03-16T02:34:06
4839,28,2026-04-21T11:10:23
4840,264,2026-04-17T12:54:40
4841,12,2026-03-21T03:14:10
4842,213,2026-03-30T20:06:14
4843,417,2026-03-02T15:38:16
4844,122,2026-03-11T10:33:28
4845,327,2026-04-25T19:27:48
4846,698,2026-04-08T17:23:19
4847,50,2026-03-03T11:00:07
4848,45,2026-04-17T04:39:03
4849,190,2026-03-25T05:12:36
4850,579,2026-04-03T23:36:44
4851,285,2026-04-20T20:53:05
4852,448,2026-04-20T00:23:37
4853,24,2026-03-09T13:34:54
4854,515,2026-03-22T13:41:49
4855,48,2026-03-17T15:34:56
4856,499,2026-04-24T16:32:56
4857,104,2026-04-16T11:27:47
4858,601,2026-04-08T02:11:24
4859,208,2026-03-04T09:40:41
4860,129,2026-04-18T12:38:45
4861,236,2026-04-03T03:24:45
4862,1,2026-03-17T06:01:18
4863,116,2026-03-27T18:00:26
4864,419,2026-03-27T05:49:25
4865,211,2026-03-18T19:06:48
4866,248,2026-04-24T13:54:50
4867,566,2026-04-25T05:03:57
4868,87,2026-03-04T07:04:53
4869,278,2026-04-26T05:13:06
4870,131,2026-03-25T01:15:22
4871,338,2026-04-17T01:18:24
4872,233,2026-04-16T13:07:48
4873,33,2026-04-05T07:06:01
4874,50,2026-04-14T08:46:45
4875,597,2026-04-10T01:55:53
4876,40,2026-04-21T19:04:11
4877,548,2026-03-26T17:36:20
4878,642,2026-04-14T03:32:37
4879,327,2026-04-28T01:41:35
4880,219,2026-04-26T14:23:29
4881,544,2026-03-09T05:13:17
4882,688,2026-03-30T04:45:03
4883,85,2026-03-31T02:38:14
4884,676,2026-04-07T08:38:32
4885,661,2026-04-08T15:08:13
4886,100,2026-04-20T04:32:58
4887,39,2026-04-01T19:55:11
4888,501,2026-04-12T03:30:46
4889,55,2026-04-23T17:53:19
4890,421,2026-03-07T03:46:12
4891,46,2026-04-08T03:23:12
4892,484,2026-03-23T07:28:13
4893,163,2026-04-24T04:18:57
4894,68,2026-04-03T09:25:19
4895,47,2026-04-06T08:11:18
4896,132,2026-04-15T01:01:01
4897,379,2026-03-15T12:43:19
4898,54,2026-04-02T10:16:04
4899,562,2026-04-16T05:53:11
4900,423,2026-04-16T05:22:43
4901,209,2026-03-14T07:38:37
4902,691,2026-04-19T22:34:32
4903,461,2026-03-10T13:15:13
4904,471,2026-03-16T08:40:41
4905,122,2026-04-21T09:26:09
4906,498,2026-04-06T01:57:42
4907,392,2026-04-02T06:22:42
4908,690,2026-04-03T09:16:04
4909,335,2026-04-28T07:01:36
4910,475,2026-03-14T06:32:56
4911,239,2026-03-18T15:30:37
4912,29,2026-03-30T10:45:58
4913,90,2026-04-20T03:10:50
4914,607,2026-04-02T04:18:02
4915,517,2026-04-13T09:14:54
4916,256,2026-04-19T13:32:04
4917,489,2026-04-23T10:16:12
4918,4,2026-03-28T01:25:49
4919,27,2026-03-28T09:55:29
4920,356,2026-03-05T13:23:36
4921,438,2026-03-05T04:58:17
4922,656,2026-03-30T10:03:59
4923,532,2026-04-14T14:27:05
4924,181,2026-04-20T02:01:14
4925,571,2026-03-25T03:33:50
4926,345,2026-04-04T06:17:47
4927,579,2026-04-18T05:11:17
4928,122,2026-03-20T07:54:31
4929,19,2026-03-10T11:39:02
4930,41,2026-04-25T03:11:33
4931,694,2026-04-02T03:42:51
4932,57,2026-03-10T16:03:12
4933,658,2026-03-16T07:30:56
4934,509,2026-03-20T02:37:36
4935,103,2026-03-13T18:08:02
4936,605,2026-03-26T22:57:24
4937,101,2026-04-18T09:05:10
4938,101,2026-04-14T06:03:13
4939,403,2026-04-25T17:29:04
4940,202,2026-04-20T10:44:50
4941,204,2026-03-19T02:32:40
4942,137,2026-03-04T12:06:12
4943,426,2026-03-10T08:05:05
4944,19,2026-04-17T14:08:18
4945,172,2026-03-21T21:58:17
4946,388,2026-04-12T22:56:05
4947,341,2026-03-27T21:04:07
4948,490,2026-04-23T17:42:40
4949,152,2026-03-31T07:49:45
4950,454,2026-04-24T17:33:17
4951,532,2026-03-16T13:09:23
4952,272,2026-04-16T16:09:57
4953,180,2026-04-01T14:41:20
4954,389,2026-03-12T14:33:44
4955,406,2026-03-15T04:10:50
4956,66,2026-03-19T12:03:54
4957,396,2026-03-10T14:25:58
4958,109,2026-04-26T18:23:11
4959,399,2026-03-13T11:58:57
4960,653,2026-04-04T22:42:38
4961,376,2026-04-04T12:25:14
4962,534,2026-04-01T22:34:52
4963,217,2026-04-07T10:31:23
4964,646,2026-04-24T05:40:57
4965,569,2026-04-28T13:34:27
4966,642,2026-04-22T05:06:39
4967,520,2026-03-28T04:31:28
4968,455,2026-04-13T14:45:56
4969,368,2026-03-11T20:54:28
4970,650,2026-04-22T12:57:08
4971,594,2026-03-11T23:40:52
4972,292,2026-03-07T10:54:02
4973,60,2026-04-19T03:01:45
4974,3,2026-04-15T05:05:27
4975,164,2026-03-09T12:11:41
4976,44,2026-04-27T01:05:19
4977,149,2026-03-07T13:39:13
4978,77,2026-03-03T12:30:55
4979,687,2026-04-27T05:32:11
4980,67,2026-03-14T08:31:00
4981,439,2026-03-15T07:29:24
4982,247,2026-04-17T11:51:19
4983,122,2026-04-06T05:12:35
4984,491,2026-04-01T17:22:20
4985,680,2026-04-29T12:05:21
4986,554,2026-03-06T04:30:42
4987,683,2026-04-25T13:20:46
4988,414,2026-03-17T03:12:00
4989,472,2026-04-07T07:32:10
4990,103,2026-03-20T15:56:50
4991,597,2026-03-18T01:46:53
4992,524,2026-03-20T04:07:56
4993,178,2026-04-03T03:21:21
4994,249,2026-04-22T17:54:29
4995,428,2026-03-07T02:12:08
4996,10,2026-04-09T05:53:06
4997,573,2026-04-21T11:53:35
4998,197,2026-04-14T15:03:03
4999,53,2026-04-28T04:59:09
5000,232,2026-03-01T03:46:15
5001,586,2026-03-22T03:29:02
5002,192,2026-03-26T07:20:08
5003,378,2026-04-02T10:27:00
5004,569,2026-03-20T12:13:30
5005,24,2026-03-16T15:46:35
5006,532,2026-04-21T14:24:24
5007,203,2026-03-14T09:26:22
5008,487,2026-04-27T15:55:11
5009,132,2026-03-03T03:02:51
5010,98,2026-03-26T06:23:49
5011,552,2026-04-06T01:36:25
5012,566,2026-04-28T06:14:36
5013,687,2026-04-15T04:10:57
5014,475,2026-02-28T22:31:37
5015,327,2026-04-14T04:11:30
5016,137,2026-03-20T12:24:41
5017,207,2026-04-21T16:05:48
5018,454,2026-04-16T15:01:51
5019,243,2026-03-12T13:44:10
5020,339,2026-03-22T05:11:40
5021,118,2026-04-19T08:01:53
5022,308,2026-04-25T08:01:07
5023,167,2026-04-06T06:34:58
5024,79,2026-03-14T12:31:22
5025,93,2026-03-24T15:34:53
5026,363,2026-04-17T05:38:31
5027,257,2026-04-05T11:39:28
5028,70,2026-03-13T06:43:11
5029,361,2026-03-18T09:51:47
5030,115,2026-03-12T04:12:56
5031,11,2026-03-29T04:05:56
5032,93,2026-03-27T10:48:15
5033,314,2026-04-02T02:04:39
5034,668,2026-04-25T23:24:46
5035,170,2026-04-09T15:36:57
5036,200,2026-04-05T11:02:57
5037,170,2026-03-22T12:58:37
5038,249,2026-04-08T17:55:16
5039,503,2026-04-27T13:50:10
5040,226,2026-03-01T02:41:27
5041,461,2026-03-21T09:47:38
5042,629,2026-03-04T07:33:14
5043,663,2026-03-13T17:45:37
5044,395,2026-03-05T19:02:49
5045,500,2026-04-05T02:12:33
5046,644,2026-04-19T08:00:47
5047,551,2026-04-26T09:07:19
5048,210,2026-03-15T18:33:53
5049,93,2026-04-11T12:45:59
5050,81,2026-03-19T21:52:03
5051,618,2026-03-19T06:09:16
5052,390,2026-04-06T02:38:44
5053,208,2026-04-10T05:44:45
5054,242,2026-04-05T01:00:34
5055,198,2026-03-06T13:19:33
5056,562,2026-03-25T08:38:25
5057,429,2026-03-18T16:08:34
5058,616,2026-03-01T12:20:53
5059,212,2026-03-03T10:27:02
5060,331,2026-03-27T04:07:52
5061,86,2026-03-07T08:04:04
5062,680,2026-04-14T15:48:41
5063,359,2026-03-04T10:05:20
5064,388,2026-03-15T02:34:10
5065,290,2026-04-29T17:25:00
5066,190,2026-04-12T08:43:15
5067,664,2026-04-03T11:53:00
5068,343,2026-03-01T18:09:09
5069,473,2026-03-03T05:56:23
5070,27,2026-04-24T14:06:15
5071,194,2026-04-17T06:52:26
5072,563,2026-04-27T16:30:46
5073,62,2026-04-18T09:02:01
5074,72,2026-03-01T06:31:20
5075,567,2026-04-18T13:52:22
5076,217,2026-03-28T06:34:16
5077,192,2026-04-11T08:05:32
5078,396,2026-03-25T11:44:14
5079,137,2026-04-13T12:50:13
5080,31,2026-04-20T13:39:03
5081,4,2026-04-27T22:24:42
5082,56,2026-04-02T14:40:20
5083,111,2026-03-17T13:20:48
5084,488,2026-04-06T05:10:05
5085,209,2026-03-30T05:51:13
5086,51,2026-03-13T13:25:33
5087,11,2026-04-13T02:45:51
5088,334,2026-03-05T07:35:11
5089,589,2026-03-25T04:52:18
5090,238,2026-04-11T17:31:16
5091,45,2026-04-25T06:18:01
5092,160,2026-04-07T09:18:28
5093,350,2026-04-28T02:31:40
5094,133,2026-04-19T13:56:22
5095,685,2026-03-15T11:11:41
5096,535,2026-04-20T17:08:19
5097,242,2026-03-21T00:15:32
5098,667,2026-04-07T11:58:57
5099,228,2026-03-13T12:36:09
5100,99,2026-04-02T12:46:03
5101,657,2026-04-09T23:33:07
5102,672,2026-04-24T03:35:52
5103,219,2026-04-26T17:37:35
5104,417,2026-04-18T14:07:55
5105,122,2026-04-03T08:37:23
5106,450,2026-04-22T09:33:58
5107,484,2026-03-07T07:49:22
5108,497,2026-04-29T14:05:51
5109,399,2026-03-13T17:30:32
5110,493,2026-03-25T18:55:48
5111,389,2026-04-24T15:49:47
5112,574,2026-04-13T08:17:14
5113,126,2026-04-20T12:43:46
5114,339,2026-04-11T07:23:10
5115,292,2026-04-06T07:47:30
5116,374,2026-03-11T06:38:36
5117,100,2026-04-29T08:28:03
5118,227,2026-04-08T07:01:32
5119,668,2026-04-09T23:45:12
5120,74,2026-03-26T10:32:43
5121,445,2026-04-27T10:31:28
5122,466,2026-03-28T12:42:07
5123,333,2026-03-12T07:54:59
5124,24,2026-03-11T18:12:17
5125,25,2026-04-11T08:54:32
5126,193,2026-04-14T13:09:40
5127,72,2026-03-13T04:38:48
5128,66,2026-04-11T17:29:36
5129,113,2026-04-29T05:45:39
5130,134,2026-04-01T09:32:20
5131,587,2026-04-28T02:34:19
5132,448,2026-03-10T02:26:08
5133,22,2026-03-25T01:39:59
5134,440,2026-04-03T04:17:51
5135,96,2026-03-21T22:17:13
5136,295,2026-03-07T13:24:49
5137,27,2026-03-28T12:12:40
5138,64,2026-03-21T15:18:08
5139,93,2026-03-13T14:04:14
5140,304,2026-03-23T02:14:44
5141,325,2026-03-26T01:24:58
5142,247,2026-04-23T12:28:08
5143,435,2026-03-30T13:37:56
5144,505,2026-03-25T11:23:27
5145,511,2026-03-24T03:37:54
5146,406,2026-04-05T03:26:27
5147,382,2026-03-17T01:26:17
5148,345,2026-04-22T08:00:24
5149,167,2026-03-26T15:46:30
5150,341,2026-03-26T03:41:20
5151,8,2026-03-04T16:03:16
5152,677,2026-04-23T08:02:28
5153,260,2026-03-28T23:44:18
5154,530,2026-03-09T05:12:42
5155,670,2026-03-11T05:53:16
5156,348,2026-03-22T07:48:19
5157,604,2026-04-16T08:24:47
5158,336,2026-03-06T05:59:34
5159,93,2026-03-08T11:31:49
5160,19,2026-04-03T10:59:21
5161,95,2026-03-30T11:03:47
5162,660,2026-04-27T13:35:58
5163,333,2026-04-15T07:49:00
5164,224,2026-04-09T11:15:41
5165,313,2026-03-21T03:49:55
5166,180,2026-04-07T14:50:51
5167,610,2026-04-05T03:46:23
5168,700,2026-03-17T03:39:25
5169,60,2026-03-23T04:05:18
5170,504,2026-04-25T09:59:15
5171,235,2026-04-02T14:52:48
5172,34,2026-03-29T04:32:04
5173,646,2026-04-17T07:23:26
5174,44,2026-03-17T04:31:49
5175,145,2026-03-14T05:59:42
5176,18,2026-04-29T10:02:41
5177,330,2026-04-18T17:28:28
5178,420,2026-03-26T05:11:49
5179,225,2026-04-26T06:48:22
5180,51,2026-03-23T11:40:40
5181,82,2026-04-10T01:54:01
5182,654,2026-03-03T04:59:02
5183,565,2026-04-11T03:06:16
5184,656,2026-03-11T09:28:25
5185,372,2026-03-15T18:55:18
5186,383,2026-04-18T03:01:19
5187,551,2026-03-13T10:52:05
5188,432,2026-03-29T01:23:26
5189,306,2026-04-25T08:32:05
5190,205,2026-04-27T11:07:40
5191,340,2026-03-27T07:20:47
5192,45,2026-03-06T05:57:33
5193,135,2026-03-18T14:55:19
5194,517,2026-04-06T07:08:38
5195,608,2026-03-21T15:33:51
5196,72,2026-04-13T07:07:12
5197,68,2026-04-29T09:59:12
5198,60,2026-04-07T04:27:29
5199,555,2026-04-07T02:15:25
5200,218,2026-04-01T06:32:14
5201,229,2026-03-12T09:12:19
5202,9,2026-04-04T14:43:30
5203,681,2026-04-25T15:20:55
5204,304,2026-04-11T06:22:17
5205,559,2026-04-15T03:45:09
5206,496,2026-04-21T19:53:13
5207,100,2026-03-24T04:12:35
5208,561,2026-03-21T11:35:56
5209,386,2026-04-28T01:18:54
5210,424,2026-03-28T17:02:16
5211,141,2026-04-14T17:15:18
5212,593,2026-04-08T02:02:37
5213,653,2026-03-08T01:46:13
5214,285,2026-03-19T01:28:37
5215,65,2026-03-20T14:32:52
5216,595,2026-03-11T13:26:34
5217,622,2026-04-16T03:16:44
5218,355,2026-04-27T15:27:43
5219,406,2026-04-27T00:09:10
5220,157,2026-03-12T09:03:36
5221,48,2026-03-27T16:09:14
5222,661,2026-03-14T17:03:50
5223,339,2026-03-04T08:33:43
5224,193,2026-04-07T20:03:01
5225,486,2026-04-21T02:23:16
5226,19,2026-03-05T13:44:04
5227,56,2026-04-08T10:34:23
5228,170,2026-03-03T12:36:33
5229,316,2026-04-20T11:17:56
5230,257,2026-03-04T09:08:23
5231,132,2026-03-26T22:09:27
5232,246,2026-03-08T16:25:12
5233,234,2026-03-25T14:53:35
5234,368,2026-03-26T03:56:21
5235,394,2026-04-02T00:08:43
5236,619,2026-04-19T02:04:38
5237,565,2026-04-29T01:27:06
5238,205,2026-03-21T14:11:51
5239,632,2026-04-25T01:08:18
5240,365,2026-03-26T11:23:10
5241,132,2026-03-08T00:57:38
5242,239,2026-04-06T16:14:17
5243,520,2026-04-13T02:05:30
5244,576,2026-03-19T11:09:08
5245,262,2026-04-05T14:37:48
5246,111,2026-03-26T13:58:59
5247,135,2026-03-09T16:57:21
5248,73,2026-03-24T11:45:01
5249,490,2026-03-26T16:31:43
5250,353,2026-03-21T06:43:09
5251,316,2026-04-24T05:03:29
5252,471,2026-03-24T04:55:23
5253,581,2026-04-07T06:47:07
5254,557,2026-03-01T00:11:11
5255,97,2026-03-19T06:17:51
5256,413,2026-04-23T07:53:40
5257,618,2026-04-23T04:32:18
5258,542,2026-04-28T14:58:01
5259,231,2026-03-04T07:23:09
5260,275,2026-04-21T02:35:30
5261,624,2026-03-17T16:00:44
5262,24,2026-03-01T12:54:11
5263,368,2026-03-06T01:50:41
5264,82,2026-04-15T03:48:37
5265,627,2026-04-05T14:45:04
5266,28,2026-04-04T10:19:07
5267,17,2026-04-22T13:02:09
5268,231,2026-03-06T06:19:11
5269,141,2026-03-05T14:40:01
5270,347,2026-04-25T02:40:49
5271,210,2026-04-06T14:51:51
5272,250,2026-04-16T20:33:54
5273,396,2026-04-01T10:20:52
5274,393,2026-03-09T12:23:21
5275,655,2026-04-01T05:58:23
5276,337,2026-04-27T04:02:35
5277,395,2026-03-08T17:39:55
5278,475,2026-03-08T04:01:40
5279,122,2026-03-21T10:27:36
5280,467,2026-03-28T08:05:45
5281,604,2026-04-07T07:13:51
5282,223,2026-03-10T17:24:32
5283,125,2026-04-26T02:19:46
5284,243,2026-03-10T13:01:34
5285,193,2026-03-13T15:47:44
5286,410,2026-04-28T07:08:47
5287,605,2026-03-22T21:42:42
5288,418,2026-04-04T07:58:32
5289,88,2026-03-27T10:14:53
5290,221,2026-03-15T22:27:32
5291,483,2026-03-31T01:38:20
5292,232,2026-04-16T04:55:16
5293,411,2026-03-01T04:22:19
5294,486,2026-04-22T02:11:50
5295,231,2026-03-12T07:06:57
5296,454,2026-04-25T15:21:26
5297,279,2026-04-27T04:49:18
5298,95,2026-04-25T17:40:33
5299,261,2026-04-09T16:13:22
5300,309,2026-04-24T08:59:37
5301,2,2026-04-21T07:38:03
5302,625,2026-04-08T07:41:32
5303,370,2026-04-23T04:00:12
5304,26,2026-03-21T05:54:26
5305,608,2026-04-20T12:04:36
5306,599,2026-04-25T15:02:29
5307,9,2026-04-08T16:41:57
5308,115,2026-03-08T08:18:05
5309,255,2026-03-13T05:56:23
5310,356,2026-03-11T18:52:49
5311,509,2026-04-01T01:32:20
5312,298,2026-03-27T04:31:04
5313,429,2026-04-19T12:10:36
5314,8,2026-03-18T17:10:59
5315,461,2026-03-10T11:00:55
5316,641,2026-04-06T20:10:58
5317,369,2026-03-09T17:26:24
5318,319,2026-04-24T16:45:52
5319,208,2026-03-05T08:04:00
5320,668,2026-03-30T00:09:04
5321,24,2026-04-26T13:22:45
5322,201,2026-04-03T14:29:01
5323,98,2026-04-18T01:25:35
5324,607,2026-03-26T03:10:37
5325,338,2026-04-15T03:45:11
5326,646,2026-04-12T09:12:09
5327,466,2026-03-31T10:07:10
5328,390,2026-03-06T23:23:56
5329,363,2026-04-28T04:59:12
5330,142,2026-03-03T01:07:39
5331,394,2026-03-22T01:07:51
5332,480,2026-04-08T04:39:51
5333,676,2026-04-16T07:37:16
5334,385,2026-04-02T00:09:59
5335,658,2026-03-25T08:39:21
5336,662,2026-03-25T16:45:56
5337,366,2026-04-28T00:38:16
5338,308,2026-03-21T07:31:06
5339,100,2026-04-21T07:27:34
5340,188,2026-03-04T04:20:58
5341,616,2026-04-09T21:04:43
5342,97,2026-04-10T05:36:04
5343,278,2026-04-10T00:47:48
5344,490,2026-03-26T13:24:46
5345,169,2026-04-11T02:44:57
5346,682,2026-03-27T08:04:44
5347,455,2026-04-05T14:05:24
5348,20,2026-04-23T03:18:12
5349,174,2026-04-10T01:20:57
5350,519,2026-04-14T17:31:22
5351,605,2026-04-28T00:01:32
5352,649,2026-03-14T14:06:37
5353,596,2026-04-05T00:43:59
5354,53,2026-04-09T01:43:29
5355,511,2026-04-11T03:46:52
5356,78,2026-03-08T16:21:42
5357,54,2026-04-15T11:40:11
5358,485,2026-03-12T12:12:07
5359,335,2026-03-25T04:52:38
5360,454,2026-04-12T17:00:24
5361,597,2026-03-16T06:36:02
5362,49,2026-03-08T17:05:43
5363,370,2026-04-10T02:49:56
5364,585,2026-03-17T05:14:00
5365,309,2026-04-19T11:01:56
5366,367,2026-04-23T05:22:39
5367,349,2026-03-21T10:53:57
5368,636,2026-04-14T09:09:32
5369,35,2026-03-14T02:16:21
5370,615,2026-04-25T17:32:55
5371,572,2026-03-15T10:52:35
5372,569,2026-04-22T10:11:57
5373,289,2026-04-17T14:21:15
5374,362,2026-03-19T02:57:41
5375,259,2026-04-19T01:41:35
5376,177,2026-04-07T06:33:32
5377,613,2026-04-10T17:21:49
5378,355,2026-03-23T19:47:31
5379,507,2026-03-15T02:56:48
5380,71,2026-04-11T17:25:26
5381,553,2026-03-04T06:57:10
5382,462,2026-03-21T13:12:46
5383,699,2026-03-09T07:50:38
5384,94,2026-03-01T04:26:20
5385,379,2026-03-01T09:12:00
5386,358,2026-03-06T10:24:14
5387,377,2026-04-26T02:24:25
5388,39,2026-04-16T16:37:26
5389,332,2026-04-29T14:47:44
5390,210,2026-03-06T14:54:19
5391,433,2026-04-29T02:08:04
5392,163,2026-04-05T07:14:48
5393,305,2026-04-17T05:50:20
5394,435,2026-04-21T17:05:16
5395,45,2026-03-16T05:17:45
5396,551,2026-04-14T09:42:24
5397,502,2026-04-08T09:32:29
5398,41,2026-03-25T05:00:16
5399,46,2026-03-30T08:08:53
5400,596,2026-03-13T06:47:32
5401,199,2026-03-12T06:20:18
5402,603,2026-04-24T23:43:18
5403,350,2026-04-13T02:40:25
5404,240,2026-04-03T08:49:37
5405,192,2026-04-11T06:34:14
5406,462,2026-03-25T12:05:48
5407,77,2026-03-15T11:07:20
5408,282,2026-04-26T20:12:44
5409,243,2026-04-29T14:10:55
5410,108,2026-03-13T13:33:18
5411,247,2026-04-18T13:27:30
5412,371,2026-03-27T03:19:33
5413,475,2026-04-12T03:34:44
5414,61,2026-03-07T08:50:22
5415,611,2026-03-28T23:22:43
5416,615,2026-03-08T09:27:39
5417,485,2026-04-18T08:53:19
5418,648,2026-03-24T00:25:52
5419,300,2026-03-15T23:04:02
5420,576,2026-04-11T11:11:50
5421,510,2026-04-27T14:16:21
5422,394,2026-03-21T00:33:53
5423,126,2026-04-13T15:24:14
5424,391,2026-04-11T08:20:24
5425,631,2026-03-30T09:49:06
5426,690,2026-04-18T07:27:48
5427,314,2026-03-08T02:28:42
5428,174,2026-04-22T02:16:22
5429,524,2026-03-24T21:27:36
5430,54,2026-03-03T17:36:06
5431,106,2026-04-29T10:55:38
5432,394,2026-04-16T00:50:35
5433,694,2026-04-17T21:00:52
5434,231,2026-03-09T06:01:35
5435,311,2026-04-15T03:50:18
5436,226,2026-04-11T02:13:45
5437,309,2026-04-24T01:01:45
5438,5,2026-03-23T02:40:50
5439,417,2026-04-25T14:58:39
5440,418,2026-04-12T08:42:53
5441,221,2026-03-16T01:08:36
5442,185,2026-03-13T16:17:42
5443,534,2026-04-24T04:17:55
5444,132,2026-04-08T00:17:37
5445,33,2026-03-08T01:37:35
5446,29,2026-03-08T01:44:00
5447,618,2026-04-19T04:17:13
5448,256,2026-03-11T07:33:06
5449,72,2026-03-14T07:29:17
5450,616,2026-04-06T15:23:08
5451,105,2026-04-21T18:10:37
5452,236,2026-03-21T07:03:15
5453,15,2026-04-09T06:56:14
5454,476,2026-04-12T06:39:53
5455,490,2026-04-06T18:50:26
5456,530,2026-04-11T10:17:43
5457,185,2026-03-14T17:12:03
5458,230,2026-04-07T12:34:37
5459,657,2026-03-01T03:41:52
5460,576,2026-04-13T14:43:07
5461,27,2026-04-17T13:32:10
5462,485,2026-04-17T07:27:39
5463,569,2026-03-02T15:33:37
5464,392,2026-04-24T06:15:43
5465,448,2026-03-27T03:09:15
5466,1,2026-03-05T02:12:18
5467,22,2026-04-01T22:20:04
5468,25,2026-04-04T03:42:14
5469,112,2026-03-24T23:52:38
5470,694,2026-04-13T23:53:41
5471,445,2026-04-02T10:23:33
5472,548,2026-03-14T18:58:07
5473,207,2026-04-07T15:59:51
5474,657,2026-03-15T18:48:34
5475,140,2026-03-08T05:04:02
5476,632,2026-03-17T02:36:58
5477,22,2026-04-24T03:17:35
5478,15,2026-04-04T09:51:01
5479,56,2026-03-20T13:13:24
5480,555,2026-03-22T01:23:10
5481,181,2026-04-21T01:15:00
5482,316,2026-04-09T05:52:31
5483,330,2026-04-16T16:34:01
5484,553,2026-04-06T09:25:04
5485,245,2026-04-29T03:48:29
5486,5,2026-04-09T00:35:42
5487,271,2026-03-24T22:36:21
5488,202,2026-03-16T07:10:04
5489,512,2026-03-03T03:22:42
5490,526,2026-04-16T09:29:11
5491,65,2026-04-25T13:25:14
5492,556,2026-04-09T11:20:32
5493,50,2026-03-30T07:59:11
5494,434,2026-03-08T18:21:48
5495,273,2026-04-08T02:35:47
5496,211,2026-03-13T13:35:22
5497,339,2026-04-07T13:12:43
5498,218,2026-03-19T04:52:03
5499,556,2026-04-21T08:09:49
5500,677,2026-04-26T04:49:20
5501,572,2026-03-15T10:35:57
5502,308,2026-03-20T08:20:04
5503,353,2026-04-25T08:16:12
5504,313,2026-03-02T05:44:11
5505,556,2026-03-31T08:26:37
5506,387,2026-03-09T14:32:28
5507,328,2026-03-26T14:21:01
5508,287,2026-03-02T10:20:52
5509,263,2026-03-09T12:16:20
5510,387,2026-03-25T12:54:53
5511,483,2026-03-03T22:53:21
5512,303,2026-04-17T11:09:42
5513,565,2026-04-04T00:08:57
5514,579,2026-03-28T01:48:50
5515,301,2026-03-29T02:21:41
5516,637,2026-04-20T02:12:32
5517,122,2026-04-20T08:12:48
5518,653,2026-03-02T23:53:57
5519,206,2026-04-11T02:15:29
5520,396,2026-03-29T12:43:50
5521,199,2026-04-16T01:27:00
5522,310,2026-04-17T16:27:39
5523,239,2026-04-12T16:20:57
5524,494,2026-04-10T12:04:14
5525,57,2026-03-13T13:05:48
5526,587,2026-04-21T06:10:45
5527,633,2026-04-12T04:17:09
5528,395,2026-03-17T16:09:52
5529,384,2026-03-14T16:16:36
5530,490,2026-03-31T15:45:28
5531,140,2026-03-21T03:00:16
5532,525,2026-04-10T13:37:21
5533,154,2026-03-25T01:31:29
5534,474,2026-03-11T14:13:21
5535,214,2026-03-24T10:17:26
5536,523,2026-04-17T23:22:45
5537,554,2026-04-19T08:16:12
5538,147,2026-03-19T01:18:57
5539,433,2026-04-17T07:25:20
5540,349,2026-03-06T08:39:24
5541,206,2026-04-28T21:38:25
5542,412,2026-04-15T01:19:06
5543,695,2026-03-03T02:17:32
5544,2,2026-04-12T11:46:02
5545,670,2026-03-30T07:45:48
5546,600,2026-04-23T15:41:49
5547,371,2026-03-15T08:41:19
5548,428,2026-04-23T07:14:18
5549,259,2026-04-22T03:39:15
5550,91,2026-03-17T16:19:49
5551,401,2026-03-26T06:31:58
5552,572,2026-04-08T07:32:06
5553,162,2026-03-15T02:47:08
5554,502,2026-04-29T12:54:02
5555,524,2026-03-12T02:25:26
5556,531,2026-03-15T08:06:18
5557,239,2026-03-31T18:01:23
5558,275,2026-03-29T05:21:18
5559,292,2026-03-04T10:25:33
5560,598,2026-04-24T09:35:59
5561,631,2026-03-15T11:21:58
5562,290,2026-03-07T14:19:14
5563,679,2026-04-01T08:44:50
5564,400,2026-04-25T02:17:44
5565,270,2026-03-01T21:02:54
5566,1,2026-03-30T07:25:55
5567,428,2026-04-24T05:37:06
5568,452,2026-04-23T07:11:46
5569,678,2026-03-11T03:00:45
5570,503,2026-04-07T10:36:58
5571,21,2026-04-20T09:11:45
5572,397,2026-04-10T12:52:10
5573,520,2026-04-09T06:20:20
5574,348,2026-04-16T08:54:41
5575,301,2026-03-28T00:05:19
5576,567,2026-03-05T13:28:31
5577,428,2026-04-08T10:24:36
5578,477,2026-04-07T14:17:52
5579,325,2026-04-21T01:21:08
5580,195,2026-04-25T03:22:44
5581,364,2026-03-21T07:03:55
5582,672,2026-04-27T02:13:46
5583,422,2026-03-01T14:16:00
5584,496,2026-04-28T15:35:23
5585,87,2026-03-09T13:17:32
5586,692,2026-04-08T02:08:40
5587,172,2026-04-10T12:41:47
5588,680,2026-04-07T10:19:52
5589,313,2026-04-29T03:01:48
5590,644,2026-04-03T14:10:11
5591,625,2026-03-08T04:33:39
5592,529,2026-04-06T05:12:01
5593,642,2026-03-18T02:55:07
5594,427,2026-04-06T02:40:18
5595,595,2026-03-23T12:17:37
5596,121,2026-03-03T08:59:51
5597,50,2026-04-08T08:42:44
5598,381,2026-03-06T12:40:27
5599,567,2026-03-20T15:04:05
5600,536,2026-04-07T09:14:15
5601,370,2026-04-22T03:36:39
5602,365,2026-03-19T08:24:54
5603,427,2026-03-18T00:51:07
5604,608,2026-03-19T12:37:02
5605,590,2026-04-04T08:04:31
5606,77,2026-03-12T11:52:48
5607,418,2026-04-01T09:56:13
5608,267,2026-04-18T13:42:47
5609,560,2026-03-05T11:46:59
5610,355,2026-04-27T18:08:31
5611,694,2026-04-01T00:44:42
5612,303,2026-04-07T10:36:15
5613,476,2026-04-07T02:07:42
5614,77,2026-04-26T08:11:26
5615,653,2026-04-09T02:32:48
5616,108,2026-04-23T17:22:21
5617,265,2026-03-18T06:34:34
5618,587,2026-03-14T08:57:08
5619,678,2026-04-08T08:37:39
5620,340,2026-03-10T04:53:35
5621,340,2026-03-07T10:01:21
5622,35,2026-03-13T02:15:11
5623,686,2026-03-17T08:53:57
5624,12,2026-03-05T23:43:59
5625,19,2026-04-13T10:21:29
5626,332,2026-04-04T16:19:34
5627,3,2026-03-13T00:44:38
5628,116,2026-03-17T20:00:07
5629,440,2026-04-25T04:04:14
5630,494,2026-04-24T10:51:36
5631,209,2026-03-08T05:45:37
5632,557,2026-04-06T07:49:22
5633,426,2026-03-20T07:28:30
5634,160,2026-03-22T05:17:11
5635,499,2026-04-05T17:23:43
5636,415,2026-04-29T15:46:17
5637,569,2026-04-04T20:14:59
5638,109,2026-04-27T16:01:15
5639,162,2026-04-19T02:29:02
5640,213,2026-04-16T03:32:34
5641,239,2026-04-17T12:25:09
5642,623,2026-04-17T14:58:16
5643,513,2026-03-16T09:36:31
5644,381,2026-04-28T15:47:02
5645,379,2026-04-25T06:14:13
5646,621,2026-04-06T04:34:49
5647,313,2026-04-12T05:21:15
5648,158,2026-04-21T22:21:17
5649,96,2026-03-10T01:06:26
5650,232,2026-03-04T03:44:18
5651,458,2026-04-29T04:27:56
5652,330,2026-04-03T18:58:25
5653,296,2026-04-13T11:35:13
5654,337,2026-03-31T05:11:47
5655,683,2026-04-01T15:43:01
5656,699,2026-03-03T04:02:36
5657,113,2026-03-18T06:44:28
5658,81,2026-03-06T02:22:05
5659,172,2026-03-26T12:02:14
5660,597,2026-03-02T04:31:27
5661,322,2026-04-17T23:28:01
5662,605,2026-03-18T02:14:45
5663,453,2026-04-14T16:06:48
5664,388,2026-03-03T22:36:02
5665,198,2026-03-02T15:27:23
5666,241,2026-03-26T12:18:02
5667,104,2026-04-17T06:33:09
5668,364,2026-04-18T07:58:42
5669,197,2026-04-02T21:52:19
5670,205,2026-04-06T15:15:30
5671,28,2026-04-11T16:22:15
5672,560,2026-04-10T11:48:09
5673,658,2026-04-14T08:07:51
5674,349,2026-03-02T12:57:40
5675,376,2026-03-26T08:24:51
5676,649,2026-04-20T14:29:04
5677,359,2026-03-27T13:58:12
5678,436,2026-03-09T16:11:26
5679,300,2026-04-09T04:09:59
5680,361,2026-03-19T07:53:49
5681,366,2026-03-31T05:43:31
5682,498,2026-04-01T04:24:10
5683,423,2026-04-11T09:06:57
5684,353,2026-04-25T11:32:35
5685,54,2026-04-11T12:45:46
5686,634,2026-04-29T10:02:22
5687,622,2026-03-02T01:12:45
5688,130,2026-04-16T14:20:53
5689,206,2026-03-26T01:16:25
5690,682,2026-04-13T07:33:38
5691,225,2026-03-06T10:59:46
5692,569,2026-04-01T14:41:21
5693,551,2026-03-02T10:30:39
5694,603,2026-04-08T22:57:29
5695,12,2026-03-12T23:49:33
5696,339,2026-03-09T03:35:31
5697,396,2026-03-05T17:03:13
5698,587,2026-03-16T23:16:59
5699,158,2026-04-26T22:55:18
5700,215,2026-04-29T04:33:44
5701,126,2026-03-05T14:55:46
5702,534,2026-04-28T01:04:42
5703,700,2026-04-05T02:10:12
5704,99,2026-03-20T12:08:59
5705,164,2026-04-26T13:05:37
5706,215,2026-03-14T22:21:09
5707,623,2026-03-11T18:59:36
5708,313,2026-03-14T06:01:28
5709,198,2026-03-09T18:56:41
5710,226,2026-03-29T23:04:57
5711,419,2026-03-09T02:00:15
5712,271,2026-03-14T03:00:51
5713,99,2026-03-23T08:46:50
5714,575,2026-04-08T11:10:12
5715,296,2026-04-21T10:06:17
5716,180,2026-03-05T15:49:25
5717,510,2026-04-07T13:38:17
5718,522,2026-03-07T08:21:11
5719,109,2026-04-29T16:45:44
5720,52,2026-03-17T10:54:42
5721,32,2026-04-21T16:32:44
5722,537,2026-04-16T16:53:37
5723,439,2026-03-20T01:20:11
5724,555,2026-03-20T04:51:34
5725,439,2026-03-20T00:38:32
5726,282,2026-03-29T13:12:54
5727,413,2026-03-27T08:37:52
5728,506,2026-04-09T07:20:06
5729,280,2026-03-28T05:04:32
5730,641,2026-04-17T18:28:56
5731,630,2026-03-28T18:03:42
5732,561,2026-03-19T06:25:29
5733,695,2026-03-20T02:53:40
5734,274,2026-04-13T15:04:01
5735,80,2026-03-09T04:40:29
5736,339,2026-03-18T06:14:54
5737,523,2026-03-19T00:35:26
5738,546,2026-04-08T07:37:55
5739,272,2026-03-08T12:45:47
5740,205,2026-03-28T11:40:56
5741,312,2026-04-10T14:14:08
5742,563,2026-04-25T15:21:50
5743,43,2026-03-27T04:34:12
5744,230,2026-04-28T11:17:16
5745,161,2026-04-06T02:50:07
5746,565,2026-04-16T00:35:17
5747,329,2026-03-15T11:41:38
5748,61,2026-04-24T07:39:19
5749,184,2026-03-16T13:21:01
5750,32,2026-03-09T20:42:13
5751,333,2026-03-05T06:38:07
5752,699,2026-04-09T06:48:54
5753,398,2026-04-07T02:20:45
5754,609,2026-03-12T08:35:32
5755,520,2026-04-22T01:53:51
5756,618,2026-03-17T04:22:15
5757,218,2026-04-06T03:50:54
5758,666,2026-04-01T09:20:46
5759,168,2026-04-05T17:07:15
5760,307,2026-04-14T00:02:37
5761,477,2026-04-25T10:29:57
5762,201,2026-04-13T13:24:22
5763,186,2026-04-24T13:15:12
5764,92,2026-04-22T16:52:54
5765,3,2026-03-21T22:50:18
5766,351,2026-04-03T05:37:33
5767,691,2026-03-11T22:46:05
5768,155,2026-04-25T14:35:37
5769,309,2026-04-28T03:38:59
5770,655,2026-04-23T06:13:01
5771,541,2026-04-14T14:01:16
5772,3,2026-04-20T05:35:37
5773,351,2026-04-17T05:06:35
5774,101,2026-03-14T08:10:24
5775,173,2026-03-16T13:31:18
5776,173,2026-04-01T17:20:44
5777,429,2026-03-26T20:23:29
5778,140,2026-04-14T06:35:02
5779,177,2026-04-14T04:50:08
5780,159,2026-04-28T00:02:23
5781,250,2026-04-17T16:16:38
5782,460,2026-03-01T09:18:03
5783,280,2026-03-21T12:14:59
5784,230,2026-03-20T09:05:55
5785,363,2026-04-08T03:16:04
5786,431,2026-03-21T15:09:25
5787,11,2026-04-28T05:52:22
5788,624,2026-03-18T16:21:08
5789,642,2026-03-27T02:20:30
5790,422,2026-04-19T15:41:44
5791,403,2026-03-23T14:35:31
5792,487,2026-03-03T16:16:52
5793,309,2026-03-20T06:17:38
5794,256,2026-03-22T10:01:46
5795,247,2026-04-06T08:13:50
5796,112,2026-04-12T01:23:51
5797,589,2026-04-02T03:25:34
5798,225,2026-03-25T03:13:50
5799,200,2026-03-31T12:52:22
5800,675,2026-03-09T00:46:59
5801,355,2026-03-11T19:26:39
5802,436,2026-04-06T17:49:21
5803,172,2026-04-21T11:18:03
5804,195,2026-04-01T08:40:20
5805,510,2026-03-04T17:47:28
5806,316,2026-04-28T06:36:06
5807,104,2026-03-20T08:18:34
5808,585,2026-04-13T20:43:51
5809,282,2026-04-23T16:06:18
5810,468,2026-04-29T11:22:55
5811,239,2026-03-07T16:50:24
5812,393,2026-03-12T14:39:16
5813,543,2026-04-08T00:21:50
5814,620,2026-04-15T01:25:36
5815,146,2026-04-20T07:24:37
5816,471,2026-04-03T04:25:14
5817,641,2026-03-10T11:13:35
5818,450,2026-04-12T08:47:51
5819,101,2026-04-10T07:05:11
5820,133,2026-03-29T13:47:00
5821,142,2026-04-08T03:33:45
5822,75,2026-03-13T13:24:41
5823,528,2026-04-18T18:47:12
5824,676,2026-03-03T08:56:32
5825,362,2026-04-20T01:25:07
5826,420,2026-04-20T05:32:17
5827,542,2026-04-11T14:26:10
5828,291,2026-04-18T08:29:55
5829,331,2026-04-24T08:21:21
5830,413,2026-03-10T09:30:28
5831,214,2026-04-02T05:01:14
5832,44,2026-04-08T05:46:31
5833,398,2026-04-26T04:05:33
5834,576,2026-04-14T14:58:04
5835,52,2026-04-05T09:23:47
5836,152,2026-04-03T06:41:24
5837,185,2026-03-09T15:01:28
5838,564,2026-03-20T09:20:09
5839,354,2026-03-26T11:56:03
5840,375,2026-04-22T16:31:33
5841,452,2026-04-21T06:27:01
5842,194,2026-04-08T04:18:34
5843,500,2026-03-07T02:41:45
5844,22,2026-04-13T02:39:14
5845,80,2026-03-28T00:31:17
5846,572,2026-04-09T09:59:56
5847,461,2026-03-26T09:33:27
5848,124,2026-04-13T09:51:18
5849,308,2026-03-14T06:28:53
5850,37,2026-03-09T10:28:39
5851,471,2026-03-14T02:35:35
5852,530,2026-04-25T12:20:58
5853,195,2026-03-05T04:47:36
5854,246,2026-03-18T12:27:48
5855,166,2026-03-21T03:16:42
5856,273,2026-04-19T22:18:44
5857,191,2026-03-22T04:19:41
5858,173,2026-04-23T18:59:03
5859,302,2026-04-29T07:19:11
5860,602,2026-04-09T03:12:31
5861,534,2026-03-21T02:41:42
5862,209,2026-04-05T04:48:45
5863,660,2026-04-10T12:25:48
5864,148,2026-03-07T02:24:39
5865,638,2026-04-19T12:36:02
5866,217,2026-03-27T11:39:34
5867,379,2026-04-20T10:06:42
5868,143,2026-04-06T10:55:55
5869,534,2026-04-20T23:22:36
5870,223,2026-03-05T09:35:33
5871,611,2026-03-03T07:03:09
5872,59,2026-03-07T05:37:50
5873,352,2026-04-22T16:06:24
5874,111,2026-04-29T13:02:53
5875,623,2026-04-29T14:57:10
5876,292,2026-03-20T10:07:47
5877,473,2026-03-16T05:44:17
5878,616,2026-03-21T17:32:08
5879,375,2026-04-19T18:14:54
5880,41,2026-03-16T05:22:46
5881,155,2026-04-02T12:08:51
5882,149,2026-04-08T07:36:47
5883,640,2026-03-22T05:49:35
5884,636,2026-03-29T09:23:40
5885,334,2026-04-09T07:55:03
5886,624,2026-04-17T10:10:22
5887,173,2026-03-12T12:56:19
5888,476,2026-03-31T07:47:17
5889,275,2026-03-10T01:03:21
5890,169,2026-03-01T04:50:39
5891,176,2026-04-08T13:03:37
5892,294,2026-03-29T11:58:43
5893,238,2026-03-16T14:40:25
5894,148,2026-03-04T02:12:55
5895,234,2026-04-26T09:54:30
5896,91,2026-04-19T09:18:20
5897,679,2026-04-26T06:07:53
5898,266,2026-03-07T10:16:17
5899,76,2026-03-01T10:51:49
5900,404,2026-03-14T16:55:44
5901,619,2026-03-07T04:55:57
5902,252,2026-03-28T15:35:58
5903,592,2026-04-08T11:11:08
5904,428,2026-03-12T08:55:17
5905,518,2026-03-24T10:31:29
5906,208,2026-04-02T08:53:16
5907,26,2026-03-20T01:05:09
5908,243,2026-03-28T09:14:53
5909,648,2026-04-05T05:13:00
5910,554,2026-04-27T07:25:15
5911,549,2026-03-19T08:51:51
5912,615,2026-03-06T14:24:24
5913,262,2026-04-22T14:36:16
5914,226,2026-04-04T00:29:59
5915,648,2026-03-29T01:57:40
5916,401,2026-04-13T04:59:48
5917,209,2026-04-28T05:52:21
5918,195,2026-03-08T02:10:14
5919,615,2026-04-21T18:51:25
5920,38,2026-04-08T10:46:57
5921,44,2026-04-05T04:21:35
5922,517,2026-04-21T07:13:50
5923,1,2026-03-19T05:59:56
5924,120,2026-04-17T15:44:58
5925,694,2026-04-04T05:15:56
5926,298,2026-04-26T02:12:24
5927,510,2026-03-29T15:35:56
5928,341,2026-04-13T01:31:40
5929,64,2026-03-30T12:49:54
5930,130,2026-03-24T21:40:22
5931,533,2026-03-23T19:48:00
5932,67,2026-04-25T05:25:26
5933,417,2026-04-20T16:58:17
5934,244,2026-03-14T14:57:40
5935,260,2026-04-21T01:56:37
5936,667,2026-04-05T08:42:24
5937,425,2026-03-07T10:22:40
5938,431,2026-04-15T20:09:25
5939,246,2026-03-10T14:33:44
5940,267,2026-04-22T16:22:32
5941,481,2026-03-28T02:10:16
5942,28,2026-04-24T13:18:06
5943,167,2026-03-29T07:48:06
5944,421,2026-03-06T00:17:59
5945,437,2026-04-15T22:05:47
5946,65,2026-04-13T19:12:49
5947,552,2026-03-18T22:10:38
5948,380,2026-03-13T06:11:28
5949,167,2026-04-21T05:25:49
5950,527,2026-04-16T08:52:45
5951,694,2026-03-18T00:22:15
5952,297,2026-04-12T12:59:59
5953,199,2026-03-15T01:52:06
5954,210,2026-03-11T14:09:30
5955,415,2026-04-09T17:36:06
5956,34,2026-04-19T05:47:43
5957,339,2026-04-25T13:42:22
5958,18,2026-03-28T07:13:05
5959,28,2026-03-09T14:42:48
5960,302,2026-04-02T10:31:57
5961,522,2026-04-10T06:14:21
5962,619,2026-04-28T04:11:09
5963,62,2026-03-07T09:22:18
5964,171,2026-04-09T02:16:48
5965,296,2026-03-31T10:32:51
5966,402,2026-04-05T16:24:29
5967,691,2026-03-05T22:07:32
5968,480,2026-03-02T11:42:38
5969,377,2026-04-06T03:03:21
5970,43,2026-03-12T04:28:35
5971,57,2026-04-06T12:03:03
5972,108,2026-03-02T12:48:24
5973,463,2026-04-18T09:19:43
5974,232,2026-03-20T02:05:57
5975,169,2026-03-28T04:14:53
5976,470,2026-03-21T05:34:18
5977,571,2026-03-26T00:46:12
5978,308,2026-04-01T09:06:13
5979,618,2026-04-08T07:19:13
5980,514,2026-04-11T08:07:53
5981,502,2026-04-29T07:14:01
5982,608,2026-03-11T15:18:17
5983,129,2026-04-22T10:35:38
5984,531,2026-04-06T06:06:06
5985,671,2026-03-19T09:36:23
5986,695,2026-04-25T00:46:09
5987,405,2026-04-12T10:56:17
5988,529,2026-03-12T01:30:21
5989,623,2026-03-11T16:29:40
5990,597,2026-04-09T04:38:52
5991,629,2026-04-13T05:59:59
5992,583,2026-03-03T00:03:39
5993,267,2026-04-07T18:10:44
5994,512,2026-04-01T05:13:07
5995,288,2026-04-28T05:11:37
5996,562,2026-04-14T07:31:32
5997,568,2026-04-24T07:02:58
5998,655,2026-03-03T08:04:37
5999,412,2026-04-15T03:40:47
6000,333,2026-03-21T06:09:48
6001,116,2026-04-03T17:19:07
6002,447,2026-04-22T05:01:33
6003,397,2026-04-22T14:45:53
6004,361,2026-03-14T10:54:20
6005,474,2026-03-15T11:41:47
6006,596,2026-04-13T05:25:59
6007,105,2026-04-22T18:23:58
6008,302,2026-04-06T11:02:15
6009,506,2026-03-04T15:15:19
6010,574,2026-03-10T06:27:57
6011,545,2026-04-14T04:03:23
6012,560,2026-04-14T12:53:12
6013,599,2026-04-23T17:37:36
6014,674,2026-04-01T08:11:31
6015,426,2026-03-26T06:53:00
6016,175,2026-03-07T21:14:06
6017,395,2026-04-16T16:39:37
6018,497,2026-04-26T15:58:53
6019,71,2026-03-03T18:21:39
6020,530,2026-03-30T16:51:29
6021,381,2026-03-22T14:55:59
6022,656,2026-04-14T13:32:53
6023,149,2026-04-15T08:39:22
6024,635,2026-03-14T02:11:49
6025,314,2026-04-27T01:50:54
6026,402,2026-03-09T12:13:11
6027,463,2026-04-16T03:17:37
6028,406,2026-04-14T04:51:03
6029,633,2026-03-10T06:12:33
6030,118,2026-04-10T06:40:55
6031,511,2026-03-17T08:21:53
6032,683,2026-03-17T13:21:33
6033,155,2026-03-06T16:54:35
6034,179,2026-04-14T13:01:51
6035,333,2026-04-18T07:44:00
6036,508,2026-03-31T03:08:41
6037,672,2026-04-16T03:48:18
6038,558,2026-03-21T09:43:46
6039,556,2026-04-03T09:37:06
6040,309,2026-04-17T03:38:28
6041,452,2026-03-26T10:01:45
6042,148,2026-04-07T01:21:43
6043,325,2026-03-09T03:43:44
6044,133,2026-03-31T14:35:55
6045,19,2026-04-21T14:11:21
6046,600,2026-04-16T15:45:42
6047,564,2026-03-19T10:17:48
6048,358,2026-04-02T13:38:55
6049,11,2026-04-07T01:38:13
6050,64,2026-04-26T14:14:14
6051,79,2026-04-19T13:02:26
6052,502,2026-04-19T11:57:48
6053,143,2026-04-15T11:45:52
6054,176,2026-03-22T14:01:31
6055,603,2026-03-22T22:11:43
6056,614,2026-03-28T13:33:03
6057,535,2026-03-26T16:53:45
6058,217,2026-04-27T08:13:38
6059,406,2026-04-22T05:31:19
6060,141,2026-04-23T12:42:37
6061,601,2026-04-06T02:52:56
6062,60,2026-03-12T03:33:59
6063,522,2026-03-09T03:25:38
6064,359,2026-03-17T06:11:38
6065,531,2026-04-09T06:32:39
6066,316,2026-03-22T04:30:07
6067,111,2026-04-09T13:53:20
6068,526,2026-04-22T10:31:59
6069,442,2026-03-21T17:46:03
6070,326,2026-04-25T07:25:18
6071,261,2026-03-31T16:29:54
6072,241,2026-04-18T15:02:41
6073,337,2026-03-04T04:29:23
6074,184,2026-03-17T16:12:35
6075,198,2026-04-25T16:19:45
6076,195,2026-04-23T07:58:21
6077,9,2026-04-04T17:40:55
6078,650,2026-03-02T11:11:24
6079,166,2026-03-04T09:33:52
6080,116,2026-03-26T16:27:39
6081,106,2026-04-23T07:45:02
6082,692,2026-03-23T04:17:52
6083,334,2026-04-23T07:38:06
6084,229,2026-04-02T08:45:56
6085,283,2026-03-09T06:43:00
6086,62,2026-04-03T07:34:59
6087,220,2026-03-22T16:01:28
6088,175,2026-03-14T16:42:07
6089,563,2026-04-10T11:57:12
6090,41,2026-03-13T05:38:11
6091,298,2026-04-24T09:35:32
6092,554,2026-04-18T05:30:12
6093,584,2026-04-16T06:05:47
6094,359,2026-03-05T09:57:58
6095,156,2026-04-27T17:22:17
6096,236,2026-03-30T04:42:05
6097,156,2026-04-13T14:32:03
6098,464,2026-03-12T09:41:41
6099,205,2026-04-16T12:04:45
6100,442,2026-03-20T12:41:57
6101,459,2026-04-12T03:33:08
6102,658,2026-03-17T08:28:34
6103,260,2026-04-25T00:44:11
6104,673,2026-04-12T12:38:00
6105,281,2026-03-27T23:45:25
6106,477,2026-03-28T12:36:03
6107,464,2026-03-01T15:47:09
6108,573,2026-03-18T15:53:42
6109,329,2026-04-17T09:48:12
6110,555,2026-04-19T03:58:23
6111,249,2026-04-29T16:32:57
6112,344,2026-03-06T15:28:30
6113,350,2026-03-15T23:04:08
6114,494,2026-04-15T15:36:02
6115,433,2026-03-22T06:40:24
6116,55,2026-03-15T15:17:53
6117,567,2026-03-17T15:02:02
6118,531,2026-04-25T06:50:54
6119,74,2026-04-21T09:07:28
6120,674,2026-03-01T12:42:36
6121,463,2026-04-20T08:58:32
6122,60,2026-04-03T02:55:28
6123,344,2026-04-20T14:13:18
6124,586,2026-04-07T03:36:23
6125,196,2026-04-11T00:56:43
6126,654,2026-04-04T03:42:11
6127,293,2026-04-14T10:17:47
6128,159,2026-04-18T01:05:56
6129,250,2026-03-31T18:31:30
6130,368,2026-03-07T02:36:29
6131,482,2026-03-06T01:11:48
6132,650,2026-03-25T08:22:06
6133,137,2026-03-29T11:25:46
6134,673,2026-04-21T17:30:47
6135,370,2026-03-02T02:03:20
6136,90,2026-04-23T01:19:58
6137,649,2026-03-04T08:50:29
6138,245,2026-03-29T22:17:16
6139,435,2026-03-26T15:48:15
6140,489,2026-04-03T07:49:41
6141,10,2026-03-03T05:51:55
6142,156,2026-04-15T16:33:59
6143,481,2026-03-09T05:21:54
6144,228,2026-04-16T06:15:06
6145,7,2026-04-04T06:32:43
6146,17,2026-04-23T15:46:48
6147,579,2026-04-28T00:49:13
6148,108,2026-04-20T14:04:29
6149,71,2026-03-28T15:55:03
6150,394,2026-03-24T23:17:40
6151,84,2026-04-09T01:15:35
6152,458,2026-04-08T08:20:10
6153,381,2026-04-17T13:21:10
6154,455,2026-03-29T15:10:13
6155,345,2026-03-28T01:19:37
6156,545,2026-03-08T05:50:33
6157,452,2026-03-11T10:01:30
6158,291,2026-04-19T06:40:15
6159,11,2026-04-29T02:52:47
6160,192,2026-04-06T07:40:35
6161,93,2026-03-21T13:28:18
6162,11,2026-03-04T03:35:05
6163,192,2026-03-03T11:32:51
6164,145,2026-04-10T08:22:46
6165,54,2026-04-08T11:50:18
6166,219,2026-03-17T13:39:16
6167,355,2026-03-12T16:03:58
6168,125,2026-03-05T06:44:44
6169,192,2026-04-10T12:14:08
6170,15,2026-04-06T09:32:09
6171,36,2026-03-20T04:10:31
6172,111,2026-04-13T15:28:47
6173,318,2026-04-20T07:08:03
6174,467,2026-04-01T03:13:00
6175,552,2026-03-15T23:52:36
6176,441,2026-03-01T09:05:10
6177,432,2026-04-17T05:18:33
6178,655,2026-04-04T04:02:20
6179,179,2026-03-21T10:11:50
6180,559,2026-03-01T02:42:46
6181,656,2026-04-18T11:33:08
6182,398,2026-04-25T03:20:01
6183,589,2026-03-29T04:05:25
6184,97,2026-03-17T00:42:44
6185,616,2026-04-07T14:15:29
6186,395,2026-04-22T16:30:14
6187,156,2026-04-05T15:07:02
6188,44,2026-03-01T00:26:59
6189,504,2026-03-12T08:52:53
6190,302,2026-03-06T10:37:17
6191,218,2026-03-25T01:28:29
6192,274,2026-03-28T15:10:08
6193,694,2026-04-02T00:15:23
6194,300,2026-04-15T00:58:40
6195,56,2026-03-07T14:56:37
6196,196,2026-04-26T05:19:16
6197,102,2026-03-16T08:38:21
6198,481,2026-04-01T06:46:32
6199,561,2026-03-13T08:24:31
6200,589,2026-03-22T10:14:46
6201,444,2026-04-19T16:20:29
6202,538,2026-03-03T07:28:47
6203,293,2026-03-29T13:21:15
6204,440,2026-04-05T02:29:13
6205,75,2026-04-04T13:09:57
6206,377,2026-03-23T06:18:12
6207,391,2026-03-23T12:10:49
6208,22,2026-04-24T02:20:16
6209,384,2026-03-15T16:16:06
6210,507,2026-03-29T02:26:23
6211,258,2026-03-22T12:59:05
6212,382,2026-04-14T23:50:44
6213,201,2026-04-18T19:37:59
6214,190,2026-04-20T07:30:32
6215,91,2026-03-06T06:19:58
6216,230,2026-03-06T09:05:52
6217,563,2026-03-23T13:37:57
6218,655,2026-03-27T08:13:41
6219,445,2026-03-04T03:02:20
6220,438,2026-04-23T09:59:36
6221,430,2026-04-23T07:12:15
6222,334,2026-03-26T10:05:31
6223,297,2026-04-16T11:35:45
6224,435,2026-04-03T18:38:24
6225,550,2026-04-09T06:16:28
6226,290,2026-04-22T16:12:20
6227,397,2026-03-06T10:08:04
6228,330,2026-03-14T15:25:10
6229,200,2026-03-26T11:24:09
6230,204,2026-04-23T02:21:16
6231,56,2026-04-05T10:55:03
6232,308,2026-03-24T06:58:54
6233,499,2026-03-02T15:52:47
6234,480,2026-04-05T06:33:49
6235,690,2026-03-17T10:57:32
6236,28,2026-03-20T13:14:00
6237,533,2026-04-29T14:44:09
6238,557,2026-04-01T00:36:13
6239,306,2026-03-09T08:36:44
6240,199,2026-03-03T04:04:48
6241,250,2026-03-24T15:08:40
6242,478,2026-03-04T12:55:35
6243,604,2026-03-26T06:16:21
6244,450,2026-03-25T10:20:04
6245,360,2026-04-22T02:41:14
6246,457,2026-03-21T12:53:48
6247,50,2026-03-17T11:23:36
6248,426,2026-04-06T03:48:45
6249,30,2026-04-08T15:36:54
6250,672,2026-03-03T05:11:16
6251,623,2026-03-06T14:33:36
6252,356,2026-03-11T16:57:44
6253,262,2026-04-16T15:59:45
6254,513,2026-03-13T10:59:53
6255,447,2026-04-29T02:04:55
6256,494,2026-03-27T15:48:38
6257,361,2026-04-26T07:28:50
6258,166,2026-03-15T08:27:44
6259,52,2026-03-26T11:25:18
6260,199,2026-03-09T01:40:02
6261,371,2026-04-20T07:30:54
6262,297,2026-04-05T08:04:33
6263,355,2026-03-05T18:23:32
6264,195,2026-04-14T04:55:45
6265,657,2026-04-23T00:08:07
6266,257,2026-04-11T13:13:27
6267,593,2026-04-18T02:06:44
6268,274,2026-03-17T14:43:24
6269,311,2026-03-26T05:48:41
6270,423,2026-04-21T05:48:33
6271,185,2026-04-06T16:04:21
6272,154,2026-04-06T03:58:40
6273,266,2026-04-16T07:53:27
6274,564,2026-04-06T11:49:48
6275,102,2026-03-08T08:51:03
6276,307,2026-03-13T04:49:48
6277,471,2026-04-16T00:02:45
6278,495,2026-03-15T10:42:42
6279,305,2026-04-08T23:54:15
6280,58,2026-03-29T09:34:59
6281,12,2026-04-07T00:54:39
6282,329,2026-03-15T10:02:32
6283,568,2026-03-19T07:35:14
6284,20,2026-04-11T06:58:26
6285,622,2026-03-11T03:33:26
6286,474,2026-03-19T19:26:19
6287,6,2026-04-29T17:17:18
6288,241,2026-03-10T17:47:07
6289,155,2026-04-04T19:56:43
6290,665,2026-03-10T07:22:13
6291,389,2026-04-12T15:29:28
6292,227,2026-03-08T07:27:18
6293,195,2026-04-04T06:37:58
6294,395,2026-03-27T10:27:30
6295,4,2026-04-11T01:43:17
6296,181,2026-03-01T03:59:59
6297,116,2026-03-31T16:18:49
6298,435,2026-04-02T12:12:46
6299,469,2026-03-15T07:33:08
6300,327,2026-03-17T22:30:53
6301,99,2026-04-12T14:25:10
6302,260,2026-04-03T01:09:10
6303,591,2026-04-04T02:06:21
6304,143,2026-04-26T13:29:01
6305,115,2026-03-25T09:43:01
6306,79,2026-04-22T15:32:00
6307,572,2026-04-28T07:46:18
6308,84,2026-04-04T00:08:30
6309,408,2026-03-13T01:56:06
6310,700,2026-03-26T00:41:07
6311,450,2026-03-03T05:39:31
6312,289,2026-04-11T13:49:11
6313,145,2026-03-17T04:56:29
6314,2,2026-04-25T12:48:10
6315,109,2026-04-09T17:28:43
6316,668,2026-03-29T23:43:42
6317,101,2026-03-12T05:25:55
6318,14,2026-03-06T09:08:57
6319,572,2026-04-10T09:59:43
6320,294,2026-04-15T11:37:07
6321,250,2026-03-16T17:47:32
6322,503,2026-03-01T16:41:06
6323,367,2026-03-20T08:20:40
6324,641,2026-04-15T13:45:19
6325,328,2026-04-04T10:19:29
6326,500,2026-03-05T22:42:38
6327,616,2026-03-07T19:49:24
6328,325,2026-03-07T04:37:22
6329,199,2026-04-15T01:28:26
6330,683,2026-04-16T16:43:16
6331,159,2026-03-25T01:04:13
6332,28,2026-04-11T14:51:06
6333,405,2026-03-02T06:30:03
6334,691,2026-04-03T03:34:27
6335,61,2026-03-17T05:12:38
6336,595,2026-04-19T11:08:02
6337,582,2026-03-30T00:21:28
6338,651,2026-04-21T14:48:37
6339,296,2026-04-03T13:00:51
6340,179,2026-03-28T13:39:49
6341,359,2026-04-26T07:59:32
6342,100,2026-04-29T07:41:58
6343,590,2026-03-28T08:17:53
6344,465,2026-03-22T19:17:19
6345,339,2026-04-08T10:20:26
6346,362,2026-03-10T22:08:49
6347,499,2026-03-24T16:35:42
6348,367,2026-04-20T03:46:30
6349,588,2026-04-23T12:30:29
6350,648,2026-03-25T01:02:16
6351,665,2026-03-24T08:51:31
6352,435,2026-04-22T15:24:05
6353,520,2026-03-13T01:30:48
6354,218,2026-03-03T22:30:26
6355,27,2026-03-05T09:38:23
6356,281,2026-03-07T04:01:52
6357,611,2026-04-21T22:14:59
6358,94,2026-03-03T10:35:56
6359,382,2026-03-20T00:23:51
6360,135,2026-04-06T15:07:27
6361,301,2026-04-06T00:55:45
6362,101,2026-04-19T04:14:46
6363,515,2026-04-28T17:13:39
6364,568,2026-03-25T09:59:12
6365,531,2026-03-14T06:13:14
6366,494,2026-03-06T08:33:44
6367,165,2026-04-23T07:31:00
6368,372,2026-03-23T15:58:01
6369,74,2026-04-23T12:57:41
6370,263,2026-03-21T14:29:25
6371,355,2026-04-15T17:02:54
6372,468,2026-04-08T12:48:46
6373,68,2026-04-12T06:38:15
6374,570,2026-04-09T18:02:21
6375,322,2026-03-19T01:08:15
6376,617,2026-03-07T04:17:06
6377,370,2026-03-01T04:50:17
6378,383,2026-03-26T04:16:58
6379,485,2026-04-23T08:53:59
6380,574,2026-04-08T05:04:17
6381,111,2026-04-10T16:30:31
6382,358,2026-03-16T09:57:02
6383,21,2026-03-30T11:38:10
6384,333,2026-03-25T09:30:24
6385,570,2026-03-09T18:23:26
6386,606,2026-04-06T10:35:41
6387,199,2026-03-22T03:15:20
6388,271,2026-03-25T04:31:23
6389,387,2026-04-05T14:03:45
6390,278,2026-03-02T03:14:54
6391,125,2026-04-26T10:43:39
6392,214,2026-03-14T06:55:12
6393,283,2026-04-10T10:25:26
6394,364,2026-04-16T04:40:34
6395,645,2026-03-10T10:27:16
6396,382,2026-03-15T00:07:06
6397,271,2026-03-25T01:57:50
6398,463,2026-04-19T08:27:07
6399,542,2026-04-08T11:06:06
6400,302,2026-03-29T13:00:11
6401,343,2026-04-20T12:12:00
6402,153,2026-03-29T11:40:13
6403,606,2026-04-23T08:19:06
6404,607,2026-04-16T03:31:39
6405,123,2026-03-11T03:09:53
6406,243,2026-03-23T14:54:50
6407,191,2026-03-02T08:58:34
6408,647,2026-03-15T01:56:51
6409,46,2026-03-02T08:37:24
6410,146,2026-03-07T09:05:37
6411,221,2026-03-01T03:07:19
6412,393,2026-04-10T17:05:24
6413,175,2026-03-25T11:29:07
6414,376,2026-03-29T13:53:15
6415,524,2026-04-15T01:47:05
6416,581,2026-04-18T04:30:17
6417,70,2026-04-01T06:44:41
6418,98,2026-03-28T05:28:27
6419,67,2026-04-08T03:37:52
6420,637,2026-03-24T21:34:37
6421,457,2026-03-27T10:36:58
6422,372,2026-03-18T13:27:33
6423,554,2026-03-12T05:44:40
6424,411,2026-03-11T23:36:45
6425,165,2026-04-09T09:16:11
6426,358,2026-04-19T10:56:07
6427,493,2026-03-26T16:29:27
6428,26,2026-03-06T04:36:06
6429,425,2026-04-06T09:31:57
6430,348,2026-04-24T04:19:59
6431,49,2026-04-01T20:04:11
6432,185,2026-03-02T15:12:18
6433,314,2026-03-05T02:57:13
6434,240,2026-04-01T06:57:58
6435,204,2026-04-21T04:09:48
6436,455,2026-03-04T12:34:17
6437,284,2026-04-15T04:15:44
6438,349,2026-04-16T16:34:03
6439,559,2026-03-03T23:39:09
6440,66,2026-03-13T15:01:30
6441,252,2026-03-01T12:57:19
6442,52,2026-04-03T08:55:11
6443,650,2026-03-11T08:57:30
6444,130,2026-04-24T15:28:53
6445,574,2026-03-06T09:43:31
6446,134,2026-04-08T03:59:25
6447,227,2026-04-17T10:11:06
6448,426,2026-03-11T07:10:26
6449,582,2026-03-16T05:48:51
6450,125,2026-04-17T08:19:23
6451,150,2026-03-06T02:10:51
6452,618,2026-03-27T08:12:06
6453,226,2026-03-15T22:41:37
6454,147,2026-03-01T04:22:37
6455,521,2026-03-27T23:18:17
6456,64,2026-03-30T16:58:09
6457,607,2026-03-21T02:58:41
6458,614,2026-04-18T12:24:38
6459,600,2026-03-06T13:13:23
6460,207,2026-03-26T12:49:24
6461,80,2026-03-11T01:45:54
6462,298,2026-04-15T08:45:51
6463,235,2026-04-03T14:12:23
6464,672,2026-04-12T02:17:31
6465,443,2026-03-07T03:04:24
6466,662,2026-03-28T13:34:53
6467,526,2026-03-04T10:02:28
6468,501,2026-03-20T01:51:01
6469,79,2026-04-26T14:18:06
6470,49,2026-04-13T16:36:43
6471,33,2026-03-05T02:09:02
6472,416,2026-03-23T14:15:33
6473,142,2026-04-22T00:16:33
6474,693,2026-03-11T00:51:10
6475,93,2026-04-15T13:58:39
6476,663,2026-03-20T16:33:06
6477,468,2026-03-29T11:06:55
6478,75,2026-04-22T14:58:44
6479,41,2026-04-10T05:17:09
6480,278,2026-03-18T03:39:22
6481,238,2026-03-01T14:13:53
6482,221,2026-03-15T04:26:04
6483,370,2026-03-26T04:02:16
6484,91,2026-03-09T07:26:41
6485,91,2026-04-22T10:40:30
6486,487,2026-03-04T16:52:17
6487,694,2026-04-01T23:57:09
6488,192,2026-04-28T05:58:18
6489,653,2026-03-21T03:58:27
6490,242,2026-04-01T23:24:04
6491,236,2026-03-05T02:15:36
6492,64,2026-04-13T12:09:25
6493,297,2026-04-28T12:09:15
6494,349,2026-04-16T08:02:54
6495,465,2026-03-09T15:42:50
6496,111,2026-03-22T12:19:51
6497,133,2026-04-13T18:30:56
6498,303,2026-04-17T08:20:19
6499,49,2026-03-25T13:32:21
6500,101,2026-04-27T04:25:18
6501,441,2026-03-13T09:35:14
6502,668,2026-04-14T03:08:51
6503,402,2026-03-30T19:54:20
6504,102,2026-04-12T03:29:44
6505,694,2026-04-05T00:41:58
6506,366,2026-03-26T06:56:12
6507,502,2026-04-18T09:05:18
6508,138,2026-04-20T05:13:53
6509,405,2026-04-19T07:32:24
6510,54,2026-03-06T14:41:54
6511,439,2026-03-26T04:28:34
6512,142,2026-04-14T00:02:20
6513,637,2026-04-22T01:41:27
6514,39,2026-03-22T14:38:53
6515,457,2026-04-14T08:00:02
6516,98,2026-04-03T02:56:39
6517,481,2026-03-14T08:53:51
6518,346,2026-04-23T09:16:52
6519,678,2026-03-27T06:36:32
6520,457,2026-04-06T09:48:23
6521,261,2026-03-18T16:26:58
6522,62,2026-03-02T11:04:23
6523,418,2026-03-28T07:24:23
6524,309,2026-04-13T09:21:30
6525,37,2026-03-20T10:48:29
6526,407,2026-04-25T13:00:15
6527,147,2026-04-15T01:56:23
6528,164,2026-04-08T15:21:32
6529,7,2026-04-18T08:23:07
6530,261,2026-04-21T13:18:30
6531,153,2026-04-13T15:01:43
6532,51,2026-04-19T12:41:11
6533,305,2026-04-12T04:44:14
6534,155,2026-04-21T09:17:53
6535,94,2026-03-07T06:07:54
6536,327,2026-03-21T04:49:06
6537,45,2026-04-23T06:41:02
6538,694,2026-03-29T02:17:52
6539,330,2026-03-01T13:40:58
6540,698,2026-04-20T16:13:32
6541,617,2026-04-09T05:38:51
6542,686,2026-04-24T08:29:28
6543,380,2026-03-01T13:11:18
6544,297,2026-03-09T13:39:51
6545,504,2026-03-31T09:10:29
6546,57,2026-03-11T15:53:27
6547,589,2026-04-01T02:06:35
6548,227,2026-03-21T06:48:18
6549,6,2026-03-13T11:17:16
6550,167,2026-04-16T07:31:09
6551,170,2026-03-03T11:51:05
6552,10,2026-04-22T05:58:41
6553,469,2026-03-10T04:29:27
6554,67,2026-04-04T05:17:49
6555,593,2026-04-29T01:44:34
6556,318,2026-03-07T03:59:30
6557,503,2026-04-25T18:17:58
6558,238,2026-03-19T12:23:16
6559,93,2026-04-14T15:49:50
6560,127,2026-04-21T05:15:56
6561,453,2026-03-14T15:33:34
6562,502,2026-03-21T07:22:38
6563,188,2026-04-21T04:30:51
6564,250,2026-03-07T20:35:32
6565,662,2026-03-07T13:30:26
6566,597,2026-03-19T02:28:47
6567,290,2026-04-06T16:22:53
6568,169,2026-04-18T03:03:20
6569,211,2026-04-03T15:46:27
6570,377,2026-03-30T00:21:44
6571,397,2026-04-22T13:04:40
6572,129,2026-03-11T07:29:21
6573,47,2026-04-24T09:49:43
6574,347,2026-03-19T03:39:15
6575,559,2026-03-17T00:35:08
6576,107,2026-04-27T10:57:13
6577,286,2026-04-08T09:40:58
6578,114,2026-03-26T11:57:53
6579,170,2026-03-20T12:53:07
6580,429,2026-03-27T16:30:48
6581,201,2026-04-17T14:04:22
6582,185,2026-03-10T14:34:12
6583,697,2026-03-11T09:56:16
6584,121,2026-03-19T08:41:04
6585,133,2026-03-29T13:13:12
6586,651,2026-04-18T13:50:09
6587,386,2026-03-13T02:50:09
6588,31,2026-04-17T13:44:18
6589,298,2026-04-24T07:09:54
6590,396,2026-03-27T12:43:36
6591,178,2026-04-27T03:51:11
6592,384,2026-04-23T13:26:39
6593,454,2026-04-17T15:41:55
6594,176,2026-03-23T17:52:06
6595,569,2026-03-19T14:44:14
6596,317,2026-04-21T14:39:27
6597,675,2026-03-26T23:24:08
6598,62,2026-03-02T10:09:31
6599,227,2026-04-13T10:16:37
6600,505,2026-03-21T12:35:15
6601,627,2026-04-26T16:44:15
6602,156,2026-04-21T12:18:43
6603,687,2026-03-07T02:22:33
6604,136,2026-04-24T06:12:35
6605,292,2026-04-26T07:21:03
6606,221,2026-04-15T01:38:43
6607,298,2026-03-17T06:00:33
6608,632,2026-04-10T01:38:41
6609,513,2026-04-22T11:03:19
6610,558,2026-04-18T05:57:53
6611,178,2026-03-26T03:44:00
6612,663,2026-04-12T15:58:40
6613,305,2026-03-24T04:22:03
6614,457,2026-03-16T05:24:48
6615,489,2026-04-10T07:28:49
6616,465,2026-03-28T16:10:30
6617,422,2026-03-14T18:43:33
6618,337,2026-04-09T04:08:14
6619,454,2026-03-20T15:50:00
6620,634,2026-04-05T14:58:05
6621,273,2026-03-22T04:15:13
6622,358,2026-04-23T08:23:29
6623,127,2026-04-21T07:02:11
6624,249,2026-03-29T11:20:47
6625,541,2026-04-12T16:12:42
6626,449,2026-03-11T15:37:35
6627,148,2026-04-29T02:47:39
6628,383,2026-03-13T02:03:01
6629,569,2026-04-22T14:10:15
6630,87,2026-04-20T09:38:14
6631,44,2026-03-11T05:27:01
6632,275,2026-03-01T00:52:26
6633,460,2026-04-14T06:47:23
6634,220,2026-04-22T13:43:24
6635,575,2026-04-12T13:58:40
6636,593,2026-03-03T22:25:41
6637,373,2026-04-08T10:39:19
6638,266,2026-03-24T05:06:10
6639,30,2026-04-24T16:05:22
6640,576,2026-04-18T15:14:22
6641,627,2026-04-17T18:17:05
6642,310,2026-03-25T14:15:32
6643,362,2026-03-20T04:40:22
6644,528,2026-04-19T19:23:59
6645,487,2026-03-07T12:42:08
6646,95,2026-03-07T15:08:55
6647,471,2026-03-04T08:21:20
6648,648,2026-03-30T23:34:22
6649,526,2026-03-05T08:59:15
6650,337,2026-04-04T03:21:20
6651,367,2026-03-11T06:34:02
6652,182,2026-04-22T21:29:56
6653,463,2026-03-26T10:00:20
6654,170,2026-03-06T14:17:51
6655,240,2026-04-11T08:17:46
6656,186,2026-03-21T08:27:42
6657,235,2026-03-16T11:11:23
6658,257,2026-04-09T13:42:37
6659,59,2026-04-27T07:28:21
6660,503,2026-04-28T11:05:43
6661,309,2026-03-27T06:21:49
6662,665,2026-04-20T07:30:42
6663,127,2026-03-13T11:13:24
6664,469,2026-04-20T07:37:50
6665,126,2026-04-26T15:45:00
6666,384,2026-04-01T13:40:43
6667,344,2026-04-01T16:40:50
6668,315,2026-04-03T15:55:39
6669,459,2026-03-05T06:31:28
6670,580,2026-04-21T05:46:56
6671,222,2026-04-14T02:20:02
6672,595,2026-04-22T13:44:56
6673,130,2026-03-07T15:34:16
6674,206,2026-04-18T03:52:25
6675,218,2026-03-22T02:04:16
6676,668,2026-04-19T04:54:59
6677,84,2026-04-29T00:13:22
6678,277,2026-04-22T03:50:23
6679,298,2026-04-24T07:22:36
6680,561,2026-03-07T08:36:14
6681,341,2026-03-20T01:20:20
6682,677,2026-03-18T02:50:12
6683,519,2026-03-31T13:43:43
6684,493,2026-04-28T16:19:07
6685,528,2026-04-11T15:07:39
6686,114,2026-04-02T13:57:21
6687,315,2026-04-18T14:58:06
6688,411,2026-03-11T00:10:58
6689,146,2026-04-09T06:19:20
6690,84,2026-03-31T02:13:19
6691,96,2026-03-13T03:13:04
6692,553,2026-04-08T10:09:55
6693,460,2026-04-20T12:43:54
6694,197,2026-04-19T17:46:06
6695,517,2026-04-20T09:36:17
6696,487,2026-04-18T14:26:08
6697,572,2026-03-29T11:58:42
6698,638,2026-03-03T09:44:09
6699,618,2026-04-27T03:03:23
6700,127,2026-03-28T07:30:32
6701,539,2026-04-07T10:10:57
6702,276,2026-03-01T23:24:59
6703,283,2026-04-23T06:23:25
6704,453,2026-04-23T15:53:12
6705,422,2026-04-25T12:49:34
6706,294,2026-03-11T11:25:20
6707,700,2026-04-19T20:46:26
6708,123,2026-04-06T22:37:51
6709,68,2026-03-09T09:33:25
6710,21,2026-04-04T06:51:31
6711,570,2026-03-29T19:37:33
6712,285,2026-04-07T02:12:20
6713,307,2026-03-06T05:23:53
6714,455,2026-04-03T14:24:25
6715,305,2026-04-10T02:50:35
6716,402,2026-04-12T14:08:44
6717,41,2026-04-16T08:28:49
6718,110,2026-04-07T08:32:21
6719,653,2026-04-12T06:57:02
6720,316,2026-03-06T09:47:39
6721,118,2026-04-17T07:15:06
6722,259,2026-03-23T03:03:48
6723,235,2026-04-02T14:07:59
6724,192,2026-04-02T10:03:03
6725,206,2026-04-28T04:24:01
6726,511,2026-03-20T05:44:44
6727,75,2026-03-24T10:39:42
6728,217,2026-04-15T04:42:56
6729,328,2026-04-08T10:31:07
6730,379,2026-03-20T08:24:04
6731,617,2026-03-21T08:49:22
6732,647,2026-04-19T06:21:04
6733,209,2026-04-20T08:35:54
6734,378,2026-03-09T16:16:36
6735,16,2026-03-24T12:21:40
6736,432,2026-04-15T23:03:40
6737,108,2026-03-08T13:36:31
6738,52,2026-03-12T06:30:27
6739,471,2026-03-10T03:18:13
6740,125,2026-04-01T07:36:56
6741,335,2026-03-28T08:07:33
6742,71,2026-03-20T15:51:07
6743,522,2026-03-09T05:01:10
6744,536,2026-04-08T14:32:07
6745,403,2026-04-18T15:16:53
6746,586,2026-03-13T03:09:00
6747,306,2026-04-09T04:10:55
6748,131,2026-04-17T04:18:49
6749,106,2026-04-03T08:37:08
6750,154,2026-04-04T02:47:05
6751,141,2026-03-11T12:55:55
6752,227,2026-04-27T07:37:36
6753,151,2026-04-27T14:29:55
6754,414,2026-04-11T22:46:55
6755,104,2026-04-24T13:48:00
6756,436,2026-04-06T11:24:03
6757,234,2026-04-09T13:25:47
6758,481,2026-04-19T08:04:07
6759,360,2026-03-03T06:00:49
6760,634,2026-03-14T10:53:52
6761,308,2026-03-13T07:51:29
6762,207,2026-04-07T19:20:16
6763,413,2026-03-15T03:56:59
6764,462,2026-03-24T13:05:25
6765,308,2026-03-30T06:57:14
6766,392,2026-04-14T07:35:34
6767,330,2026-04-01T12:31:20
6768,215,2026-03-02T02:44:42
6769,220,2026-04-11T14:13:59
6770,636,2026-03-26T10:28:11
6771,473,2026-03-07T06:13:14
6772,67,2026-04-09T06:36:52
6773,674,2026-03-17T10:24:50
6774,499,2026-03-28T19:25:46
6775,36,2026-04-28T05:44:08
6776,510,2026-03-15T11:48:05
6777,413,2026-04-23T08:51:17
6778,641,2026-03-28T14:47:06
6779,343,2026-04-25T15:10:28
6780,364,2026-04-20T10:43:42
6781,221,2026-04-19T00:42:43
6782,226,2026-03-12T23:01:28
6783,433,2026-04-17T05:11:22
6784,580,2026-03-23T05:30:27
6785,624,2026-04-24T18:18:42
6786,540,2026-04-29T06:47:13
6787,427,2026-04-06T01:46:00
6788,351,2026-04-24T04:14:42
6789,238,2026-04-01T18:01:38
6790,538,2026-03-03T06:15:06
6791,223,2026-04-22T09:54:36
6792,188,2026-04-01T08:54:22
6793,608,2026-03-03T15:30:54
6794,413,2026-03-04T07:50:43
6795,248,2026-04-13T17:33:28
6796,606,2026-04-25T12:59:58
6797,674,2026-04-11T09:09:42
6798,223,2026-03-27T12:29:12
6799,365,2026-03-19T06:10:37
6800,339,2026-03-26T06:07:38
6801,492,2026-03-20T02:09:48
6802,666,2026-03-17T08:00:03
6803,384,2026-03-08T12:56:54
6804,559,2026-04-04T02:42:16
6805,417,2026-03-14T18:29:30
6806,621,2026-03-09T04:49:05
6807,284,2026-03-17T05:34:09
6808,270,2026-04-17T18:25:49
6809,296,2026-04-04T08:29:44
6810,698,2026-03-30T18:25:25
6811,429,2026-04-05T15:24:04
6812,107,2026-04-03T10:50:53
6813,29,2026-03-30T08:58:10
6814,364,2026-04-20T05:11:02
6815,564,2026-04-13T08:44:14
6816,336,2026-03-12T06:03:41
6817,393,2026-04-19T15:47:17
6818,559,2026-03-11T08:57:30
6819,362,2026-03-04T23:43:07
6820,637,2026-03-25T23:32:41
6821,447,2026-03-24T04:56:58
6822,512,2026-04-17T06:46:58
6823,548,2026-04-11T17:47:54
6824,439,2026-03-04T01:57:58
6825,36,2026-03-30T03:32:50
6826,300,2026-04-17T05:48:49
6827,100,2026-04-13T06:53:45
6828,358,2026-03-31T10:28:12
6829,101,2026-04-06T11:43:10
6830,357,2026-04-02T23:38:45
6831,241,2026-03-14T13:59:16
6832,15,2026-04-03T07:37:57
6833,88,2026-04-10T12:43:40
6834,353,2026-03-04T06:55:20
6835,56,2026-04-11T13:00:31
6836,600,2026-03-15T16:08:20
6837,532,2026-03-01T15:19:13
6838,497,2026-04-15T14:41:28
6839,121,2026-03-24T09:26:35
6840,557,2026-03-24T22:51:41
6841,445,2026-04-07T08:04:20
6842,274,2026-04-03T16:21:14
6843,1,2026-04-07T00:08:09
6844,371,2026-04-26T09:42:09
6845,558,2026-04-09T04:16:34
6846,24,2026-03-03T10:14:17
6847,37,2026-03-14T09:36:36
6848,269,2026-03-27T08:05:38
6849,359,2026-03-29T12:55:49
6850,333,2026-03-22T08:01:02
6851,299,2026-03-12T12:20:53
6852,179,2026-03-07T14:31:55
6853,42,2026-03-09T07:00:27
6854,22,2026-04-27T02:03:33
6855,70,2026-03-24T08:58:55
6856,484,2026-04-27T07:35:06
6857,551,2026-03-21T09:01:57
6858,305,2026-03-18T22:22:43
6859,55,2026-03-30T18:19:42
6860,291,2026-04-26T09:00:17
6861,690,2026-04-03T03:34:59
6862,175,2026-03-03T17:13:45
6863,344,2026-03-17T15:38:56
6864,377,2026-04-28T00:44:52
6865,231,2026-03-10T04:25:40
6866,307,2026-04-20T01:22:30
6867,331,2026-04-25T04:38:22
6868,332,2026-03-13T12:43:11
6869,503,2026-04-03T19:23:02
6870,407,2026-04-05T14:48:28
6871,38,2026-04-17T11:17:35
6872,5,2026-04-17T03:47:34
6873,288,2026-03-04T07:22:28
6874,636,2026-03-20T08:40:21
6875,26,2026-04-26T03:59:24
6876,50,2026-03-22T09:44:46
6877,476,2026-03-15T08:19:55
6878,316,2026-04-07T07:34:16
6879,162,2026-03-12T02:12:38
6880,146,2026-03-09T11:27:50
6881,466,2026-04-17T09:37:24
6882,367,2026-03-08T04:03:26
6883,447,2026-04-23T05:23:33
6884,197,2026-03-15T17:58:35
6885,369,2026-03-07T14:59:55
6886,603,2026-04-14T02:50:03
6887,222,2026-03-11T03:42:49
6888,278,2026-03-22T05:40:12
6889,115,2026-03-22T03:31:21
6890,448,2026-03-31T02:38:26
6891,23,2026-03-29T02:14:30
6892,175,2026-03-12T16:34:44
6893,500,2026-03-15T02:33:10
6894,14,2026-03-12T07:05:58
6895,693,2026-03-04T03:16:50
6896,283,2026-04-09T07:19:04
6897,280,2026-03-29T05:41:33
6898,376,2026-03-07T09:20:56
6899,448,2026-03-20T01:12:02
6900,322,2026-04-10T04:47:18
6901,619,2026-03-18T03:30:27
6902,674,2026-03-25T12:36:58
6903,141,2026-04-14T15:20:33
6904,495,2026-04-10T13:23:02
6905,211,2026-04-12T14:34:38
6906,697,2026-03-23T06:19:30
6907,178,2026-03-30T00:57:35
6908,207,2026-04-20T16:51:46
6909,500,2026-04-22T00:57:05
6910,553,2026-03-04T11:47:21
6911,91,2026-04-20T07:05:07
6912,389,2026-04-23T13:48:58
6913,242,2026-04-26T03:14:55
6914,429,2026-03-17T19:23:55
6915,390,2026-03-31T03:25:15
6916,691,2026-03-03T03:28:19
6917,654,2026-03-07T05:48:27
6918,458,2026-04-03T07:34:00
6919,476,2026-03-13T11:32:51
6920,630,2026-03-14T20:11:10
6921,129,2026-03-18T11:47:41
6922,509,2026-03-28T06:21:01
6923,541,2026-03-10T17:40:08
6924,90,2026-04-17T22:29:40
6925,617,2026-04-10T05:39:03
6926,490,2026-04-17T18:40:08
6927,243,2026-04-25T15:33:12
6928,340,2026-04-06T07:26:28
6929,343,2026-03-22T18:42:12
6930,644,2026-04-28T16:09:11
6931,679,2026-04-03T08:58:11
6932,565,2026-03-28T02:25:52
6933,457,2026-03-25T11:58:48
6934,73,2026-03-03T10:31:17
6935,641,2026-04-27T16:07:38
6936,94,2026-04-19T10:39:41
6937,117,2026-04-11T00:31:14
6938,49,2026-03-14T17:51:35
6939,664,2026-04-25T12:50:03
6940,346,2026-03-11T10:13:22
6941,166,2026-03-15T03:46:35
6942,57,2026-03-05T11:33:45
6943,289,2026-03-18T11:27:22
6944,507,2026-03-20T00:25:06
6945,697,2026-04-17T05:40:42
6946,387,2026-03-20T15:41:42
6947,425,2026-04-27T12:52:06
6948,586,2026-03-19T06:52:10
6949,632,2026-03-31T23:14:16
6950,196,2026-04-05T03:28:04
6951,695,2026-04-19T03:59:47
6952,364,2026-04-15T10:50:58
6953,652,2026-04-22T10:26:50
6954,83,2026-04-26T12:00:10
6955,69,2026-03-08T17:13:16
6956,620,2026-03-05T22:54:15
6957,471,2026-03-27T07:42:27
6958,123,2026-03-09T22:47:00
6959,627,2026-03-30T17:46:13
6960,72,2026-04-05T07:08:40
6961,478,2026-03-17T08:35:39
6962,144,2026-03-06T12:40:45
6963,50,2026-04-27T08:05:25
6964,565,2026-03-23T03:30:01
6965,594,2026-04-20T03:16:58
6966,75,2026-04-07T14:58:31
6967,66,2026-04-09T10:15:54
6968,431,2026-04-16T19:18:50
6969,21,2026-03-16T12:53:07
6970,523,2026-03-14T02:36:47
6971,641,2026-04-29T14:56:38
6972,526,2026-04-10T10:31:48
6973,162,2026-03-18T04:11:42
6974,134,2026-04-08T08:13:04
6975,477,2026-03-24T10:10:06
6976,44,2026-04-21T05:48:16
6977,377,2026-03-31T02:01:12
6978,315,2026-03-19T15:44:31
6979,522,2026-04-11T03:26:59
6980,142,2026-04-15T02:32:30
6981,534,2026-03-23T04:49:20
6982,490,2026-04-15T17:56:45
6983,168,2026-03-15T17:17:29
6984,250,2026-03-15T16:55:55
6985,47,2026-04-19T07:54:25
6986,315,2026-04-07T18:49:43
6987,183,2026-03-03T10:07:04
6988,80,2026-04-10T04:09:28
6989,392,2026-03-19T05:02:25
6990,398,2026-03-17T02:53:35
6991,61,2026-03-26T05:57:46
6992,130,2026-03-28T14:18:00
6993,58,2026-04-23T03:31:18
6994,476,2026-03-27T08:34:27
6995,237,2026-03-18T03:23:38
6996,50,2026-04-16T10:58:06
6997,135,2026-04-02T16:56:42
6998,684,2026-02-28T23:13:43
6999,180,2026-04-07T12:32:32
7000,480,2026-03-31T06:11:46
7001,328,2026-04-04T13:05:30
7002,128,2026-03-12T04:51:59
7003,216,2026-03-29T01:51:03
7004,10,2026-04-08T04:00:27
7005,523,2026-04-10T04:32:43
7006,235,2026-04-10T14:10:05
7007,350,2026-04-29T03:33:40
7008,107,2026-03-31T10:19:08
7009,577,2026-03-26T05:32:36
7010,153,2026-04-02T14:44:54
7011,397,2026-03-20T15:05:14
7012,611,2026-03-19T00:28:11
7013,500,2026-04-10T23:20:36
7014,423,2026-03-19T03:23:21
7015,622,2026-04-14T05:55:47
7016,124,2026-04-14T10:55:08
7017,675,2026-04-26T23:39:47
7018,390,2026-03-07T21:45:49
7019,287,2026-03-22T12:23:44
7020,180,2026-04-16T13:37:18
7021,522,2026-03-26T04:28:43
7022,684,2026-04-08T19:20:22
7023,484,2026-04-14T06:47:25
7024,23,2026-04-23T04:51:44
7025,329,2026-03-14T04:21:55
7026,513,2026-03-16T12:15:35
7027,279,2026-03-29T01:24:58
7028,542,2026-03-31T13:56:35
7029,496,2026-04-24T19:46:50
7030,48,2026-03-03T13:15:03
7031,391,2026-03-15T06:37:11
7032,121,2026-04-24T08:49:13
7033,341,2026-04-06T02:21:19
7034,270,2026-04-10T16:54:16
7035,565,2026-03-14T23:56:41
7036,608,2026-04-07T14:13:59
7037,324,2026-03-23T06:36:10
7038,376,2026-04-13T08:13:13
7039,439,2026-03-06T07:40:55
7040,459,2026-03-18T07:04:22
7041,445,2026-04-08T07:38:41
7042,549,2026-04-06T13:20:11
7043,688,2026-04-20T03:30:53
7044,580,2026-04-18T02:30:28
7045,95,2026-03-01T18:59:52
7046,334,2026-03-06T07:05:00
7047,323,2026-03-21T22:34:32
7048,357,2026-04-26T21:08:48
7049,370,2026-03-29T04:38:08
7050,503,2026-04-23T12:25:52
7051,295,2026-03-04T13:09:46
7052,185,2026-04-27T16:10:29
7053,321,2026-03-04T17:07:54
7054,599,2026-04-18T14:46:50
7055,219,2026-04-22T17:54:10
7056,15,2026-03-18T09:19:00
7057,684,2026-03-19T02:22:14
7058,138,2026-04-04T04:02:26
7059,422,2026-04-13T16:10:41
7060,561,2026-03-08T04:09:10
7061,193,2026-03-15T16:56:17
7062,239,2026-04-15T15:18:23
7063,197,2026-04-18T16:47:31
7064,105,2026-03-10T10:08:25
7065,108,2026-04-23T13:10:25
7066,131,2026-04-22T01:12:40
7067,321,2026-04-22T16:11:40
7068,372,2026-03-15T13:12:48
7069,12,2026-04-10T07:17:57
7070,593,2026-03-10T00:25:56
7071,474,2026-03-12T11:11:51
7072,50,2026-03-05T09:31:17
7073,590,2026-03-30T07:21:40
7074,22,2026-04-11T23:37:41
7075,393,2026-03-12T17:34:40
7076,326,2026-03-12T04:54:50
7077,352,2026-03-17T14:37:46
7078,670,2026-03-12T10:41:24
7079,649,2026-04-19T14:50:13
7080,196,2026-03-11T02:11:33
7081,406,2026-03-17T05:52:35
7082,672,2026-03-18T23:26:41
7083,511,2026-03-13T04:39:03
7084,622,2026-04-26T03:43:04
7085,305,2026-03-13T02:12:43
7086,199,2026-03-29T21:33:37
7087,358,2026-04-03T07:17:43
7088,572,2026-03-16T09:10:32
7089,651,2026-03-29T14:52:49
7090,481,2026-03-11T06:47:18
7091,495,2026-03-29T13:11:31
7092,359,2026-03-02T08:11:59
7093,224,2026-03-27T07:05:58
7094,297,2026-03-22T13:20:04
7095,349,2026-03-22T10:14:07
7096,571,2026-03-07T00:44:57
7097,389,2026-04-29T17:24:34
7098,556,2026-03-02T07:58:38
7099,20,2026-03-09T08:33:00
7100,530,2026-03-07T09:53:03
7101,355,2026-04-28T14:05:41
7102,699,2026-03-20T08:58:10
7103,331,2026-03-26T06:19:46
7104,335,2026-04-15T08:23:46
7105,90,2026-03-03T21:35:57
7106,565,2026-03-05T00:26:11
7107,492,2026-03-11T04:18:22
7108,604,2026-04-10T06:09:02
7109,65,2026-04-28T18:25:32
7110,149,2026-04-07T11:28:32
7111,614,2026-04-22T10:07:06
7112,30,2026-04-22T18:46:59
7113,356,2026-03-17T14:10:34
7114,284,2026-03-12T06:04:22
7115,658,2026-03-10T08:19:47
7116,600,2026-04-17T16:19:26
7117,628,2026-04-10T09:17:43
7118,203,2026-04-21T03:55:46
7119,412,2026-03-31T06:35:49
7120,491,2026-04-28T15:10:35
7121,678,2026-04-23T08:31:17
7122,6,2026-04-18T19:17:16
7123,684,2026-04-18T01:57:59
7124,249,2026-03-08T12:56:32
7125,90,2026-04-14T01:35:33
7126,431,2026-04-26T17:20:27
7127,548,2026-03-18T18:08:33
7128,91,2026-04-18T08:49:00
7129,29,2026-03-22T03:01:36
7130,628,2026-03-13T04:17:06
7131,654,2026-04-13T02:32:33
7132,110,2026-03-10T06:15:36
7133,633,2026-03-29T05:43:56
7134,637,2026-04-26T07:11:08
7135,699,2026-03-10T02:51:52
7136,152,2026-03-10T08:03:46
7137,406,2026-04-26T01:20:45
7138,696,2026-04-16T14:24:29
7139,632,2026-03-28T00:59:50
7140,424,2026-03-25T16:42:05
7141,138,2026-04-27T08:59:29
7142,60,2026-04-13T03:30:57
7143,182,2026-04-24T04:56:35
7144,46,2026-03-06T09:24:50
7145,137,2026-04-01T16:01:34
7146,53,2026-04-13T02:12:38
7147,534,2026-03-03T03:22:42
7148,413,2026-03-31T03:41:44
7149,363,2026-03-04T01:12:26
7150,567,2026-04-24T19:15:39
7151,288,2026-04-10T04:39:20
7152,283,2026-03-12T06:01:00
7153,145,2026-04-01T03:53:06
7154,312,2026-03-07T12:57:37
7155,123,2026-04-17T23:48:35
7156,413,2026-03-12T04:56:14
7157,699,2026-04-06T07:09:26
7158,374,2026-03-05T06:12:56
7159,210,2026-03-10T13:52:48
7160,482,2026-04-28T00:14:24
7161,575,2026-03-24T18:42:32
7162,331,2026-03-08T10:34:42
7163,176,2026-04-11T17:17:42
7164,500,2026-03-12T22:25:08
7165,132,2026-04-05T04:26:16
7166,699,2026-04-18T10:53:28
7167,223,2026-04-11T09:32:54
7168,246,2026-03-15T16:25:06
7169,509,2026-03-15T04:40:43
7170,9,2026-03-14T14:08:24
7171,143,2026-04-07T13:19:24
7172,88,2026-04-10T14:32:33
7173,274,2026-04-01T18:37:11
7174,388,2026-03-24T04:06:37
7175,126,2026-03-04T10:18:29
7176,241,2026-04-20T14:26:23
7177,541,2026-04-09T15:00:08
7178,658,2026-04-08T11:34:09
7179,10,2026-03-06T23:50:12
7180,440,2026-03-18T05:56:39
7181,18,2026-03-19T05:38:23
7182,365,2026-04-05T07:17:00
7183,616,2026-04-17T17:42:52
7184,559,2026-04-21T01:38:48
7185,163,2026-04-01T02:02:42
7186,182,2026-03-22T01:00:40
7187,549,2026-03-25T14:59:39
7188,574,2026-04-14T03:52:46
7189,197,2026-03-20T16:24:55
7190,3,2026-03-25T04:19:58
7191,312,2026-04-17T14:05:17
7192,434,2026-04-02T18:14:19
7193,311,2026-03-29T03:05:10
7194,655,2026-04-14T10:06:31
7195,570,2026-03-18T19:51:24
7196,552,2026-03-04T02:47:37
7197,15,2026-04-17T05:47:37
7198,598,2026-03-28T08:03:35
7199,529,2026-03-19T23:22:00
7200,278,2026-03-06T04:37:38
7201,413,2026-04-25T06:33:08
7202,577,2026-04-13T05:18:56
7203,635,2026-03-17T02:24:02
7204,386,2026-04-06T05:42:29
7205,29,2026-03-28T06:50:23
7206,433,2026-03-20T04:57:51
7207,477,2026-03-19T10:42:00
7208,42,2026-03-05T13:16:37
7209,573,2026-04-28T14:54:49
7210,142,2026-04-25T00:37:46
7211,624,2026-04-22T13:45:17
7212,386,2026-03-19T03:22:19
7213,226,2026-04-29T01:33:12
7214,42,2026-03-17T07:30:19
7215,13,2026-04-19T10:43:25
7216,520,2026-03-07T05:04:56
7217,265,2026-03-19T09:32:53
7218,589,2026-04-04T03:12:49
7219,162,2026-04-28T03:09:24
7220,645,2026-03-16T10:47:30
7221,660,2026-03-26T11:32:30
7222,72,2026-04-20T06:20:27
7223,453,2026-03-29T10:40:11
7224,658,2026-04-10T01:00:15
7225,227,2026-03-26T07:54:34
7226,48,2026-03-01T11:19:12
7227,613,2026-03-17T12:07:04
7228,332,2026-04-03T12:40:13
7229,19,2026-03-02T15:50:54
7230,589,2026-03-14T05:58:56
7231,476,2026-04-27T09:45:03
7232,50,2026-03-01T10:51:15
7233,182,2026-03-14T23:18:48
7234,13,2026-04-07T12:45:26
7235,669,2026-04-03T05:00:12
7236,18,2026-03-13T08:55:40
7237,558,2026-03-04T07:48:39
7238,358,2026-04-23T11:39:38
7239,408,2026-04-03T00:55:23
7240,569,2026-04-04T16:31:46
7241,627,2026-03-04T17:19:14
7242,90,2026-03-13T01:32:22
7243,13,2026-03-05T13:03:54
7244,88,2026-04-28T10:56:19
7245,478,2026-04-16T05:30:07
7246,398,2026-04-02T01:00:30
7247,59,2026-04-10T08:36:40
7248,165,2026-03-10T07:30:38
7249,377,2026-04-29T00:59:15
7250,512,2026-04-01T12:46:59
7251,241,2026-03-31T14:16:44
7252,665,2026-04-27T07:02:35
7253,695,2026-03-06T03:26:44
7254,537,2026-03-26T13:49:46
7255,318,2026-03-06T03:43:34
7256,615,2026-03-26T18:50:55
7257,510,2026-03-17T11:49:17
7258,364,2026-03-28T04:31:00
7259,311,2026-04-12T02:48:35
7260,583,2026-03-17T04:49:15
7261,390,2026-03-04T04:06:49
7262,129,2026-03-10T05:08:00
7263,700,2026-04-12T03:14:47
7264,48,2026-04-04T09:56:54
7265,487,2026-04-28T13:51:55
7266,460,2026-04-23T07:02:23
7267,411,2026-03-10T03:55:49
7268,37,2026-04-14T10:02:34
7269,345,2026-03-06T08:46:01
7270,625,2026-03-06T05:31:29
7271,168,2026-04-17T15:38:43
7272,485,2026-03-25T04:44:45
7273,602,2026-04-29T06:52:22
7274,667,2026-03-01T12:42:22
7275,362,2026-03-31T02:32:38
7276,220,2026-03-19T15:33:00
7277,490,2026-04-29T18:57:51
7278,341,2026-04-09T22:47:21
7279,439,2026-04-16T05:37:35
7280,520,2026-03-17T23:36:28
7281,498,2026-04-23T07:17:23
7282,170,2026-04-20T14:51:24
7283,530,2026-04-17T12:43:46
7284,380,2026-03-29T07:06:16
7285,652,2026-04-25T12:47:57
7286,462,2026-04-10T18:58:05
7287,625,2026-03-04T07:43:25
7288,686,2026-04-23T10:52:01
7289,697,2026-03-02T06:46:23
7290,522,2026-04-10T04:53:54
7291,419,2026-03-15T06:34:33
7292,83,2026-04-23T11:21:03
7293,271,2026-04-13T05:28:40
7294,333,2026-04-18T09:56:23
7295,547,2026-04-11T05:41:07
7296,413,2026-04-04T05:08:04
7297,308,2026-04-21T09:23:26
7298,103,2026-03-18T16:04:06
7299,502,2026-04-01T09:53:39
7300,303,2026-03-18T07:23:38
7301,26,2026-03-07T05:04:52
7302,199,2026-04-22T02:55:55
7303,616,2026-03-30T21:50:55
7304,84,2026-03-04T01:58:20
7305,285,2026-04-19T03:21:15
7306,359,2026-04-26T11:29:44
7307,59,2026-04-09T08:30:25
7308,116,2026-03-20T14:45:46
7309,659,2026-04-21T15:49:49
7310,414,2026-04-14T04:32:38
7311,148,2026-03-18T02:32:28
7312,119,2026-03-20T05:06:52
7313,299,2026-04-29T13:11:30
7314,507,2026-04-27T02:39:11
7315,512,2026-04-10T08:27:06
7316,137,2026-03-03T12:08:04
7317,508,2026-03-13T22:06:06
7318,628,2026-03-22T06:39:27
7319,159,2026-04-01T23:53:35
7320,19,2026-04-22T08:14:32
7321,672,2026-04-20T01:32:21
7322,366,2026-03-17T01:15:22
7323,544,2026-03-07T08:49:31
7324,225,2026-03-17T04:40:55
7325,210,2026-03-15T15:20:43
7326,158,2026-04-23T03:27:07
7327,152,2026-03-01T06:32:16
7328,331,2026-04-19T07:49:55
7329,75,2026-04-09T17:29:51
7330,590,2026-03-07T05:40:25
7331,358,2026-04-11T10:28:15
7332,641,2026-04-04T16:17:49
7333,352,2026-03-01T12:36:49
7334,213,2026-03-14T04:46:22
7335,361,2026-03-21T08:58:05
7336,108,2026-03-13T19:03:30
7337,577,2026-04-04T06:58:37
7338,505,2026-04-06T19:44:41
7339,104,2026-03-11T11:16:54
7340,408,2026-03-07T23:23:28
7341,377,2026-04-09T01:40:54
7342,141,2026-03-29T17:18:52
7343,86,2026-03-16T07:20:02
7344,533,2026-03-16T13:31:32
7345,185,2026-03-03T20:41:08
7346,364,2026-04-21T07:54:01
7347,174,2026-04-20T03:51:02
7348,458,2026-04-03T08:15:47
7349,35,2026-03-21T02:11:51
7350,252,2026-03-13T14:59:29
7351,383,2026-03-19T08:56:59
7352,308,2026-04-25T05:35:40
7353,429,2026-03-06T17:41:02
7354,127,2026-04-19T07:15:19
7355,310,2026-03-19T11:37:39
7356,530,2026-03-16T07:41:41
7357,234,2026-04-18T15:17:42
7358,110,2026-04-27T05:44:43
7359,594,2026-04-29T04:22:37
7360,545,2026-03-17T05:31:59
7361,477,2026-04-05T10:02:35
7362,559,2026-03-18T03:07:21
7363,546,2026-03-12T01:37:11
7364,523,2026-03-24T02:48:13
7365,357,2026-03-04T02:34:25
7366,14,2026-03-10T13:48:28
7367,418,2026-04-05T06:48:05
7368,192,2026-04-11T05:45:41
7369,542,2026-03-17T14:49:23
7370,328,2026-04-03T16:45:28
7371,634,2026-04-15T12:49:41
7372,417,2026-04-23T12:22:51
7373,386,2026-04-04T01:23:33
7374,644,2026-03-15T13:29:57
7375,333,2026-04-12T08:32:42
7376,263,2026-03-11T11:39:58
7377,261,2026-03-09T18:32:24
7378,613,2026-03-22T16:09:07
7379,530,2026-03-20T12:23:14
7380,115,2026-03-09T02:36:14
7381,345,2026-03-04T02:01:20
7382,260,2026-04-26T05:06:17
7383,453,2026-04-10T13:56:30
7384,37,2026-04-13T06:50:55
7385,500,2026-03-04T02:34:06
7386,520,2026-04-17T03:07:46
7387,159,2026-03-22T01:15:34
7388,106,2026-04-14T09:46:07
7389,440,2026-03-30T07:43:47
7390,180,2026-03-15T14:13:26
7391,660,2026-03-16T13:03:39
7392,543,2026-03-09T02:55:55
7393,669,2026-04-19T04:43:08
7394,375,2026-03-26T18:39:12
7395,657,2026-04-16T02:52:11
7396,10,2026-04-19T03:25:33
7397,203,2026-03-11T06:06:58
7398,2,2026-03-20T11:02:41
7399,475,2026-03-08T02:58:35
7400,358,2026-03-01T08:36:03
7401,202,2026-04-29T05:44:20
7402,214,2026-04-09T01:22:25
7403,451,2026-03-28T09:06:29
7404,127,2026-03-13T10:47:55
7405,361,2026-04-05T05:47:21
7406,430,2026-04-02T09:47:00
7407,168,2026-03-14T13:31:25
7408,160,2026-03-01T06:41:38
7409,248,2026-03-29T16:18:22
7410,415,2026-03-31T21:16:52
7411,179,2026-04-17T15:01:47
7412,266,2026-03-24T07:10:25
7413,381,2026-03-06T15:26:54
7414,131,2026-04-22T06:29:15
7415,399,2026-03-25T10:26:55
7416,97,2026-04-13T05:27:43
7417,100,2026-03-03T08:13:09
7418,166,2026-03-03T06:40:22
7419,201,2026-03-02T08:26:39
7420,21,2026-04-17T08:31:20
7421,674,2026-03-15T09:35:48
7422,216,2026-04-17T06:29:15
7423,564,2026-04-26T10:33:54
7424,632,2026-04-09T00:28:57
7425,561,2026-04-29T07:22:06
7426,582,2026-04-25T05:30:44
7427,71,2026-04-13T15:40:40
7428,261,2026-04-18T14:52:08
7429,523,2026-04-06T03:05:39
7430,404,2026-03-14T15:10:17
7431,4,2026-03-06T19:07:48
7432,398,2026-03-23T04:01:53
7433,564,2026-03-29T11:49:00
7434,581,2026-03-21T08:13:49
7435,269,2026-03-07T06:17:58
7436,166,2026-03-31T06:18:21
7437,217,2026-03-30T10:51:58
7438,208,2026-04-27T06:36:42
7439,243,2026-04-27T15:06:34
7440,212,2026-04-06T07:50:06
7441,321,2026-04-21T15:59:29
7442,29,2026-03-19T05:42:08
7443,193,2026-04-28T16:28:17
7444,221,2026-04-26T00:59:54
7445,108,2026-03-08T13:02:06
7446,615,2026-04-12T13:00:32
7447,473,2026-03-28T05:46:58
7448,639,2026-03-16T08:11:08
7449,394,2026-03-24T21:03:11
7450,77,2026-04-24T09:05:29
7451,634,2026-04-25T14:26:29
7452,321,2026-03-21T15:39:27
7453,480,2026-03-28T07:26:13
7454,267,2026-03-31T13:25:59
7455,346,2026-04-14T10:08:06
7456,343,2026-03-29T15:18:00
7457,200,2026-03-24T10:56:14
7458,389,2026-04-25T15:18:44
7459,514,2026-03-23T05:20:07
7460,15,2026-03-16T07:53:45
7461,92,2026-03-20T12:03:23
7462,590,2026-03-20T11:04:46
7463,399,2026-04-03T11:53:12
7464,682,2026-04-09T10:18:46
7465,424,2026-03-09T18:14:00
7466,458,2026-04-23T09:29:42
7467,630,2026-03-16T17:02:01
7468,463,2026-03-07T08:24:25
7469,231,2026-04-10T06:00:42
7470,370,2026-03-13T00:41:02
7471,165,2026-04-15T03:51:55
7472,234,2026-04-26T14:36:58
7473,477,2026-04-11T11:10:41
7474,105,2026-04-16T18:48:14
7475,471,2026-03-30T08:39:42
7476,409,2026-03-21T16:50:18
7477,216,2026-04-06T03:54:39
7478,32,2026-03-22T12:23:09
7479,494,2026-04-22T18:58:36
7480,578,2026-03-29T05:51:19
7481,512,2026-03-30T06:35:35
7482,295,2026-04-10T09:37:19
7483,458,2026-03-12T06:27:16
7484,291,2026-04-03T07:51:21
7485,251,2026-04-15T13:03:52
7486,230,2026-04-16T05:27:24
7487,148,2026-03-14T06:06:41
7488,679,2026-03-04T07:01:40
7489,467,2026-03-12T06:56:36
7490,123,2026-04-19T02:39:58
7491,606,2026-03-16T12:27:02
7492,106,2026-03-04T06:57:31
7493,416,2026-04-05T15:05:58
7494,116,2026-04-22T18:55:59
7495,253,2026-03-14T13:29:26
7496,461,2026-03-03T11:09:03
7497,700,2026-03-09T02:17:21
7498,695,2026-03-08T07:29:22
7499,627,2026-03-13T17:48:21
7500,165,2026-03-11T03:52:01
7501,66,2026-04-08T14:07:55
7502,634,2026-03-14T17:24:35
7503,647,2026-04-02T02:24:22
7504,196,2026-03-25T05:31:58
7505,14,2026-04-09T09:33:50
7506,454,2026-04-09T17:59:12
7507,54,2026-04-05T15:16:10
7508,29,2026-04-23T05:28:43
7509,657,2026-03-12T00:16:52
7510,347,2026-04-01T02:11:45
7511,79,2026-03-24T11:23:49
7512,459,2026-04-01T06:02:06
7513,259,2026-03-09T02:46:10
7514,376,2026-03-20T07:27:25
7515,630,2026-04-26T12:26:35
7516,167,2026-04-18T10:30:08
7517,453,2026-03-26T16:31:03
7518,580,2026-03-07T07:55:21
7519,297,2026-04-08T08:35:42
7520,680,2026-03-19T14:47:48
7521,314,2026-03-20T02:49:49
7522,322,2026-03-06T03:03:17
7523,619,2026-03-18T02:48:17
7524,446,2026-03-13T08:49:55
7525,609,2026-03-03T10:38:09
7526,554,2026-04-05T04:04:46
7527,499,2026-04-28T17:00:00
7528,170,2026-03-08T15:00:15
7529,280,2026-03-04T04:42:11
7530,606,2026-03-07T09:32:25
7531,432,2026-04-02T02:22:06
7532,197,2026-04-19T19:31:37
7533,230,2026-03-19T07:27:26
7534,544,2026-03-08T10:18:36
7535,125,2026-03-06T08:45:43
7536,79,2026-04-06T15:27:33
7537,536,2026-03-22T16:32:31
7538,202,2026-03-22T12:55:22
7539,536,2026-03-15T14:54:39
7540,374,2026-04-23T08:40:56
7541,699,2026-03-23T04:54:08
7542,368,2026-04-12T00:20:05
7543,608,2026-04-14T12:22:47
7544,596,2026-03-04T03:56:37
7545,149,2026-03-15T11:53:34
7546,698,2026-04-23T15:09:02
7547,523,2026-04-22T06:00:26
7548,76,2026-03-25T11:10:33
7549,5,2026-03-10T03:45:45
7550,190,2026-03-18T07:13:11
7551,12,2026-04-26T04:59:35
7552,251,2026-04-10T19:13:05
7553,698,2026-03-05T16:10:48
7554,336,2026-04-13T09:04:03
7555,17,2026-03-09T16:56:34
7556,346,2026-03-19T08:18:57
7557,154,2026-03-28T22:49:21
7558,600,2026-03-22T16:32:07
7559,64,2026-04-11T14:09:38
7560,540,2026-03-10T09:13:21
7561,313,2026-04-22T05:05:39
7562,14,2026-04-05T06:06:28
7563,472,2026-03-19T01:48:20
7564,319,2026-04-27T17:39:01
7565,541,2026-03-29T14:09:22
7566,433,2026-03-25T04:25:55
7567,552,2026-03-02T01:13:59
7568,323,2026-04-29T01:39:00
7569,6,2026-04-20T12:07:11
7570,92,2026-03-11T16:14:54
7571,322,2026-04-26T00:40:49
7572,279,2026-04-17T04:45:01
7573,557,2026-03-26T03:58:25
7574,289,2026-04-25T14:58:24
7575,603,2026-04-03T03:42:59
7576,132,2026-04-11T01:15:46
7577,270,2026-03-11T18:49:46
7578,530,2026-03-07T12:38:01
7579,87,2026-04-01T11:57:41
7580,225,2026-03-20T05:45:48
7581,527,2026-04-28T11:48:24
7582,413,2026-03-06T01:32:28
7583,545,2026-04-15T09:48:15
7584,362,2026-04-06T00:17:28
7585,602,2026-04-22T07:05:20
7586,615,2026-04-29T13:12:11
7587,683,2026-04-22T15:34:59
7588,86,2026-03-23T04:38:14
7589,414,2026-04-11T06:29:11
7590,80,2026-03-10T03:28:47
7591,161,2026-03-30T00:11:09
7592,211,2026-03-17T11:50:00
7593,453,2026-03-16T10:13:35
7594,302,2026-04-04T06:05:19
7595,606,2026-03-08T07:09:41
7596,209,2026-04-04T07:01:19
7597,433,2026-03-25T05:59:05
7598,535,2026-03-14T16:22:16
7599,687,2026-04-03T01:47:23
7600,172,2026-04-15T13:28:18
7601,514,2026-04-06T03:55:35
7602,60,2026-03-06T03:38:07
7603,381,2026-04-03T15:14:39
7604,290,2026-04-07T14:06:10
7605,671,2026-04-11T14:10:36
7606,542,2026-03-26T09:35:33
7607,650,2026-03-06T05:01:09
7608,596,2026-03-08T05:48:33
7609,288,2026-03-20T08:17:58
7610,514,2026-04-08T05:54:55
7611,22,2026-04-14T07:07:45
7612,391,2026-04-10T03:53:31
7613,34,2026-03-19T05:52:46
7614,507,2026-03-27T01:31:26
7615,677,2026-03-03T05:28:18
7616,477,2026-04-17T09:53:05
7617,588,2026-03-22T13:48:29
7618,165,2026-03-31T05:32:44
7619,696,2026-03-27T14:19:51
7620,386,2026-03-18T01:04:26
7621,473,2026-03-11T07:55:41
7622,540,2026-04-27T08:58:45
7623,448,2026-03-08T01:52:14
7624,222,2026-04-26T03:00:11
7625,429,2026-03-07T14:25:33
7626,458,2026-03-06T05:17:36
7627,601,2026-04-24T02:26:02
7628,338,2026-04-26T03:02:43
7629,352,2026-04-23T09:32:28
7630,353,2026-04-16T12:32:21
7631,81,2026-03-30T01:14:28
7632,64,2026-03-07T12:34:28
7633,15,2026-04-05T12:32:43
7634,467,2026-04-01T08:38:03
7635,294,2026-04-14T07:14:50
7636,606,2026-03-03T13:08:16
7637,492,2026-03-05T05:19:51
7638,100,2026-04-05T04:01:09
7639,71,2026-04-21T14:41:21
7640,257,2026-04-25T09:15:22
7641,645,2026-04-04T06:19:10
7642,35,2026-03-23T06:03:05
7643,132,2026-03-29T03:31:00
7644,21,2026-03-31T10:02:49
7645,290,2026-04-07T15:28:07
7646,693,2026-03-14T04:15:44
7647,479,2026-03-24T08:37:01
7648,346,2026-04-02T14:59:51
7649,102,2026-04-21T04:33:14
7650,249,2026-04-18T14:48:56
7651,368,2026-04-15T00:11:28
7652,193,2026-03-13T13:21:33
7653,494,2026-03-25T13:48:28
7654,687,2026-04-03T02:22:44
7655,145,2026-04-28T07:55:13
7656,177,2026-03-22T05:55:29
7657,89,2026-04-25T15:44:14
7658,508,2026-04-13T23:39:47
7659,324,2026-04-08T09:20:51
7660,199,2026-04-12T03:50:32
7661,154,2026-04-17T01:59:37
7662,50,2026-04-11T08:51:44
7663,334,2026-04-10T08:20:24
7664,479,2026-03-23T08:10:16
7665,165,2026-03-26T04:54:56
7666,2,2026-04-05T10:00:41
7667,332,2026-04-20T20:47:01
7668,474,2026-04-09T10:16:34
7669,242,2026-04-28T20:46:26
7670,176,2026-04-10T13:35:14
7671,109,2026-03-25T11:06:47
7672,523,2026-04-04T00:54:41
7673,604,2026-04-07T05:56:27
7674,539,2026-04-22T05:18:22
7675,363,2026-03-16T01:09:13
7676,507,2026-03-15T03:51:37
7677,278,2026-03-13T03:26:51
7678,18,2026-03-04T10:39:39
7679,258,2026-04-10T08:49:00
7680,493,2026-04-27T18:39:40
7681,454,2026-04-06T14:28:26
7682,694,2026-03-04T05:42:41
7683,699,2026-03-22T07:04:22
7684,170,2026-04-24T11:30:25
7685,7,2026-03-04T09:36:27
7686,192,2026-04-06T07:40:37
7687,614,2026-03-27T10:13:50
7688,570,2026-04-25T16:47:54
7689,70,2026-03-31T10:19:10
7690,113,2026-04-03T02:35:04
7691,395,2026-04-13T15:42:49
7692,463,2026-04-19T09:02:46
7693,688,2026-03-31T04:57:16
7694,529,2026-04-13T02:30:07
7695,149,2026-04-18T05:00:07
7696,27,2026-04-01T14:35:27
7697,444,2026-04-12T13:15:16
7698,388,2026-03-22T05:52:09
7699,646,2026-03-22T07:09:48
7700,404,2026-03-01T14:00:46
7701,351,2026-04-09T22:43:31
7702,213,2026-03-16T00:02:02
7703,61,2026-04-18T06:11:08
7704,614,2026-04-27T11:22:42
7705,579,2026-04-21T23:52:22
7706,114,2026-03-17T10:48:24
7707,493,2026-04-09T16:36:48
7708,255,2026-04-15T07:29:15
7709,306,2026-03-31T05:40:58
7710,595,2026-03-31T14:18:57
7711,590,2026-03-27T10:53:35
7712,134,2026-03-19T09:41:17
7713,216,2026-04-04T01:35:59
7714,575,2026-04-29T09:30:12
7715,642,2026-03-14T01:37:51
7716,56,2026-03-03T12:34:25
7717,584,2026-03-04T02:41:51
7718,343,2026-04-04T12:25:18
7719,414,2026-03-17T01:17:42
7720,53,2026-03-28T02:43:43
7721,477,2026-04-27T10:18:22
7722,475,2026-03-04T22:00:01
7723,464,2026-03-11T06:04:17
7724,554,2026-03-13T06:00:41
7725,663,2026-03-28T16:31:47
7726,595,2026-04-11T13:40:25
7727,522,2026-03-11T04:17:53
7728,687,2026-03-07T03:01:47
7729,473,2026-03-06T05:38:06
7730,471,2026-04-18T04:20:20
7731,380,2026-03-02T06:47:31
7732,539,2026-04-07T05:21:01
7733,50,2026-04-04T13:38:16
7734,355,2026-03-07T14:36:45
7735,298,2026-04-03T07:17:51
7736,639,2026-03-18T07:46:07
7737,51,2026-03-31T13:48:35
7738,451,2026-03-09T09:49:28
7739,130,2026-04-10T19:19:51
7740,619,2026-04-17T05:16:49
7741,597,2026-03-01T02:17:57
7742,165,2026-04-01T03:09:55
7743,611,2026-04-08T03:52:44
7744,348,2026-02-28T23:58:14
7745,680,2026-04-13T14:49:14
7746,511,2026-04-02T06:02:50
7747,25,2026-03-19T00:56:41
7748,142,2026-03-29T01:48:46
7749,283,2026-04-10T08:04:16
7750,148,2026-04-08T00:01:55
7751,93,2026-04-16T15:15:10
7752,685,2026-03-03T14:29:48
7753,609,2026-04-17T07:21:20
7754,305,2026-03-03T02:38:05
7755,151,2026-04-09T15:41:49
7756,128,2026-03-21T12:28:56
7757,642,2026-03-04T03:22:58
7758,233,2026-04-11T11:33:01
7759,9,2026-04-03T15:06:27
7760,279,2026-04-09T07:01:20
7761,319,2026-03-23T12:47:20
7762,437,2026-03-16T21:09:23
7763,238,2026-04-07T15:58:01
7764,647,2026-03-13T04:33:29
7765,451,2026-04-18T04:31:04
7766,691,2026-04-10T01:49:14
7767,257,2026-04-29T10:12:43
7768,457,2026-03-02T12:32:07
7769,256,2026-04-05T11:27:40
7770,490,2026-04-03T11:29:50
7771,522,2026-04-21T05:55:58
7772,226,2026-03-26T00:59:38
7773,657,2026-04-26T03:24:52
7774,601,2026-03-15T04:23:28
7775,627,2026-04-21T15:16:54
7776,153,2026-04-01T13:23:46
7777,503,2026-04-26T13:25:55
7778,75,2026-03-14T18:04:54
7779,74,2026-03-16T11:13:41
7780,682,2026-04-03T12:46:13
7781,108,2026-04-03T18:42:02
7782,605,2026-03-09T03:04:19
7783,302,2026-04-09T08:53:17
7784,213,2026-03-25T01:08:56
7785,52,2026-03-10T13:09:02
7786,473,2026-03-31T06:03:32
7787,505,2026-04-11T13:09:59
7788,327,2026-03-02T05:11:16
7789,567,2026-04-25T12:53:34
7790,227,2026-04-06T03:26:09
7791,387,2026-03-16T15:11:25
7792,201,2026-04-15T11:02:59
7793,408,2026-04-20T03:14:40
7794,96,2026-04-27T06:24:32
7795,334,2026-04-17T04:26:58
7796,385,2026-03-13T01:28:51
7797,390,2026-03-10T04:12:16
7798,313,2026-03-13T07:06:38
7799,451,2026-04-22T10:29:38
7800,359,2026-03-19T15:03:26
7801,199,2026-03-20T01:53:10
7802,151,2026-04-23T14:18:51
7803,454,2026-03-13T19:39:09
7804,658,2026-03-25T10:39:21
7805,528,2026-03-18T18:02:14
7806,448,2026-03-18T23:36:46
7807,646,2026-04-05T08:37:05
7808,630,2026-04-14T16:07:27
7809,355,2026-03-16T13:34:50
7810,77,2026-03-03T10:05:53
7811,444,2026-04-08T13:27:12
7812,436,2026-04-02T18:11:30
7813,195,2026-04-09T06:19:29
7814,595,2026-03-28T11:52:19
7815,609,2026-04-16T05:53:48
7816,232,2026-04-07T02:55:43
7817,334,2026-04-15T04:57:04
7818,137,2026-04-13T11:31:51
7819,125,2026-03-30T07:51:21
7820,186,2026-03-20T12:54:51
7821,257,2026-04-04T12:16:45
7822,192,2026-04-08T05:07:28
7823,107,2026-04-04T05:23:40
7824,314,2026-03-31T22:39:26
7825,437,2026-03-21T01:07:46
7826,229,2026-03-09T09:38:08
7827,374,2026-03-26T02:19:36
7828,190,2026-04-22T12:26:02
7829,493,2026-04-13T18:22:43
7830,454,2026-04-15T15:44:55
7831,673,2026-04-14T14:19:45
7832,38,2026-04-25T06:28:43
7833,598,2026-03-14T07:37:49
7834,239,2026-04-13T17:51:34
7835,47,2026-03-05T09:27:36
7836,483,2026-03-14T21:08:35
7837,121,2026-03-02T08:33:28
7838,124,2026-03-26T08:01:01
7839,686,2026-03-09T06:39:04
7840,155,2026-03-24T20:22:27
7841,384,2026-03-09T19:38:16
7842,141,2026-03-03T14:07:55
7843,87,2026-03-29T09:29:59
7844,1,2026-03-25T03:10:27
7845,12,2026-03-26T00:33:41
7846,332,2026-03-21T12:02:34
7847,304,2026-03-25T08:31:14
7848,28,2026-03-01T17:25:22
7849,245,2026-03-29T04:07:23
7850,192,2026-04-20T09:44:06
7851,400,2026-03-08T20:50:01
7852,697,2026-03-09T03:33:19
7853,485,2026-04-16T09:31:54
7854,643,2026-03-31T18:21:05
7855,135,2026-03-16T16:16:31
7856,151,2026-04-17T12:00:34
7857,526,2026-03-20T12:28:39
7858,218,2026-04-06T05:30:58
7859,595,2026-04-03T16:01:23
7860,325,2026-03-10T23:19:21
7861,141,2026-04-15T16:33:30
7862,592,2026-04-07T10:14:51
7863,386,2026-03-13T03:35:35
7864,562,2026-04-15T09:27:02
7865,317,2026-04-07T15:55:26
7866,89,2026-04-21T15:10:30
7867,477,2026-04-19T13:02:52
7868,88,2026-03-20T12:19:39
7869,465,2026-04-26T14:48:40
7870,292,2026-03-03T09:55:19
7871,555,2026-03-21T02:37:43
7872,610,2026-04-05T23:36:05
7873,286,2026-04-02T11:43:11
7874,618,2026-03-14T05:59:13
7875,78,2026-03-12T17:56:28
7876,76,2026-04-16T01:37:04
7877,696,2026-04-22T16:21:31
7878,403,2026-04-10T19:05:53
7879,316,2026-04-01T08:09:23
7880,109,2026-04-16T15:39:00
7881,203,2026-03-15T08:04:16
7882,481,2026-04-28T07:51:04
7883,576,2026-03-08T14:28:38
7884,642,2026-04-05T03:54:47
7885,286,2026-03-21T13:51:17
7886,319,2026-04-24T17:33:17
7887,115,2026-03-15T05:25:19
7888,59,2026-04-08T10:07:21
7889,307,2026-03-10T03:57:41
7890,406,2026-03-11T03:38:18
7891,74,2026-03-25T10:24:22
7892,286,2026-04-17T11:08:53
7893,450,2026-03-17T12:51:45
7894,568,2026-04-11T10:03:55
7895,657,2026-04-04T05:40:21
7896,239,2026-04-28T15:12:55
7897,275,2026-03-19T05:37:17
7898,613,2026-03-15T16:05:18
7899,486,2026-04-24T02:48:57
7900,192,2026-03-20T11:26:12
7901,480,2026-03-13T06:26:49
7902,111,2026-04-19T13:56:49
7903,315,2026-04-18T12:11:55
7904,215,2026-03-04T04:39:50
7905,695,2026-04-21T06:34:49
7906,25,2026-04-07T03:41:21
7907,600,2026-03-17T14:39:33
7908,197,2026-04-02T15:48:34
7909,26,2026-03-15T02:21:17
7910,463,2026-03-11T05:14:23
7911,475,2026-03-08T02:40:51
7912,100,2026-03-10T07:34:00
7913,27,2026-04-04T09:54:04
7914,78,2026-04-18T16:42:24
7915,287,2026-03-30T06:14:46
7916,93,2026-03-01T17:18:53
7917,493,2026-03-26T15:41:41
7918,55,2026-04-14T18:23:51
7919,553,2026-04-20T08:55:08
7920,613,2026-04-13T17:42:06
7921,502,2026-03-23T08:22:30
7922,661,2026-04-08T13:48:18
7923,658,2026-03-05T06:41:52
7924,33,2026-03-25T03:21:04
7925,240,2026-04-02T10:25:21
7926,533,2026-03-02T15:37:17
7927,238,2026-03-01T13:14:35
7928,517,2026-04-18T07:39:17
7929,543,2026-03-14T02:19:56
7930,698,2026-03-08T14:55:03
7931,231,2026-04-05T06:34:04
7932,244,2026-03-17T17:47:53
7933,17,2026-04-28T13:33:31
7934,200,2026-04-26T09:11:50
7935,197,2026-04-19T17:40:27
7936,318,2026-03-19T06:37:55
7937,295,2026-04-22T13:08:28
7938,600,2026-03-16T19:57:44
7939,542,2026-03-15T10:05:59
7940,511,2026-04-28T06:22:45
7941,4,2026-04-10T00:07:15
7942,331,2026-03-06T03:45:47
7943,511,2026-04-23T03:25:23
7944,172,2026-03-10T12:32:40
7945,298,2026-04-10T04:53:39
7946,509,2026-03-27T03:26:10
7947,557,2026-03-02T01:29:17
7948,599,2026-04-17T20:34:10
7949,301,2026-04-10T21:55:04
7950,280,2026-04-23T09:25:30
7951,268,2026-04-06T10:14:12
7952,469,2026-04-15T06:19:41
7953,294,2026-04-24T06:32:14
7954,281,2026-04-28T05:45:01
7955,118,2026-04-03T05:51:08
7956,335,2026-03-02T10:31:32
7957,167,2026-03-21T14:28:07
7958,368,2026-04-06T22:56:53
7959,623,2026-03-07T19:40:44
7960,544,2026-03-07T06:00:07
7961,335,2026-03-24T03:39:51
7962,685,2026-04-24T10:46:18
7963,687,2026-03-20T03:46:53
7964,312,2026-04-26T15:09:59
7965,535,2026-04-18T13:30:15
7966,240,2026-03-19T07:45:19
7967,616,2026-03-14T17:56:08
7968,262,2026-04-19T16:52:01
7969,181,2026-04-15T02:47:30
7970,94,2026-04-07T08:47:41
7971,590,2026-04-28T11:21:33
7972,208,2026-03-07T09:35:58
7973,570,2026-03-24T18:02:06
7974,61,2026-04-06T06:07:13
7975,351,2026-03-05T04:15:53
7976,300,2026-04-28T02:57:12
7977,308,2026-04-04T05:14:21
7978,118,2026-03-19T10:19:25
7979,52,2026-03-15T07:48:12
7980,243,2026-03-01T12:01:32
7981,330,2026-04-05T15:10:47
7982,556,2026-04-28T09:00:48
7983,324,2026-03-03T08:35:27
7984,173,2026-03-25T18:44:59
7985,184,2026-04-09T15:55:18
7986,429,2026-03-26T14:49:48
7987,305,2026-04-09T02:43:52
7988,631,2026-04-12T09:48:17
7989,308,2026-04-27T08:55:03
7990,397,2026-04-06T13:33:47
7991,45,2026-04-12T06:07:05
7992,136,2026-03-19T09:37:37
7993,596,2026-03-10T04:18:29
7994,242,2026-03-06T00:54:29
7995,295,2026-03-07T09:31:44
7996,414,2026-04-18T21:39:38
7997,41,2026-03-03T06:30:36
7998,355,2026-03-30T19:21:26
7999,243,2026-04-06T10:54:41
8000,105,2026-04-10T13:57:37
8001,293,2026-03-04T12:53:34
8002,313,2026-04-21T07:57:44
8003,131,2026-03-27T06:01:07
8004,381,2026-03-02T14:37:00
8005,523,2026-03-07T23:25:02
8006,188,2026-04-21T05:33:36
8007,677,2026-04-26T08:27:45
8008,429,2026-04-15T15:56:09
8009,542,2026-03-21T13:49:03
8010,50,2026-04-26T10:46:20
8011,538,2026-03-17T05:39:47
8012,236,2026-03-15T06:07:26
8013,498,2026-04-15T06:10:40
8014,563,2026-03-20T11:57:58
8015,176,2026-04-01T11:02:30
8016,182,2026-04-08T23:43:19
8017,42,2026-03-10T10:35:01
8018,424,2026-04-25T12:44:49
8019,542,2026-03-10T14:59:44
8020,288,2026-04-29T06:24:20
8021,113,2026-03-17T07:35:37
8022,222,2026-03-26T04:00:13
8023,282,2026-03-16T16:21:40
8024,642,2026-04-02T02:16:26
8025,87,2026-03-01T10:49:12
8026,241,2026-03-11T15:19:05
8027,447,2026-04-01T06:18:01
8028,166,2026-04-11T05:27:49
8029,620,2026-04-27T06:34:04
8030,637,2026-04-20T01:42:29
8031,267,2026-04-25T19:58:07
8032,523,2026-04-17T00:27:41
8033,530,2026-04-16T12:36:23
8034,478,2026-03-21T10:22:47
8035,131,2026-04-24T01:35:05
8036,35,2026-04-27T04:14:24
8037,244,2026-03-31T14:14:24
8038,92,2026-03-08T14:46:27
8039,205,2026-03-03T14:40:17
8040,447,2026-03-30T06:47:15
8041,413,2026-04-08T04:43:57
8042,147,2026-04-03T06:21:42
8043,13,2026-04-23T10:46:27
8044,158,2026-04-02T00:13:49
8045,319,2026-04-09T17:00:04
8046,546,2026-04-15T07:13:34
8047,256,2026-04-23T13:41:40
8048,201,2026-04-06T17:39:02
8049,386,2026-04-03T03:44:42
8050,51,2026-03-05T13:46:42
8051,158,2026-04-07T21:13:31
8052,26,2026-03-11T01:47:40
8053,368,2026-03-23T01:28:56
8054,311,2026-04-01T01:52:20
8055,408,2026-03-04T23:01:13
8056,432,2026-04-11T02:45:24
8057,277,2026-03-17T03:41:57
8058,609,2026-03-31T06:29:29
8059,643,2026-03-22T16:52:55
8060,78,2026-03-22T16:16:47
8061,645,2026-03-24T13:22:07
8062,138,2026-03-04T11:22:40
8063,174,2026-03-12T08:28:52
8064,371,2026-04-17T08:17:31
8065,21,2026-03-08T08:40:18
8066,255,2026-03-30T05:05:48
8067,137,2026-03-09T16:01:03
8068,338,2026-04-02T01:08:51
8069,571,2026-04-08T04:26:04
8070,647,2026-03-29T03:00:03
8071,149,2026-04-16T10:38:31
8072,382,2026-03-15T23:11:04
8073,333,2026-04-03T04:45:43
8074,291,2026-03-17T07:50:28
8075,443,2026-03-31T04:51:44
8076,693,2026-03-04T00:32:46
8077,284,2026-03-17T11:31:47
8078,46,2026-04-12T06:23:06
8079,642,2026-04-16T00:07:50
8080,653,2026-03-17T02:14:51
8081,226,2026-03-16T03:14:30
8082,352,2026-03-18T13:35:08
8083,604,2026-03-17T08:01:43
8084,353,2026-04-29T14:58:41
8085,337,2026-04-09T04:07:08
8086,646,2026-03-24T04:20:48
8087,581,2026-03-28T06:19:40
8088,356,2026-03-31T18:50:02
8089,114,2026-04-03T09:37:36
8090,307,2026-03-24T02:56:50
8091,474,2026-04-28T15:54:57
8092,191,2026-03-18T10:47:50
8093,377,2026-03-26T03:08:51
8094,462,2026-03-01T14:35:08
8095,60,2026-03-30T03:35:01
8096,399,2026-04-21T13:18:12
8097,517,2026-04-29T06:02:52
8098,151,2026-03-29T12:02:51
8099,384,2026-03-09T17:23:04
8100,497,2026-04-13T13:44:57
8101,32,2026-04-08T19:10:12
8102,451,2026-04-27T10:57:29
8103,182,2026-03-31T00:17:36
8104,279,2026-03-01T06:41:07
8105,454,2026-04-24T15:02:22
8106,4,2026-04-10T01:02:16
8107,12,2026-04-18T01:30:21
8108,313,2026-03-08T08:08:20
8109,665,2026-03-28T07:38:27
8110,5,2026-03-28T06:23:37
8111,553,2026-03-17T07:13:07
8112,53,2026-04-20T04:59:43
8113,343,2026-03-12T16:23:07
8114,302,2026-03-05T10:05:36
8115,328,2026-03-15T15:08:11
8116,58,2026-04-29T04:19:53
8117,528,2026-03-07T15:29:19
8118,193,2026-04-04T16:33:00
8119,540,2026-03-11T10:26:06
8120,459,2026-03-24T09:06:23
8121,386,2026-04-03T02:15:57
8122,217,2026-03-02T11:07:17
8123,457,2026-03-15T09:30:29
8124,699,2026-04-05T03:04:45
8125,647,2026-03-01T02:46:13
8126,642,2026-03-30T05:30:40
8127,154,2026-04-05T23:17:24
8128,410,2026-03-13T00:17:53
8129,279,2026-03-09T23:02:40
8130,677,2026-03-30T06:02:18
8131,666,2026-04-13T07:39:27
8132,608,2026-03-01T16:30:51
8133,114,2026-03-21T09:07:22
8134,224,2026-04-29T05:43:32
8135,498,2026-03-21T02:58:51
8136,525,2026-03-20T15:40:09
8137,246,2026-04-14T12:53:50
8138,96,2026-03-29T02:41:49
8139,96,2026-03-24T03:55:32
8140,480,2026-04-17T08:33:14
8141,318,2026-03-02T07:48:08
8142,344,2026-04-12T15:46:45
8143,571,2026-03-22T23:19:22
8144,12,2026-04-23T02:03:32
8145,529,2026-04-13T05:25:05
8146,192,2026-04-26T07:11:30
8147,652,2026-03-08T06:52:04
8148,669,2026-03-12T09:42:32
8149,352,2026-04-24T10:53:50
8150,222,2026-03-24T04:20:58
8151,164,2026-04-18T15:32:50
8152,128,2026-04-11T06:14:35
8153,700,2026-03-30T01:28:44
8154,132,2026-03-03T00:01:02
8155,313,2026-03-05T05:21:40
8156,336,2026-04-13T09:52:57
8157,476,2026-03-06T07:36:09
8158,590,2026-03-01T16:50:16
8159,391,2026-03-14T05:46:59
8160,531,2026-04-24T11:03:28
8161,397,2026-04-07T16:28:43
8162,306,2026-04-13T06:18:49
8163,111,2026-04-09T17:07:57
8164,147,2026-04-02T22:12:05
8165,303,2026-03-16T11:00:21
8166,33,2026-03-26T01:12:13
8167,222,2026-04-02T02:40:48
8168,324,2026-04-29T06:15:52
8169,331,2026-04-23T04:43:52
8170,571,2026-04-13T21:17:07
8171,678,2026-04-18T08:03:40
8172,511,2026-04-18T05:42:31
8173,56,2026-04-10T12:09:43
8174,287,2026-04-19T12:58:11
8175,511,2026-03-05T06:25:07
8176,417,2026-03-02T14:02:21
8177,321,2026-03-27T22:14:21
8178,306,2026-03-04T08:19:47
8179,285,2026-03-21T07:29:11
8180,406,2026-03-12T02:40:57
8181,126,2026-04-27T14:19:01
8182,363,2026-04-09T00:18:34
8183,145,2026-03-03T06:55:31
8184,477,2026-04-07T09:11:21
8185,606,2026-04-13T17:43:06
8186,356,2026-03-20T13:10:04
8187,272,2026-04-22T15:15:16
8188,659,2026-04-28T12:35:24
8189,462,2026-04-28T15:05:11
8190,300,2026-03-05T23:09:48
8191,21,2026-03-27T11:51:58
8192,12,2026-04-15T21:05:45
8193,156,2026-03-27T16:08:49
8194,166,2026-03-29T02:44:21
8195,505,2026-03-20T14:28:51
8196,351,2026-03-26T03:20:10
8197,700,2026-04-11T00:49:36
8198,379,2026-03-02T08:53:32
8199,633,2026-04-17T07:07:28
8200,387,2026-04-13T18:29:49
8201,251,2026-03-09T17:55:20
8202,501,2026-04-16T00:07:33
8203,315,2026-04-01T15:24:27
8204,193,2026-03-20T13:11:32
8205,332,2026-03-28T16:08:20
8206,466,2026-04-01T11:52:42
8207,263,2026-03-13T10:38:35
8208,493,2026-04-06T18:07:07
8209,687,2026-04-07T05:20:26
8210,288,2026-03-23T09:18:37
8211,207,2026-03-28T15:55:05
8212,282,2026-04-06T16:18:04
8213,587,2026-03-30T23:06:32
8214,126,2026-03-27T13:59:09
8215,682,2026-04-27T11:03:34
8216,290,2026-04-22T14:58:03
8217,590,2026-03-23T10:19:51
8218,551,2026-04-13T10:41:36
8219,549,2026-04-18T09:32:38
8220,637,2026-03-07T05:14:57
8221,130,2026-04-05T15:32:37
8222,416,2026-04-17T14:10:08
8223,70,2026-03-04T05:30:53
8224,210,2026-03-21T16:03:28
8225,29,2026-04-17T04:14:40
8226,478,2026-04-26T08:03:53
8227,426,2026-04-29T02:37:28
8228,519,2026-04-06T15:56:51
8229,124,2026-03-03T02:02:57
8230,233,2026-03-02T10:36:25
8231,474,2026-04-18T13:30:01
8232,579,2026-04-14T02:11:44
8233,620,2026-03-12T01:41:48
8234,52,2026-03-08T08:46:02
8235,282,2026-03-09T14:55:57
8236,8,2026-04-22T16:04:45
8237,573,2026-04-15T14:10:11
8238,87,2026-04-26T10:31:43
8239,576,2026-03-07T11:46:41
8240,110,2026-04-11T11:11:34
8241,11,2026-04-25T05:21:34
8242,616,2026-04-01T14:26:06
8243,308,2026-04-16T08:39:56
8244,298,2026-04-06T06:13:17
8245,453,2026-03-01T15:17:17
8246,193,2026-03-26T13:08:10
8247,484,2026-03-16T10:12:12
8248,301,2026-03-06T05:55:03
8249,191,2026-04-05T01:44:49
8250,277,2026-04-25T04:55:53
8251,5,2026-03-04T03:56:03
8252,212,2026-03-20T11:29:10
8253,415,2026-04-10T19:10:26
8254,97,2026-03-18T22:47:12
8255,83,2026-03-07T15:59:11
8256,460,2026-03-12T13:12:42
8257,300,2026-03-01T23:45:52
8258,96,2026-04-28T23:23:19
8259,524,2026-03-30T05:55:31
8260,543,2026-04-25T22:13:24
8261,25,2026-04-11T03:39:22
8262,142,2026-03-21T03:05:03
8263,260,2026-04-26T03:55:42
8264,512,2026-03-16T06:25:55
8265,52,2026-03-11T09:29:45
8266,564,2026-04-18T11:44:59
8267,224,2026-04-03T05:13:49
8268,88,2026-03-26T12:44:22
8269,605,2026-04-05T01:06:49
8270,61,2026-04-28T03:26:12
8271,91,2026-03-17T10:20:23
8272,665,2026-04-24T01:26:42
8273,364,2026-04-24T09:34:17
8274,325,2026-04-15T04:36:45
8275,482,2026-03-10T00:12:11
8276,442,2026-03-06T12:55:09
8277,430,2026-03-08T05:39:45
8278,17,2026-04-12T16:09:29
8279,387,2026-03-24T14:09:56
8280,196,2026-04-29T02:24:11
8281,566,2026-03-01T06:58:42
8282,354,2026-03-23T14:54:14
8283,87,2026-03-16T09:14:28
8284,621,2026-04-22T02:32:29
8285,199,2026-03-08T01:19:50
8286,191,2026-03-25T07:47:23
8287,656,2026-04-22T11:44:21
8288,543,2026-04-28T03:27:28
8289,602,2026-04-24T12:20:58
8290,464,2026-04-09T10:55:23
8291,638,2026-03-10T11:25:32
8292,81,2026-03-05T23:53:04
8293,420,2026-03-25T06:01:36
8294,206,2026-03-28T22:26:04
8295,279,2026-03-31T02:32:00
8296,167,2026-03-03T11:00:15
8297,144,2026-04-10T19:03:11
8298,310,2026-03-24T10:33:31
8299,643,2026-03-07T14:44:12
8300,445,2026-04-24T07:12:12
8301,245,2026-03-22T01:53:53
8302,304,2026-03-14T07:14:37
8303,371,2026-03-30T06:03:00
8304,172,2026-04-27T16:25:45
8305,365,2026-04-19T13:06:43
8306,488,2026-03-06T07:26:53
8307,171,2026-04-11T01:02:32
8308,410,2026-04-09T02:51:56
8309,496,2026-04-23T12:38:56
8310,364,2026-04-27T07:01:21
8311,205,2026-04-14T15:55:04
8312,389,2026-04-09T17:17:56
8313,556,2026-03-22T09:30:39
8314,156,2026-04-23T15:37:52
8315,403,2026-04-26T15:24:04
8316,477,2026-04-29T14:37:18
8317,226,2026-04-27T00:09:00
8318,272,2026-04-08T19:19:22
8319,623,2026-04-27T17:40:45
8320,255,2026-04-16T03:10:10
8321,419,2026-03-15T01:18:22
8322,105,2026-03-02T14:16:52
8323,649,2026-04-28T14:07:18
8324,418,2026-03-26T06:53:31
8325,533,2026-04-22T17:58:26
8326,422,2026-03-18T15:15:12
8327,249,2026-03-22T17:51:55
8328,239,2026-04-19T16:29:48
8329,491,2026-04-01T19:14:23
8330,602,2026-04-10T07:56:51
8331,90,2026-03-20T01:07:29
8332,592,2026-04-06T03:07:38
8333,582,2026-03-30T04:24:17
8334,77,2026-04-25T13:52:23
8335,76,2026-03-30T06:17:55
8336,487,2026-03-06T18:44:13
8337,590,2026-04-14T10:52:24
8338,276,2026-04-27T00:29:45
8339,449,2026-04-22T16:07:19
8340,700,2026-03-06T22:56:46
8341,226,2026-04-29T00:48:23
8342,158,2026-03-20T22:04:30
8343,695,2026-04-20T03:34:59
8344,197,2026-04-07T15:51:44
8345,331,2026-04-28T09:34:55
8346,310,2026-03-21T13:11:11
8347,367,2026-04-06T03:56:50
8348,189,2026-04-10T18:21:31
8349,476,2026-03-10T01:00:45
8350,485,2026-04-16T07:07:19
8351,141,2026-03-09T15:27:43
8352,337,2026-04-19T04:29:59
8353,41,2026-03-08T07:37:29
8354,155,2026-03-11T15:10:25
8355,692,2026-03-30T06:05:31
8356,355,2026-03-11T14:15:12
8357,436,2026-03-05T11:03:33
8358,623,2026-03-04T16:03:11
8359,500,2026-03-18T00:38:41
8360,555,2026-03-30T00:18:59
8361,499,2026-03-03T19:09:45
8362,350,2026-03-09T04:09:59
8363,443,2026-04-06T04:47:26
8364,202,2026-03-20T10:41:47
8365,624,2026-04-15T13:02:33
8366,126,2026-04-20T15:38:28
8367,619,2026-03-02T05:36:37
8368,615,2026-04-26T20:39:39
8369,100,2026-04-11T04:47:02
8370,498,2026-04-19T05:40:42
8371,693,2026-03-28T23:42:31
8372,401,2026-03-01T07:06:07
8373,239,2026-04-23T11:55:10
8374,616,2026-04-04T12:12:08
8375,359,2026-03-03T07:45:49
8376,86,2026-03-10T06:44:23
8377,175,2026-03-13T16:29:25
8378,478,2026-03-23T11:28:22
8379,319,2026-03-27T15:53:43
8380,152,2026-03-26T09:37:28
8381,560,2026-04-22T10:15:59
8382,85,2026-04-26T05:03:18
8383,154,2026-04-10T01:08:57
8384,326,2026-04-08T05:23:37
8385,28,2026-04-21T11:39:38
8386,272,2026-03-17T11:26:45
8387,637,2026-04-03T03:45:52
8388,659,2026-04-08T11:41:52
8389,611,2026-03-18T04:42:53
8390,227,2026-04-27T06:54:24
8391,46,2026-03-15T05:04:46
8392,571,2026-03-04T07:34:17
8393,262,2026-03-20T14:20:29
8394,525,2026-04-18T15:45:09
8395,84,2026-03-23T03:48:25
8396,468,2026-03-14T15:38:33
8397,411,2026-04-22T04:44:50
8398,645,2026-03-10T07:54:02
8399,72,2026-03-10T06:33:35
8400,286,2026-04-23T08:48:51
8401,693,2026-03-20T00:06:46
8402,273,2026-03-01T01:14:28
8403,461,2026-03-27T06:54:24
8404,113,2026-04-14T09:13:36
8405,510,2026-04-15T12:00:42
8406,194,2026-03-06T02:54:24
8407,401,2026-03-17T06:21:32
8408,616,2026-04-07T15:35:00
8409,463,2026-04-09T10:46:19
8410,333,2026-04-07T05:26:47
8411,134,2026-03-21T06:01:24
8412,239,2026-04-21T15:42:28
8413,595,2026-03-05T11:39:56
8414,152,2026-04-19T07:16:24
8415,460,2026-04-26T08:39:26
8416,340,2026-04-11T04:48:45
8417,225,2026-03-26T08:58:50
8418,502,2026-03-23T13:31:20
8419,254,2026-03-27T07:03:10
8420,201,2026-03-10T13:52:38
8421,371,2026-03-14T06:26:06
8422,531,2026-04-08T07:38:43
8423,605,2026-04-03T04:53:28
8424,441,2026-03-30T07:15:58
8425,464,2026-03-29T05:00:18
8426,552,2026-03-05T05:57:46
8427,189,2026-04-22T17:09:00
8428,176,2026-04-27T15:24:01
8429,339,2026-03-15T02:47:26
8430,442,2026-03-19T15:45:37
8431,453,2026-04-07T17:09:10
8432,108,2026-03-01T16:15:36
8433,547,2026-03-07T04:41:39
8434,255,2026-04-24T07:25:07
8435,615,2026-03-11T16:30:51
8436,508,2026-04-04T04:44:45
8437,689,2026-04-22T09:51:19
8438,443,2026-04-13T01:41:22
8439,370,2026-03-17T04:10:16
8440,132,2026-03-10T00:56:37
8441,280,2026-04-13T04:33:41
8442,601,2026-03-25T03:47:16
8443,268,2026-04-28T11:36:32
8444,38,2026-04-08T09:19:10
8445,172,2026-03-01T15:39:24
8446,417,2026-03-16T15:51:23
8447,441,2026-04-14T07:49:22
8448,689,2026-04-12T08:55:12
8449,654,2026-04-14T06:03:01
8450,373,2026-03-15T03:57:59
8451,389,2026-03-15T15:19:24
8452,561,2026-03-13T14:54:43
8453,35,2026-04-11T02:31:51
8454,417,2026-03-01T15:41:02
8455,332,2026-04-18T15:46:23
8456,549,2026-03-17T11:47:23
8457,561,2026-03-30T06:19:38
8458,459,2026-03-15T07:38:54
8459,461,2026-03-26T09:33:40
8460,484,2026-04-15T05:19:35
8461,407,2026-03-12T15:02:13
8462,160,2026-04-04T05:48:29
8463,200,2026-03-04T08:25:44
8464,520,2026-03-11T01:13:32
8465,433,2026-04-11T04:20:36
8466,167,2026-04-04T06:25:18
8467,615,2026-04-06T18:59:28
8468,687,2026-03-14T05:20:23
8469,439,2026-03-13T02:07:29
8470,160,2026-03-26T04:10:11
8471,657,2026-03-08T01:55:38
8472,166,2026-04-23T07:47:42
8473,303,2026-03-17T07:00:45
8474,602,2026-04-13T09:28:14
8475,365,2026-03-10T07:16:25
8476,171,2026-04-09T02:31:25
8477,57,2026-03-13T11:36:52
8478,253,2026-03-17T13:30:55
8479,471,2026-03-25T05:29:28
8480,501,2026-03-08T02:41:24
8481,157,2026-03-08T09:42:01
8482,112,2026-04-14T23:10:20
8483,492,2026-03-21T02:41:04
8484,112,2026-04-04T02:30:25
8485,45,2026-04-08T09:24:23
8486,341,2026-04-07T01:15:14
8487,400,2026-04-07T00:33:58
8488,171,2026-04-27T22:58:43
8489,148,2026-04-07T00:27:38
8490,165,2026-03-21T05:03:40
8491,240,2026-03-18T09:14:20
8492,7,2026-04-18T06:55:15
8493,9,2026-03-26T16:48:51
8494,260,2026-04-03T02:03:25
8495,14,2026-04-18T12:48:42
8496,223,2026-03-15T15:06:31
8497,407,2026-03-14T08:18:01
8498,22,2026-03-04T04:54:52
8499,433,2026-03-05T06:38:01
8500,435,2026-04-06T14:38:20
8501,402,2026-03-31T15:12:45
8502,439,2026-03-18T03:19:34
8503,567,2026-03-13T13:05:49
8504,50,2026-04-11T07:35:56
8505,119,2026-03-06T01:29:42
8506,222,2026-04-12T01:09:15
8507,482,2026-04-24T05:17:00
8508,611,2026-03-28T01:03:43
8509,644,2026-03-30T20:03:19
8510,408,2026-04-02T03:02:39
8511,288,2026-03-06T07:19:30
8512,289,2026-04-07T11:16:08
8513,42,2026-03-22T08:11:21
8514,326,2026-03-29T03:10:59
8515,359,2026-03-02T09:56:19
8516,146,2026-04-22T09:24:46
8517,538,2026-03-21T09:31:41
8518,569,2026-03-05T15:52:25
8519,212,2026-04-16T07:59:45
8520,640,2026-04-28T11:22:33
8521,75,2026-04-01T14:46:37
8522,638,2026-03-03T12:23:21
8523,538,2026-04-29T06:16:56
8524,157,2026-03-13T10:07:15
8525,456,2026-03-15T07:20:32
8526,218,2026-04-12T03:59:53
8527,560,2026-03-20T14:10:42
8528,113,2026-03-06T01:08:35
8529,172,2026-04-10T15:15:04
8530,216,2026-03-16T04:20:22
8531,140,2026-04-21T01:22:26
8532,233,2026-03-10T10:56:51
8533,422,2026-04-24T17:55:51
8534,444,2026-04-13T10:27:26
8535,388,2026-03-15T00:53:21
8536,133,2026-04-04T15:20:11
8537,142,2026-04-26T03:23:28
8538,644,2026-03-04T14:42:09
8539,176,2026-04-19T14:52:09
8540,73,2026-03-28T08:01:56
8541,318,2026-04-26T05:35:32
8542,5,2026-03-13T05:19:22
8543,240,2026-04-13T07:23:25
8544,599,2026-04-28T14:34:23
8545,188,2026-03-21T05:30:50
8546,493,2026-03-07T14:59:32
8547,343,2026-03-24T13:26:38
8548,249,2026-04-05T18:58:34
8549,464,2026-04-07T14:40:33
8550,417,2026-03-29T11:37:25
8551,223,2026-04-25T14:32:46
8552,157,2026-04-04T11:20:56
8553,642,2026-04-07T23:35:20
8554,118,2026-04-27T07:33:19
8555,672,2026-04-26T00:06:45
8556,330,2026-03-21T19:56:06
8557,698,2026-03-18T19:53:27
8558,248,2026-04-14T13:40:59
8559,396,2026-04-01T10:40:41
8560,431,2026-03-27T18:08:13
8561,238,2026-04-11T16:35:24
8562,153,2026-04-09T16:58:56
8563,365,2026-04-24T08:07:31
8564,465,2026-03-22T18:54:50
8565,183,2026-04-15T06:21:48
8566,537,2026-03-14T14:13:46
8567,448,2026-04-26T01:54:38
8568,117,2026-03-06T05:39:07
8569,658,2026-04-15T09:48:17
8570,31,2026-03-07T13:52:02
8571,458,2026-04-22T07:00:26
8572,308,2026-04-27T07:13:10
8573,458,2026-04-19T04:14:36
8574,542,2026-04-17T17:55:24
8575,482,2026-03-29T06:31:56
8576,456,2026-03-15T13:10:47
8577,589,2026-04-29T06:41:13
8578,492,2026-04-01T07:21:23
8579,570,2026-04-18T19:34:25
8580,282,2026-04-12T14:56:01
8581,142,2026-04-12T01:16:43
8582,165,2026-03-22T00:56:04
8583,429,2026-03-26T18:44:49
8584,373,2026-03-27T10:01:27
8585,55,2026-04-06T19:23:27
8586,144,2026-04-13T18:51:01
8587,678,2026-03-12T08:51:37
8588,509,2026-03-14T02:41:45
8589,529,2026-03-03T05:41:24
8590,138,2026-04-01T05:52:14
8591,45,2026-04-10T07:08:59
8592,204,2026-03-12T23:27:29
8593,600,2026-04-12T17:21:39
8594,355,2026-03-01T18:58:47
8595,550,2026-04-21T08:46:35
8596,341,2026-04-11T02:44:33
8597,344,2026-04-10T17:05:41
8598,421,2026-04-12T06:45:52
8599,672,2026-03-22T01:50:41
8600,307,2026-04-29T04:25:50
8601,418,2026-04-14T11:51:16
8602,644,2026-03-11T16:23:10
8603,261,2026-04-25T12:39:06
8604,588,2026-04-14T13:12:01
8605,375,2026-03-19T18:30:26
8606,616,2026-04-26T14:03:51
8607,328,2026-03-15T16:07:03
8608,441,2026-04-08T11:54:39
8609,227,2026-04-10T06:42:48
8610,445,2026-04-27T05:35:55
8611,229,2026-04-04T09:24:48
8612,427,2026-04-29T00:33:04
8613,553,2026-03-18T11:42:09
8614,305,2026-04-18T00:20:59
8615,301,2026-03-15T03:19:05
8616,226,2026-04-29T05:44:59
8617,512,2026-04-15T07:32:56
8618,415,2026-04-07T17:24:16
8619,362,2026-03-04T01:26:48
8620,18,2026-03-30T12:48:03
8621,78,2026-03-09T14:31:07
8622,6,2026-04-25T16:04:22
8623,596,2026-03-23T04:49:13
8624,597,2026-04-19T00:14:26
8625,48,2026-04-24T12:04:16
8626,33,2026-03-07T03:17:16
8627,548,2026-04-15T16:07:21
8628,368,2026-03-19T00:01:03
8629,217,2026-03-07T09:41:41
8630,431,2026-03-16T18:39:52
8631,166,2026-04-02T05:18:24
8632,139,2026-04-21T04:42:12
8633,258,2026-04-11T06:02:54
8634,628,2026-03-14T08:24:52
8635,538,2026-03-18T11:34:27
8636,134,2026-03-19T10:47:15
8637,394,2026-04-14T00:16:44
8638,620,2026-04-01T06:57:50
8639,667,2026-03-02T09:22:01
8640,535,2026-03-05T14:44:16
8641,91,2026-03-05T06:10:51
8642,169,2026-04-27T02:40:06
8643,154,2026-03-31T02:33:14
8644,106,2026-03-30T07:26:49
8645,123,2026-04-15T00:15:48
8646,222,2026-03-12T01:33:16
8647,389,2026-03-02T13:24:52
8648,279,2026-03-17T01:17:18
8649,295,2026-03-13T12:31:12
8650,173,2026-04-17T19:14:24
8651,106,2026-04-19T12:39:35
8652,700,2026-04-08T03:01:36
8653,420,2026-04-24T05:14:15
8654,161,2026-03-28T00:28:38
8655,567,2026-03-15T16:07:01
8656,582,2026-03-20T03:13:04
8657,677,2026-03-09T05:25:14
8658,112,2026-04-24T05:28:57
8659,448,2026-04-06T01:20:42
8660,687,2026-04-16T08:48:03
8661,565,2026-03-16T23:30:04
8662,158,2026-04-13T02:22:50
8663,626,2026-03-20T03:30:30
8664,296,2026-03-27T08:19:42
8665,343,2026-04-09T17:03:18
8666,391,2026-04-28T09:26:17
8667,540,2026-04-03T13:21:09
8668,85,2026-04-12T04:29:35
8669,378,2026-04-05T09:30:34
8670,572,2026-03-26T10:16:32
8671,384,2026-04-25T17:27:55
8672,193,2026-04-27T13:35:40
8673,40,2026-03-19T15:14:55
8674,385,2026-04-23T00:01:44
8675,493,2026-03-28T16:11:07
8676,385,2026-04-14T03:29:30
8677,686,2026-04-01T10:41:58
8678,422,2026-04-16T12:38:42
8679,356,2026-04-22T14:46:06
8680,39,2026-03-26T12:27:11
8681,392,2026-04-12T10:52:04
8682,119,2026-03-31T05:58:41
8683,508,2026-04-16T21:01:26
8684,113,2026-03-12T07:09:25
8685,635,2026-04-13T01:23:58
8686,212,2026-04-05T08:27:56
8687,304,2026-03-28T09:12:05
8688,102,2026-03-23T08:17:51
8689,148,2026-04-12T04:02:56
8690,646,2026-03-21T04:54:00
8691,199,2026-03-02T00:47:54
8692,360,2026-04-26T04:10:45
8693,687,2026-03-27T02:24:16
8694,437,2026-03-10T01:31:36
8695,30,2026-03-14T16:26:02
8696,251,2026-04-19T13:25:42
8697,271,2026-03-20T00:33:20
8698,194,2026-03-17T03:55:15
8699,169,2026-03-30T07:31:47
8700,353,2026-03-02T12:33:47
8701,264,2026-04-03T13:15:21
8702,207,2026-03-03T17:27:08
8703,290,2026-04-20T15:40:44
8704,241,2026-03-26T17:35:53
8705,161,2026-03-14T02:29:52
8706,317,2026-03-28T18:42:26
8707,660,2026-03-11T07:13:31
8708,355,2026-03-20T13:01:06
8709,419,2026-03-08T05:18:19
8710,690,2026-04-10T09:14:42
8711,430,2026-04-28T11:54:45
8712,157,2026-03-30T05:14:23
8713,279,2026-03-06T03:54:55
8714,342,2026-03-05T15:24:15
8715,333,2026-04-19T08:42:42
8716,105,2026-03-21T20:34:40
8717,75,2026-03-18T15:00:35
8718,245,2026-03-06T21:54:20
8719,640,2026-04-09T13:28:42
8720,503,2026-03-04T18:33:13
8721,590,2026-04-24T10:15:49
8722,123,2026-03-12T21:10:36
8723,290,2026-03-05T15:02:24
8724,407,2026-04-12T14:31:21
8725,305,2026-03-22T04:18:07
8726,292,2026-04-11T06:25:03
8727,252,2026-03-03T12:58:18
8728,37,2026-04-21T11:38:13
8729,601,2026-03-19T06:44:41
8730,654,2026-04-15T06:38:27
8731,57,2026-04-26T16:10:09
8732,290,2026-04-02T16:39:34
8733,363,2026-03-21T05:53:38
8734,549,2026-03-19T10:59:29
8735,691,2026-04-11T02:02:39
8736,292,2026-03-01T07:01:55
8737,525,2026-03-09T17:58:35
8738,657,2026-04-07T22:45:20
8739,582,2026-03-02T06:00:37
8740,204,2026-03-18T00:51:52
8741,573,2026-04-08T14:56:38
8742,289,2026-03-16T11:14:28
8743,13,2026-04-25T09:12:06
8744,532,2026-04-28T16:45:40
8745,585,2026-03-03T03:18:47
8746,241,2026-03-11T17:06:32
8747,316,2026-04-24T04:41:37
8748,256,2026-03-02T07:32:06
8749,82,2026-03-30T03:16:58
8750,697,2026-04-26T05:19:25
8751,16,2026-04-05T17:28:52
8752,389,2026-03-19T18:13:40
8753,11,2026-03-01T02:03:43
8754,483,2026-03-24T05:38:16
8755,631,2026-04-02T13:17:15
8756,451,2026-03-05T06:24:19
8757,425,2026-04-01T11:18:16
8758,580,2026-03-25T02:09:42
8759,682,2026-03-20T10:32:09
8760,604,2026-04-28T08:36:44
8761,162,2026-04-23T01:30:08
8762,395,2026-04-11T12:30:32
8763,574,2026-04-05T04:42:17
8764,207,2026-03-29T17:02:44
8765,473,2026-03-05T07:46:17
8766,16,2026-03-19T10:49:50
8767,615,2026-03-01T13:09:52
8768,431,2026-03-22T18:59:30
8769,521,2026-03-28T22:27:01
8770,578,2026-04-06T06:20:41
8771,154,2026-03-21T22:17:40
8772,316,2026-03-16T09:59:00
8773,602,2026-04-12T04:32:33
8774,116,2026-03-10T15:59:01
8775,576,2026-03-08T15:43:14
8776,202,2026-04-11T09:27:36
8777,403,2026-04-05T15:01:27
8778,357,2026-04-21T23:55:38
8779,481,2026-04-14T03:13:24
8780,586,2026-04-24T00:46:17
8781,245,2026-04-09T01:07:04
8782,121,2026-04-20T08:50:37
8783,296,2026-03-11T09:01:32
8784,429,2026-04-01T18:07:06
8785,526,2026-04-26T07:17:06
8786,528,2026-04-17T11:46:46
8787,238,2026-03-25T14:59:49
8788,656,2026-04-25T10:14:21
8789,59,2026-03-19T07:34:58
8790,82,2026-03-02T05:44:34
8791,18,2026-04-17T06:53:32
8792,649,2026-03-25T11:14:58
8793,127,2026-03-03T09:06:36
8794,422,2026-03-13T14:47:30
8795,570,2026-03-05T18:02:07
8796,537,2026-04-29T14:53:31
8797,665,2026-04-20T05:24:19
8798,38,2026-04-25T09:30:06
8799,285,2026-03-11T03:29:31
8800,355,2026-04-18T12:25:02
8801,488,2026-04-02T19:00:55
8802,436,2026-03-18T11:08:55
8803,392,2026-04-10T07:21:43
8804,215,2026-04-27T03:14:51
8805,75,2026-03-28T09:48:49
8806,303,2026-03-02T11:59:48
8807,182,2026-04-20T02:12:07
8808,389,2026-03-12T18:43:59
8809,558,2026-03-11T09:30:14
8810,387,2026-04-07T16:46:05
8811,409,2026-04-17T17:45:52
8812,30,2026-04-17T16:48:45
8813,452,2026-04-22T07:57:35
8814,308,2026-04-23T09:35:06
8815,87,2026-03-08T06:55:19
8816,150,2026-03-19T01:26:38
8817,547,2026-04-13T05:02:42
8818,642,2026-03-24T05:20:43
8819,356,2026-04-12T14:41:14
8820,684,2026-03-28T04:01:41
8821,127,2026-03-28T10:49:06
8822,210,2026-03-02T17:48:15
8823,652,2026-04-06T05:13:01
8824,123,2026-04-21T03:51:52
8825,462,2026-04-19T14:46:22
8826,154,2026-03-20T22:20:33
8827,232,2026-04-10T02:55:00
8828,335,2026-03-12T11:30:54
8829,252,2026-04-08T12:26:23
8830,613,2026-03-25T13:34:26
8831,681,2026-04-25T14:59:21
8832,351,2026-04-12T00:39:20
8833,368,2026-03-05T04:30:18
8834,39,2026-04-22T18:38:53
8835,164,2026-04-13T15:44:04
8836,28,2026-03-13T13:11:48
8837,600,2026-03-17T20:31:15
8838,160,2026-03-11T07:41:05
8839,239,2026-03-19T14:11:52
8840,590,2026-04-26T12:45:26
8841,500,2026-04-24T00:00:54
8842,436,2026-04-03T14:01:04
8843,27,2026-03-22T06:23:04
8844,395,2026-03-22T16:37:52
8845,393,2026-04-27T14:07:15
8846,224,2026-03-12T06:25:28
8847,522,2026-04-15T07:11:09
8848,651,2026-04-29T14:53:15
8849,182,2026-04-21T01:44:34
8850,232,2026-04-13T05:56:04
8851,226,2026-04-23T00:22:46
8852,585,2026-03-14T03:35:17
8853,55,2026-04-29T16:21:54
8854,628,2026-03-06T08:23:21
8855,543,2026-03-01T02:32:43
8856,339,2026-03-12T06:56:58
8857,409,2026-04-06T17:52:39
8858,627,2026-03-15T17:16:59
8859,539,2026-04-08T05:18:42
8860,194,2026-03-07T00:29:27
8861,36,2026-04-11T03:45:59
8862,461,2026-03-14T12:21:54
8863,103,2026-04-01T17:03:55
8864,62,2026-03-08T13:09:47
8865,688,2026-04-28T04:23:05
8866,332,2026-03-23T13:53:46
8867,456,2026-04-06T13:41:13
8868,153,2026-03-30T10:15:16
8869,72,2026-04-05T03:35:46
8870,44,2026-03-28T04:47:44
8871,249,2026-03-05T14:16:04
8872,3,2026-04-19T01:45:59
8873,295,2026-04-08T07:38:41
8874,228,2026-03-16T07:40:50
8875,369,2026-03-06T17:07:54
8876,413,2026-04-23T03:06:32
8877,216,2026-03-20T02:27:19
8878,319,2026-04-24T15:24:00
8879,55,2026-04-15T14:18:43
8880,212,2026-04-27T12:55:22
8881,685,2026-04-09T10:14:25
8882,694,2026-03-11T01:21:39
8883,341,2026-03-02T23:02:24
8884,658,2026-03-15T08:01:08
8885,351,2026-03-27T03:19:52
8886,88,2026-04-07T13:43:24
8887,608,2026-04-23T18:35:43
8888,291,2026-03-09T06:41:42
8889,429,2026-04-08T14:45:14
8890,455,2026-03-06T12:34:53
8891,216,2026-03-29T06:26:59
8892,514,2026-03-05T06:21:42
8893,351,2026-03-23T07:02:51
8894,257,2026-04-06T10:19:36
8895,209,2026-04-14T09:29:18
8896,523,2026-04-18T03:13:13
8897,175,2026-04-01T16:08:56
8898,87,2026-03-16T06:35:40
8899,618,2026-04-24T02:28:29
8900,233,2026-04-26T11:59:50
8901,449,2026-04-28T17:49:33
8902,502,2026-04-17T15:47:26
8903,587,2026-04-15T23:29:03
8904,438,2026-03-05T10:39:53
8905,496,2026-04-04T12:53:04
8906,587,2026-03-25T00:34:20
8907,661,2026-03-16T14:15:36
8908,33,2026-03-05T04:42:37
8909,521,2026-03-13T00:07:38
8910,123,2026-04-24T01:30:50
8911,624,2026-04-24T15:51:30
8912,34,2026-04-14T08:50:53
8913,173,2026-03-07T17:46:34
8914,135,2026-04-11T16:34:28
8915,423,2026-03-08T04:20:23
8916,3,2026-04-10T00:14:27
8917,12,2026-03-03T02:29:28
8918,353,2026-03-18T08:33:56
8919,681,2026-03-08T13:19:09
8920,370,2026-04-26T00:14:27
8921,313,2026-04-04T05:46:07
8922,461,2026-04-25T08:32:00
8923,387,2026-03-02T12:29:27
8924,270,2026-04-14T14:48:29
8925,412,2026-03-29T02:58:17
8926,3,2026-03-29T01:43:36
8927,172,2026-04-22T08:46:00
8928,472,2026-03-03T02:16:44
8929,240,2026-04-26T09:51:24
8930,39,2026-03-02T15:43:04
8931,88,2026-03-22T11:33:55
8932,607,2026-03-09T05:07:34
8933,231,2026-04-01T05:31:28
8934,16,2026-04-05T13:38:36
8935,511,2026-04-08T03:11:33
8936,372,2026-04-17T19:18:40
8937,316,2026-04-15T08:46:43
8938,627,2026-04-26T16:37:16
8939,220,2026-03-27T16:14:38
8940,401,2026-03-11T02:51:45
8941,522,2026-03-10T06:50:08
8942,426,2026-03-17T06:08:47
8943,146,2026-04-06T10:03:20
8944,478,2026-03-04T11:41:08
8945,521,2026-04-27T00:04:42
8946,86,2026-04-29T07:40:46
8947,116,2026-03-10T18:32:33
8948,473,2026-04-16T06:45:36
8949,84,2026-04-05T02:01:27
8950,617,2026-03-29T04:58:26
8951,77,2026-04-14T06:05:19
8952,682,2026-04-04T11:28:46
8953,471,2026-03-20T06:48:29
8954,311,2026-04-03T05:08:07
8955,188,2026-03-09T05:44:14
8956,242,2026-03-16T04:41:21
8957,524,2026-04-27T23:52:44
8958,528,2026-03-12T18:32:53
8959,147,2026-04-05T00:18:09
8960,381,2026-03-18T13:48:08
8961,696,2026-03-28T15:09:31
8962,181,2026-03-15T02:47:55
8963,486,2026-04-04T05:09:17
8964,121,2026-04-03T07:43:37
8965,584,2026-04-07T05:02:43
8966,120,2026-03-19T15:23:00
8967,209,2026-04-04T05:52:21
8968,322,2026-04-13T06:28:09
8969,260,2026-04-13T00:01:59
8970,120,2026-04-04T10:54:03
8971,449,2026-03-18T13:35:07
8972,14,2026-04-01T10:26:46
8973,689,2026-04-02T08:53:09
8974,37,2026-04-27T11:35:15
8975,234,2026-03-23T15:35:33
8976,651,2026-03-20T14:41:34
8977,109,2026-04-14T11:10:59
8978,52,2026-04-08T07:06:51
8979,521,2026-03-26T01:36:50
8980,52,2026-03-01T07:46:54
8981,630,2026-04-12T15:57:33
8982,316,2026-04-14T10:00:50
8983,609,2026-04-25T08:04:42
8984,172,2026-03-31T13:58:30
8985,99,2026-03-31T08:10:56
8986,674,2026-03-13T10:34:08
8987,534,2026-03-28T00:28:23
8988,638,2026-03-01T14:10:20
8989,224,2026-03-31T09:46:32
8990,284,2026-04-12T09:47:20
8991,405,2026-04-17T07:16:25
8992,315,2026-04-09T16:50:59
8993,170,2026-04-18T12:36:45
8994,263,2026-04-09T15:12:48
8995,427,2026-04-15T23:16:21
8996,27,2026-03-27T10:02:19
8997,236,2026-04-06T07:33:30
8998,205,2026-04-08T12:31:24
8999,50,2026-04-04T06:10:39
9000,86,2026-04-04T04:38:16
9001,347,2026-04-16T06:18:08
9002,72,2026-03-15T00:10:24
9003,242,2026-03-20T02:11:49
9004,393,2026-04-01T14:33:04
9005,612,2026-04-08T02:55:05
9006,70,2026-03-31T07:31:50
9007,305,2026-03-12T04:37:22
9008,73,2026-04-19T09:51:31
9009,301,2026-04-02T03:39:45
9010,337,2026-03-27T07:48:36
9011,560,2026-04-22T10:32:58
9012,310,2026-03-27T12:07:11
9013,655,2026-03-10T08:39:49
9014,97,2026-04-29T05:42:27
9015,38,2026-03-23T04:26:07
9016,4,2026-04-23T02:30:27
9017,250,2026-04-01T15:05:30
9018,136,2026-03-15T04:27:05
9019,65,2026-03-23T14:55:29
9020,166,2026-04-24T05:09:01
9021,683,2026-04-26T18:38:39
9022,561,2026-03-09T07:44:37
9023,14,2026-04-29T13:42:07
9024,641,2026-04-21T13:52:34
9025,144,2026-04-08T14:11:15
9026,285,2026-03-11T02:12:38
9027,230,2026-04-05T07:20:14
9028,284,2026-03-26T08:01:53
9029,533,2026-03-08T14:00:30
9030,499,2026-04-29T18:36:59
9031,416,2026-04-06T17:17:04
9032,439,2026-03-05T23:58:50
9033,510,2026-03-21T12:51:03
9034,129,2026-04-20T06:40:01
9035,277,2026-03-27T06:49:10
9036,76,2026-03-30T05:15:18
9037,493,2026-03-09T13:42:53
9038,307,2026-03-07T08:52:46
9039,447,2026-04-28T04:09:04
9040,396,2026-04-27T09:32:54
9041,192,2026-03-06T04:59:14
9042,98,2026-04-02T05:30:54
9043,682,2026-04-10T10:48:12
9044,206,2026-04-21T23:03:40
9045,77,2026-04-03T09:20:37
9046,215,2026-04-22T01:03:50
9047,632,2026-03-08T04:42:37
9048,183,2026-03-01T09:34:09
9049,691,2026-03-28T00:11:59
9050,323,2026-03-16T02:48:23
9051,604,2026-04-15T10:32:56
9052,458,2026-03-21T11:45:05
9053,31,2026-03-25T12:42:54
9054,357,2026-04-02T03:56:17
9055,292,2026-04-27T09:13:57
9056,142,2026-03-04T21:30:46
9057,385,2026-04-02T21:09:58
9058,73,2026-03-24T12:37:11
9059,489,2026-03-03T11:21:44
9060,576,2026-04-18T12:37:44
9061,65,2026-04-24T16:04:54
9062,336,2026-03-11T03:22:46
9063,459,2026-04-15T08:27:05
9064,44,2026-04-12T04:00:52
9065,273,2026-04-11T22:08:16
9066,181,2026-03-28T03:50:58
9067,28,2026-03-20T10:29:46
9068,563,2026-03-05T16:04:44
9069,312,2026-03-03T12:08:38
9070,527,2026-03-11T11:57:40
9071,411,2026-04-01T00:10:33
9072,614,2026-03-09T05:50:47
9073,698,2026-04-11T17:14:55
9074,422,2026-04-07T17:06:11
9075,247,2026-03-21T12:50:49
9076,297,2026-03-06T11:07:44
9077,578,2026-04-01T07:48:35
9078,299,2026-04-19T14:44:54
9079,364,2026-03-24T12:59:56
9080,136,2026-04-18T06:32:27
9081,694,2026-03-18T00:55:04
9082,456,2026-03-05T14:38:01
9083,232,2026-04-08T01:01:36
9084,410,2026-04-23T01:17:20
9085,281,2026-04-23T06:00:13
9086,109,2026-04-27T16:53:05
9087,613,2026-03-07T12:24:15
9088,620,2026-03-03T00:32:37
9089,585,2026-04-04T03:48:47
9090,258,2026-04-27T05:33:50
9091,180,2026-04-29T11:55:39
9092,35,2026-03-17T11:59:05
9093,513,2026-03-23T09:12:42
9094,230,2026-04-09T12:46:25
9095,625,2026-04-24T09:11:07
9096,609,2026-03-11T05:41:40
9097,90,2026-04-28T02:32:57
9098,642,2026-04-19T07:51:54
9099,99,2026-03-05T11:10:46
9100,344,2026-04-20T20:59:13
9101,332,2026-04-08T13:30:29
9102,670,2026-04-28T11:48:31
9103,461,2026-03-13T10:48:24
9104,613,2026-04-29T15:48:01
9105,418,2026-03-03T09:14:34
9106,578,2026-03-05T06:11:23
9107,597,2026-03-27T04:05:20
9108,602,2026-04-09T09:52:20
9109,289,2026-03-11T09:36:44
9110,268,2026-03-17T08:52:10
9111,690,2026-03-24T10:20:32
9112,530,2026-03-08T12:35:08
9113,643,2026-03-11T15:03:56
9114,405,2026-03-09T08:39:22
9115,651,2026-04-27T16:54:54
9116,504,2026-04-26T09:37:03
9117,520,2026-04-06T23:51:43
9118,125,2026-04-11T07:32:54
9119,397,2026-03-09T15:26:09
9120,512,2026-03-04T05:11:57
9121,533,2026-03-23T09:14:56
9122,671,2026-04-29T10:39:51
9123,229,2026-03-29T10:23:43
9124,212,2026-04-18T12:22:00
9125,679,2026-03-23T05:33:06
9126,691,2026-03-19T00:32:20
9127,126,2026-04-18T14:48:46
9128,265,2026-03-29T06:54:26
9129,664,2026-04-13T11:07:02
9130,140,2026-04-13T04:06:19
9131,549,2026-04-13T08:49:50
9132,79,2026-04-10T18:57:48
9133,125,2026-04-18T11:32:49
9134,550,2026-03-28T05:34:40
9135,426,2026-03-19T06:43:10
9136,389,2026-03-31T14:56:11
9137,600,2026-03-20T17:21:59
9138,215,2026-03-02T23:12:05
9139,353,2026-03-22T12:49:46
9140,426,2026-03-31T08:03:35
9141,518,2026-04-01T13:06:02
9142,233,2026-03-21T09:37:50
9143,444,2026-04-13T16:18:54
9144,314,2026-03-18T00:31:38
9145,380,2026-04-08T08:29:59
9146,604,2026-03-17T09:44:14
9147,276,2026-04-29T01:10:57
9148,468,2026-04-08T10:36:33
9149,660,2026-04-03T09:44:39
9150,534,2026-03-26T05:30:31
9151,693,2026-04-15T07:18:53
9152,409,2026-03-26T15:54:47
9153,198,2026-04-18T13:07:48
9154,694,2026-03-10T00:19:25
9155,452,2026-04-19T12:32:56
9156,169,2026-04-27T06:16:43
9157,223,2026-03-15T16:39:20
9158,184,2026-03-14T17:48:15
9159,584,2026-04-27T02:31:47
9160,65,2026-03-25T14:21:01
9161,518,2026-04-11T13:36:53
9162,388,2026-03-12T01:33:46
9163,52,2026-03-26T09:48:34
9164,430,2026-04-12T05:36:59
9165,528,2026-04-23T16:00:16
9166,509,2026-03-27T04:17:59
9167,370,2026-03-05T05:21:08
9168,235,2026-03-25T14:21:45
9169,115,2026-04-08T06:51:12
9170,9,2026-04-22T15:02:40
9171,252,2026-04-20T11:44:21
9172,443,2026-04-14T20:16:22
9173,27,2026-03-10T11:33:15
9174,700,2026-04-01T03:19:55
9175,411,2026-04-04T01:04:33
9176,207,2026-03-29T15:01:28
9177,674,2026-04-25T07:23:16
9178,129,2026-04-27T12:49:43
9179,671,2026-03-13T14:20:14
9180,198,2026-04-27T16:53:34
9181,266,2026-04-20T10:54:21
9182,298,2026-04-12T04:10:53
9183,697,2026-03-23T05:50:18
9184,176,2026-04-15T15:36:41
9185,682,2026-04-05T09:33:10
9186,243,2026-04-23T12:26:18
9187,200,2026-04-12T14:57:31
9188,447,2026-04-27T06:07:54
9189,486,2026-03-25T22:00:24
9190,242,2026-03-05T01:01:10
9191,94,2026-03-30T05:53:53
9192,278,2026-04-29T03:39:12
9193,379,2026-04-09T06:30:13
9194,29,2026-04-12T06:04:21
9195,56,2026-04-07T12:08:49
9196,643,2026-04-05T13:53:22
9197,26,2026-03-04T03:52:57
9198,285,2026-03-25T02:47:49
9199,535,2026-03-06T16:52:49
9200,230,2026-03-21T10:43:26
9201,347,2026-04-13T03:45:49
9202,61,2026-04-18T07:50:52
9203,557,2026-03-14T01:27:23
9204,444,2026-04-09T15:06:19
9205,597,2026-03-14T03:07:06
9206,605,2026-03-13T02:37:23
9207,246,2026-04-27T19:11:28
9208,29,2026-04-06T05:12:45
9209,243,2026-03-12T13:52:33
9210,102,2026-03-09T03:31:14
9211,374,2026-03-03T03:28:17
9212,103,2026-03-30T15:21:07
9213,646,2026-03-07T06:16:13
9214,422,2026-04-05T16:07:08
9215,178,2026-03-27T03:56:46
9216,645,2026-04-08T12:44:13
9217,539,2026-03-13T05:51:03
9218,307,2026-03-09T04:18:36
9219,103,2026-03-07T15:06:33
9220,241,2026-03-06T15:07:02
9221,409,2026-03-05T15:58:41
9222,537,2026-03-16T11:52:39
9223,184,2026-04-18T12:55:57
9224,520,2026-04-06T03:08:45
9225,198,2026-03-16T16:25:47
9226,173,2026-04-25T15:12:44
9227,313,2026-04-15T05:35:38
9228,113,2026-04-16T05:01:37
9229,284,2026-04-23T08:23:37
9230,251,2026-04-14T16:31:26
9231,197,2026-04-27T14:16:05
9232,543,2026-03-20T04:49:58
9233,233,2026-04-21T10:04:58
9234,487,2026-03-07T10:51:05
9235,505,2026-03-19T15:00:46
9236,467,2026-04-23T06:44:45
9237,189,2026-03-09T15:39:14
9238,581,2026-03-31T01:28:22
9239,166,2026-03-21T06:02:46
9240,194,2026-03-07T05:53:49
9241,613,2026-03-15T16:54:23
9242,238,2026-04-02T12:46:37
9243,488,2026-04-07T06:57:27
9244,30,2026-04-10T18:53:08
9245,431,2026-03-08T15:49:09
9246,609,2026-03-20T06:14:50
9247,497,2026-03-07T09:49:01
9248,408,2026-03-01T03:36:04
9249,595,2026-03-24T10:04:17
9250,209,2026-04-07T07:01:48
9251,264,2026-03-23T15:15:42
9252,49,2026-03-03T16:31:34
9253,489,2026-03-14T06:58:37
9254,507,2026-03-26T04:52:09
9255,526,2026-03-22T09:58:09
9256,525,2026-04-19T15:44:35
9257,90,2026-04-04T23:07:21
9258,467,2026-04-29T08:46:33
9259,535,2026-03-11T16:23:38
9260,143,2026-03-23T10:19:18
9261,334,2026-03-06T10:31:51
9262,640,2026-03-02T14:23:48
9263,291,2026-04-25T10:37:06
9264,528,2026-03-30T17:59:07
9265,372,2026-04-09T19:19:12
9266,461,2026-03-17T08:16:08
9267,439,2026-03-04T01:58:32
9268,456,2026-04-23T12:05:14
9269,546,2026-04-09T06:50:38
9270,634,2026-04-12T12:23:51
9271,207,2026-04-02T14:57:08
9272,650,2026-03-25T10:46:09
9273,440,2026-03-26T06:08:10
9274,417,2026-04-15T17:31:48
9275,230,2026-03-14T10:15:58
9276,292,2026-03-21T06:02:46
9277,457,2026-03-19T11:36:41
9278,255,2026-04-01T08:39:36
9279,202,2026-04-28T08:48:12
9280,574,2026-04-25T09:44:28
9281,291,2026-04-02T07:36:54
9282,452,2026-03-13T09:36:21
9283,22,2026-04-26T00:36:01
9284,55,2026-03-19T15:10:12
9285,594,2026-03-22T00:38:30
9286,100,2026-04-23T07:11:41
9287,558,2026-03-16T05:34:25
9288,631,2026-03-28T07:24:27
9289,337,2026-04-25T05:50:41
9290,620,2026-03-20T03:21:16
9291,300,2026-04-07T01:00:47
9292,667,2026-03-03T12:06:19
9293,166,2026-04-29T06:12:06
9294,300,2026-03-26T02:51:08
9295,273,2026-04-10T00:45:21
9296,549,2026-03-31T09:55:02
9297,31,2026-03-27T15:44:11
9298,580,2026-03-25T11:08:26
9299,17,2026-03-02T17:02:56
9300,221,2026-03-17T03:33:58
9301,418,2026-03-23T10:32:45
9302,102,2026-03-23T01:25:56
9303,344,2026-03-17T16:35:36
9304,698,2026-04-08T17:24:08
9305,577,2026-04-19T05:14:39
9306,22,2026-04-23T02:34:33
9307,415,2026-04-28T14:23:51
9308,419,2026-04-08T03:27:20
9309,48,2026-03-25T11:49:49
9310,456,2026-04-08T15:27:38
9311,365,2026-03-08T13:56:44
9312,478,2026-04-19T10:08:01
9313,209,2026-04-02T04:39:57
9314,179,2026-03-10T13:42:32
9315,516,2026-03-26T12:05:38
9316,506,2026-03-19T08:34:27
9317,114,2026-03-21T08:43:08
9318,152,2026-03-04T06:03:33
9319,411,2026-03-01T03:49:41
9320,581,2026-03-21T06:22:09
9321,142,2026-03-19T03:38:22
9322,154,2026-04-29T04:13:37
9323,566,2026-03-16T07:08:17
9324,488,2026-03-20T05:23:17
9325,632,2026-04-23T22:09:06
9326,549,2026-04-21T09:07:30
9327,668,2026-03-04T01:34:07
9328,133,2026-03-06T15:36:52
9329,191,2026-03-06T08:55:10
9330,167,2026-03-28T08:34:05
9331,39,2026-04-04T14:32:55
9332,546,2026-03-22T05:35:23
9333,464,2026-03-01T09:59:11
9334,61,2026-03-13T04:21:32
9335,139,2026-04-06T04:41:06
9336,134,2026-03-23T06:43:24
9337,283,2026-03-08T10:10:39
9338,319,2026-04-09T13:50:28
9339,203,2026-04-06T08:25:55
9340,652,2026-03-30T10:24:43
9341,149,2026-04-26T09:13:38
9342,394,2026-04-20T02:25:40
9343,307,2026-03-03T04:34:41
9344,272,2026-04-24T17:53:28
9345,579,2026-03-03T01:18:06
9346,685,2026-03-29T12:36:15
9347,5,2026-04-24T04:52:18
9348,325,2026-04-28T02:30:15
9349,84,2026-03-02T01:11:16
9350,304,2026-03-05T07:44:45
9351,432,2026-03-15T04:34:56
9352,289,2026-03-17T17:18:27
9353,217,2026-03-17T06:51:29
9354,219,2026-03-26T16:01:19
9355,210,2026-03-20T12:58:37
9356,228,2026-04-04T13:42:41
9357,262,2026-04-21T14:41:03
9358,482,2026-04-02T01:38:30
9359,68,2026-03-20T09:59:25
9360,29,2026-04-04T05:25:26
9361,362,2026-04-06T23:59:30
9362,478,2026-04-23T09:02:08
9363,182,2026-04-26T02:55:47
9364,141,2026-03-17T17:56:54
9365,438,2026-04-25T08:16:06
9366,269,2026-04-19T05:43:49
9367,516,2026-03-08T14:23:33
9368,103,2026-04-03T17:23:50
9369,85,2026-03-10T04:31:11
9370,387,2026-03-30T11:12:11
9371,275,2026-03-03T03:13:00
9372,511,2026-03-18T03:33:30
9373,355,2026-04-05T14:59:24
9374,249,2026-03-19T15:01:56
9375,112,2026-02-28T22:27:33
9376,115,2026-03-24T05:27:55
9377,530,2026-04-02T13:44:15
9378,159,2026-04-15T04:59:02
9379,352,2026-03-09T18:33:49
9380,573,2026-03-29T14:44:00
9381,629,2026-03-12T06:08:50
9382,188,2026-03-10T05:59:30
9383,77,2026-03-08T09:57:34
9384,543,2026-04-15T04:23:12
9385,482,2026-04-25T05:43:16
9386,232,2026-04-09T04:05:12
9387,416,2026-03-23T12:34:44
9388,133,2026-04-26T16:57:27
9389,491,2026-03-30T13:09:06
9390,510,2026-04-01T12:51:02
9391,210,2026-04-08T19:58:43
9392,328,2026-04-09T10:33:40
9393,234,2026-03-30T18:47:18
9394,22,2026-03-29T03:13:21
9395,90,2026-03-20T00:26:48
9396,672,2026-04-10T01:44:04
9397,320,2026-04-09T23:25:57
9398,104,2026-03-27T09:01:50
9399,31,2026-04-12T14:49:07
9400,248,2026-03-09T14:54:31
9401,688,2026-03-25T01:35:33
9402,270,2026-04-29T15:41:54
9403,700,2026-04-13T22:09:35
9404,343,2026-04-13T12:10:00
9405,535,2026-04-21T13:55:17
9406,550,2026-04-06T11:09:35
9407,20,2026-04-09T06:56:22
9408,5,2026-03-29T04:03:28
9409,646,2026-04-19T05:28:56
9410,653,2026-04-12T02:46:56
9411,93,2026-04-01T16:05:16
9412,453,2026-03-08T16:07:10
9413,647,2026-04-18T07:44:57
9414,666,2026-03-20T10:31:32
9415,208,2026-03-22T08:48:35
9416,573,2026-03-08T15:21:10
9417,453,2026-03-14T13:44:38
9418,650,2026-03-08T10:32:51
9419,103,2026-03-06T11:03:08
9420,421,2026-03-02T02:41:20
9421,18,2026-03-18T07:55:24
9422,251,2026-04-15T15:12:27
9423,8,2026-04-21T15:47:13
9424,311,2026-03-14T05:12:41
9425,568,2026-03-26T08:55:13
9426,461,2026-04-19T14:20:16
9427,222,2026-04-12T04:38:33
9428,299,2026-04-24T11:56:07
9429,258,2026-03-26T09:33:50
9430,513,2026-03-11T12:26:26
9431,187,2026-03-09T16:29:57
9432,65,2026-04-12T14:15:22
9433,355,2026-03-02T20:02:00
9434,581,2026-03-28T09:31:21
9435,334,2026-03-22T04:47:37
9436,143,2026-04-25T13:10:00
9437,33,2026-04-29T03:55:28
9438,661,2026-03-30T15:45:46
9439,533,2026-04-04T11:39:53
9440,109,2026-03-23T15:19:44
9441,52,2026-04-16T08:43:14
9442,91,2026-03-18T08:58:42
9443,264,2026-04-14T14:17:46
9444,569,2026-04-24T13:37:24
9445,112,2026-03-11T00:25:39
9446,574,2026-03-14T09:36:29
9447,2,2026-03-23T08:15:24
9448,518,2026-04-19T14:17:39
9449,198,2026-04-08T12:52:58
9450,673,2026-03-12T11:10:57
9451,334,2026-03-23T07:50:01
9452,190,2026-04-08T09:04:16
9453,171,2026-04-26T23:53:49
9454,579,2026-03-28T02:51:44
9455,283,2026-03-05T07:55:44
9456,247,2026-03-07T10:58:36
9457,515,2026-03-02T16:57:25
9458,377,2026-03-08T05:12:38
9459,465,2026-03-25T12:52:49
9460,312,2026-03-17T18:59:05
9461,45,2026-03-19T05:32:00
9462,5,2026-04-14T23:36:45
9463,28,2026-03-29T13:52:03
9464,403,2026-04-13T18:47:24
9465,360,2026-04-02T03:47:07
9466,524,2026-03-13T02:59:19
9467,627,2026-04-26T21:50:11
9468,123,2026-03-29T01:58:25
9469,671,2026-04-20T20:55:00
9470,653,2026-03-06T04:34:52
9471,432,2026-04-20T02:35:42
9472,372,2026-04-12T16:31:39
9473,124,2026-03-15T06:19:46
9474,125,2026-04-17T09:40:00
9475,14,2026-04-14T11:36:32
9476,453,2026-04-23T14:13:14
9477,304,2026-03-13T04:51:51
9478,135,2026-04-23T18:23:41
9479,94,2026-04-15T09:27:04
9480,45,2026-03-21T03:49:52
9481,449,2026-03-22T15:36:35
9482,480,2026-03-16T09:06:32
9483,443,2026-03-29T03:18:07
9484,78,2026-04-23T13:27:35
9485,29,2026-04-20T07:43:22
9486,75,2026-03-09T13:18:16
9487,527,2026-03-08T11:28:12
9488,518,2026-03-04T13:34:08
9489,207,2026-04-06T07:32:50
9490,39,2026-03-19T13:11:26
9491,224,2026-04-15T08:30:15
9492,567,2026-04-15T14:55:32
9493,101,2026-03-12T08:39:20
9494,558,2026-04-11T09:47:33
9495,325,2026-04-15T02:43:02
9496,99,2026-04-29T09:04:11
9497,654,2026-04-13T00:27:39
9498,363,2026-03-22T00:19:04
9499,471,2026-04-29T02:30:58
9500,68,2026-03-17T10:02:20
9501,261,2026-04-18T15:13:34
9502,443,2026-03-23T00:07:48
9503,452,2026-04-26T07:03:29
9504,45,2026-04-16T04:25:16
9505,423,2026-04-05T06:46:51
9506,662,2026-03-13T14:19:41
9507,551,2026-03-12T12:46:42
9508,146,2026-04-26T05:31:15
9509,639,2026-04-18T08:40:05
9510,479,2026-03-31T09:17:14
9511,40,2026-04-22T14:25:44
9512,90,2026-04-16T04:19:12
9513,645,2026-03-24T09:25:46
9514,147,2026-04-19T03:57:25
9515,68,2026-04-17T07:06:18
9516,316,2026-03-29T07:52:16
9517,368,2026-03-01T21:55:04
9518,402,2026-04-14T16:00:21
9519,462,2026-03-21T15:24:56
9520,700,2026-03-22T03:36:34
9521,532,2026-04-12T13:17:46
9522,19,2026-04-18T12:08:49
9523,63,2026-03-06T01:23:42
9524,1,2026-04-19T03:47:45
9525,277,2026-03-17T23:28:25
9526,246,2026-04-03T09:50:26
9527,654,2026-04-22T03:22:25
9528,257,2026-03-14T10:39:18
9529,22,2026-03-14T02:46:02
9530,619,2026-04-28T05:40:39
9531,183,2026-03-23T10:26:38
9532,639,2026-04-26T06:51:25
9533,543,2026-03-21T23:10:39
9534,617,2026-04-07T06:06:45
9535,574,2026-03-31T07:02:54
9536,101,2026-04-29T06:42:51
9537,439,2026-04-03T06:21:20
9538,289,2026-03-31T14:07:17
9539,441,2026-03-28T07:11:28
9540,523,2026-03-23T02:02:23
9541,351,2026-03-27T06:24:40
9542,219,2026-03-28T14:38:01
9543,642,2026-04-15T00:15:16
9544,465,2026-03-03T15:16:25
9545,620,2026-03-30T23:58:05
9546,167,2026-04-02T10:02:26
9547,587,2026-04-15T02:50:09
9548,227,2026-04-09T07:03:55
9549,323,2026-03-26T02:47:06
9550,603,2026-03-07T05:58:24
9551,249,2026-03-23T17:18:15
9552,176,2026-03-16T14:13:25
9553,641,2026-03-13T13:14:43
9554,676,2026-04-13T10:24:19
9555,218,2026-03-29T02:16:43
9556,215,2026-04-16T23:15:06
9557,160,2026-03-09T04:10:58
9558,17,2026-04-29T16:56:36
9559,388,2026-03-29T03:17:54
9560,179,2026-03-16T16:04:12
9561,595,2026-03-22T11:18:41
9562,120,2026-04-20T12:32:31
9563,445,2026-04-12T06:06:16
9564,355,2026-03-11T16:28:46
9565,429,2026-04-29T14:59:29
9566,79,2026-03-08T11:41:44
9567,327,2026-03-17T01:20:01
9568,439,2026-04-13T02:53:06
9569,239,2026-04-01T11:19:47
9570,613,2026-03-27T16:00:25
9571,371,2026-04-25T05:14:11
9572,254,2026-04-17T11:00:47
9573,22,2026-04-27T02:29:09
9574,118,2026-03-17T09:22:00
9575,334,2026-04-21T07:04:33
9576,281,2026-03-13T02:24:08
9577,611,2026-04-18T00:11:42
9578,551,2026-04-02T12:53:25
9579,112,2026-04-05T03:36:54
9580,415,2026-03-07T13:16:30
9581,319,2026-04-22T12:45:11
9582,71,2026-03-17T12:50:31
9583,467,2026-04-05T10:46:38
9584,377,2026-03-09T22:05:53
9585,62,2026-04-25T12:30:07
9586,328,2026-03-20T14:04:44
9587,513,2026-04-15T10:37:36
9588,229,2026-04-15T09:44:57
9589,250,2026-04-03T19:01:35
9590,78,2026-03-08T15:45:57
9591,144,2026-03-17T13:14:33
9592,687,2026-04-06T00:05:03
9593,435,2026-04-02T11:16:07
9594,124,2026-04-05T10:59:06
9595,338,2026-03-15T06:17:31
9596,135,2026-04-02T17:04:48
9597,310,2026-03-06T13:04:34
9598,102,2026-03-30T03:53:56
9599,434,2026-03-06T12:39:30
9600,400,2026-04-08T23:11:40
9601,444,2026-04-04T13:37:12
9602,311,2026-04-21T07:01:00
9603,201,2026-03-28T16:40:43
9604,175,2026-03-10T14:51:05
9605,151,2026-03-15T08:46:57
9606,301,2026-04-17T22:11:57
9607,317,2026-04-27T18:21:12
9608,472,2026-03-04T07:31:05
9609,37,2026-04-10T08:04:53
9610,198,2026-03-29T14:49:54
9611,597,2026-03-16T02:36:32
9612,641,2026-03-31T10:09:22
9613,652,2026-04-26T12:45:27
9614,215,2026-03-12T05:44:55
9615,96,2026-04-20T00:09:33
9616,139,2026-03-06T01:31:11
9617,93,2026-04-13T13:18:41
9618,669,2026-03-05T04:15:58
9619,619,2026-03-04T05:48:03
9620,568,2026-03-03T12:02:31
9621,511,2026-04-18T02:25:32
9622,241,2026-04-04T18:15:46
9623,333,2026-04-11T06:19:33
9624,590,2026-03-10T10:25:12
9625,571,2026-04-25T00:34:36
9626,364,2026-04-18T10:22:07
9627,587,2026-03-29T21:32:31
9628,243,2026-04-23T15:43:13
9629,290,2026-03-09T13:10:59
9630,588,2026-03-18T15:24:44
9631,264,2026-03-03T16:32:44
9632,527,2026-03-10T08:22:00
9633,318,2026-04-20T03:33:25
9634,209,2026-03-25T05:48:41
9635,154,2026-04-08T00:36:29
9636,425,2026-04-22T11:27:06
9637,336,2026-04-15T07:39:31
9638,259,2026-03-24T02:59:39
9639,521,2026-03-21T02:01:43
9640,1,2026-03-07T02:34:18
9641,65,2026-04-19T14:00:34
9642,674,2026-04-29T10:56:54
9643,465,2026-03-31T15:44:57
9644,385,2026-03-30T01:52:18
9645,11,2026-04-20T02:34:40
9646,419,2026-03-21T05:24:54
9647,305,2026-03-25T00:00:04
9648,420,2026-04-23T06:36:34
9649,29,2026-03-23T04:54:45
9650,386,2026-04-25T02:08:13
9651,405,2026-03-10T10:14:17
9652,204,2026-03-29T22:31:51
9653,39,2026-03-30T10:32:10
9654,681,2026-03-19T12:25:18
9655,497,2026-04-27T10:08:49
9656,436,2026-03-29T07:29:36
9657,537,2026-04-22T17:30:38
9658,470,2026-03-14T08:11:32
9659,95,2026-03-21T15:36:22
9660,319,2026-03-29T14:51:47
9661,623,2026-04-03T17:05:17
9662,202,2026-03-14T07:04:15
9663,681,2026-03-19T15:34:27
9664,46,2026-04-07T07:46:07
9665,232,2026-03-17T02:06:37
9666,246,2026-04-15T14:56:54
9667,433,2026-03-29T08:28:43
9668,124,2026-04-28T07:06:18
9669,161,2026-03-14T23:26:05
9670,464,2026-04-20T11:26:37
9671,200,2026-03-30T11:23:31
9672,616,2026-03-06T15:35:52
9673,610,2026-04-12T03:14:29
9674,212,2026-03-13T08:59:04
9675,392,2026-03-09T06:17:54
9676,234,2026-04-01T10:51:17
9677,242,2026-04-17T01:49:46
9678,470,2026-03-16T06:24:05
9679,206,2026-04-07T03:11:57
9680,105,2026-03-01T19:58:55
9681,182,2026-03-11T22:34:04
9682,651,2026-04-15T15:19:56
9683,182,2026-03-01T00:09:47
9684,255,2026-03-22T06:20:54
9685,441,2026-03-31T07:39:13
9686,71,2026-03-04T14:30:21
9687,188,2026-04-28T05:03:30
9688,123,2026-03-31T01:46:28
9689,648,2026-03-21T04:19:43
9690,653,2026-04-27T23:11:54
9691,530,2026-04-03T11:41:52
9692,173,2026-04-10T16:44:53
9693,432,2026-03-06T03:49:19
9694,464,2026-03-10T09:00:00
9695,609,2026-03-03T10:23:10
9696,110,2026-03-31T02:15:10
9697,516,2026-04-20T12:34:46
9698,136,2026-04-24T06:58:24
9699,399,2026-04-04T12:07:22
9700,616,2026-03-04T13:39:45
9701,44,2026-04-07T03:26:04
9702,104,2026-04-08T08:27:22
9703,570,2026-04-05T17:56:24
9704,14,2026-04-13T12:43:12
9705,480,2026-04-03T07:05:19
9706,351,2026-04-12T06:26:49
9707,243,2026-03-30T10:44:41
9708,604,2026-03-10T08:06:20
9709,595,2026-03-05T16:30:52
9710,229,2026-04-24T12:29:06
9711,4,2026-03-27T04:04:52
9712,90,2026-03-20T00:57:38
9713,76,2026-03-18T08:22:12
9714,688,2026-03-04T02:16:51
9715,418,2026-04-26T09:05:08
9716,474,2026-03-05T16:03:34
9717,162,2026-03-13T23:11:35
9718,596,2026-03-28T00:44:59
9719,506,2026-03-22T14:16:13
9720,527,2026-03-03T11:27:52
9721,328,2026-03-20T13:39:08
9722,489,2026-04-16T08:20:14
9723,381,2026-03-16T08:24:02
9724,270,2026-04-21T15:29:19
9725,417,2026-03-22T14:54:43
9726,228,2026-03-01T10:55:11
9727,667,2026-03-07T10:17:04
9728,502,2026-04-18T03:15:33
9729,518,2026-03-25T16:24:00
9730,502,2026-04-28T10:12:39
9731,314,2026-04-17T03:34:45
9732,666,2026-03-02T10:32:44
9733,146,2026-03-19T10:27:05
9734,399,2026-04-13T14:27:31
9735,49,2026-03-04T17:51:19
9736,207,2026-04-29T17:08:07
9737,403,2026-03-10T17:45:09
9738,343,2026-04-17T19:34:15
9739,659,2026-04-20T13:47:45
9740,430,2026-03-31T05:34:28
9741,289,2026-04-18T17:46:05
9742,299,2026-04-23T13:36:16
9743,429,2026-04-14T18:42:10
9744,554,2026-04-12T04:24:03
9745,194,2026-03-24T02:53:52
9746,410,2026-03-18T05:17:53
9747,403,2026-04-22T17:43:03
9748,7,2026-03-14T05:19:31
9749,639,2026-03-25T07:47:51
9750,399,2026-03-31T12:50:35
9751,170,2026-03-24T16:11:20
9752,444,2026-03-23T17:37:06
9753,475,2026-04-05T07:31:05
9754,641,2026-03-20T14:23:54
9755,24,2026-04-29T12:16:38
9756,290,2026-03-11T16:36:51
9757,127,2026-03-24T08:49:58
9758,403,2026-04-20T21:20:23
9759,352,2026-03-29T16:20:42
9760,333,2026-04-12T08:51:11
9761,688,2026-04-08T05:45:40
9762,373,2026-03-20T06:43:47
9763,288,2026-04-14T04:35:32
9764,48,2026-03-15T08:06:34
9765,203,2026-04-14T06:09:27
9766,629,2026-03-08T05:03:49
9767,317,2026-04-11T16:18:30
9768,638,2026-03-07T13:02:28
9769,373,2026-04-22T08:28:22
9770,384,2026-04-07T17:01:53
9771,301,2026-03-02T22:59:05
9772,390,2026-03-07T03:29:42
9773,47,2026-03-12T06:00:25
9774,41,2026-04-27T07:10:21
9775,334,2026-04-05T09:11:26
9776,419,2026-03-17T06:40:45
9777,386,2026-03-17T02:46:21
9778,301,2026-03-02T01:28:19
9779,206,2026-03-13T03:43:59
9780,497,2026-04-21T10:05:25
9781,424,2026-04-05T12:18:48
9782,33,2026-03-23T02:00:23
9783,317,2026-03-02T12:24:58
9784,498,2026-03-21T03:02:25
9785,549,2026-03-23T09:47:21
9786,201,2026-03-08T13:32:43
9787,648,2026-04-06T01:45:48
9788,457,2026-04-09T12:35:14
9789,307,2026-04-29T04:02:56
9790,439,2026-03-22T03:21:19
9791,611,2026-03-17T00:00:53
9792,159,2026-04-19T01:04:30
9793,106,2026-03-22T08:56:34
9794,309,2026-04-07T12:56:16
9795,59,2026-04-14T04:07:09
9796,585,2026-04-21T23:24:07
9797,680,2026-03-20T11:17:06
9798,424,2026-04-07T15:25:42
9799,686,2026-03-08T08:36:36
9800,49,2026-04-16T15:22:35
9801,443,2026-03-03T03:48:55
9802,311,2026-04-11T05:03:56
9803,195,2026-03-13T07:35:29
9804,219,2026-03-28T19:42:44
9805,382,2026-03-04T20:33:04
9806,450,2026-04-11T10:39:34
9807,115,2026-03-29T04:37:25
9808,431,2026-04-09T17:09:15
9809,649,2026-03-21T13:47:22
9810,8,2026-03-01T16:16:11
9811,615,2026-04-04T13:10:30
9812,426,2026-04-11T07:32:31
9813,240,2026-04-09T04:38:07
9814,515,2026-03-16T18:22:27
9815,433,2026-04-12T02:03:19
9816,539,2026-04-02T07:59:24
9817,57,2026-03-13T17:48:53
9818,42,2026-03-07T13:29:26
9819,450,2026-03-20T04:20:39
9820,213,2026-03-01T23:52:12
9821,167,2026-04-12T09:21:57
9822,295,2026-03-01T15:12:25
9823,508,2026-03-03T01:15:18
9824,126,2026-03-10T15:33:02
9825,682,2026-03-20T11:44:50
9826,295,2026-03-02T07:19:33
9827,106,2026-04-07T04:11:08
9828,50,2026-03-08T08:56:33
9829,601,2026-04-18T08:05:16
9830,80,2026-04-03T02:33:40
9831,294,2026-03-06T12:10:10
9832,469,2026-03-25T04:39:42
9833,360,2026-03-09T03:22:10
9834,184,2026-04-28T17:04:40
9835,76,2026-04-05T04:10:17
9836,498,2026-04-18T04:29:48
9837,344,2026-03-23T13:08:31
9838,34,2026-03-09T08:34:07
9839,127,2026-03-15T11:48:52
9840,394,2026-03-26T03:17:53
9841,118,2026-04-16T10:56:19
9842,275,2026-03-26T01:44:23
9843,88,2026-04-25T15:05:00
9844,558,2026-03-22T06:27:40
9845,442,2026-03-14T16:33:27
9846,549,2026-03-30T06:33:07
9847,37,2026-03-07T07:27:39
9848,263,2026-04-10T18:21:13
9849,188,2026-03-07T06:34:14
9850,436,2026-04-08T15:40:55
9851,576,2026-03-23T11:50:44
9852,160,2026-03-22T02:06:08
9853,539,2026-04-06T06:08:34
9854,407,2026-04-12T13:30:27
9855,577,2026-04-25T09:25:08
9856,57,2026-03-18T15:53:05
9857,694,2026-04-18T01:34:52
9858,305,2026-04-20T02:14:05
9859,197,2026-04-29T17:51:35
9860,128,2026-04-27T04:52:59
9861,690,2026-04-17T04:02:23
9862,619,2026-03-18T06:53:38
9863,92,2026-04-11T14:21:26
9864,312,2026-04-17T11:13:38
9865,514,2026-03-18T01:06:16
9866,414,2026-04-18T04:04:16
9867,133,2026-04-12T14:03:33
9868,253,2026-03-30T17:45:09
9869,258,2026-04-21T07:54:33
9870,203,2026-03-06T06:57:36
9871,673,2026-04-11T12:30:58
9872,143,2026-04-17T13:15:14
9873,495,2026-03-03T11:53:06
9874,639,2026-03-25T06:54:16
9875,557,2026-04-01T00:24:48
9876,560,2026-03-13T11:12:25
9877,112,2026-04-22T02:50:09
9878,94,2026-04-07T04:21:13
9879,549,2026-03-17T10:32:48
9880,523,2026-03-27T01:53:56
9881,520,2026-03-07T02:09:09
9882,293,2026-03-06T16:18:34
9883,367,2026-04-14T06:12:58
9884,11,2026-04-29T09:45:04
9885,204,2026-03-17T01:07:09
9886,370,2026-03-15T02:08:28
9887,89,2026-04-11T15:19:04
9888,92,2026-03-31T14:22:33
9889,32,2026-03-09T17:44:41
9890,147,2026-04-10T00:56:21
9891,696,2026-03-13T13:35:55
9892,488,2026-03-07T00:13:52
9893,664,2026-03-28T11:39:43
9894,180,2026-04-14T09:42:31
9895,420,2026-04-01T06:05:06
9896,625,2026-04-08T03:55:14
9897,247,2026-03-15T14:30:58
9898,461,2026-03-30T09:47:32
9899,485,2026-04-12T03:03:25
9900,583,2026-04-01T03:56:43
9901,679,2026-03-15T00:58:14
9902,431,2026-04-27T16:56:18
9903,408,2026-03-05T04:31:23
9904,609,2026-04-24T10:06:52
9905,480,2026-04-13T03:27:28
9906,254,2026-03-07T06:36:03
9907,442,2026-03-16T17:26:28
9908,385,2026-03-23T04:25:17
9909,161,2026-04-27T04:20:28
9910,362,2026-04-01T07:40:55
9911,437,2026-03-16T00:34:19
9912,633,2026-04-25T06:44:16
9913,407,2026-03-08T12:04:28
9914,116,2026-04-18T12:14:04
9915,692,2026-04-19T05:52:12
9916,405,2026-03-24T03:47:02
9917,201,2026-03-03T12:40:54
9918,529,2026-04-23T01:24:45
9919,270,2026-04-28T16:25:09
9920,260,2026-03-23T00:39:20
9921,588,2026-03-12T11:46:06
9922,608,2026-03-17T17:25:45
9923,367,2026-03-09T04:53:07
9924,262,2026-04-06T13:20:39
9925,605,2026-03-31T23:19:34
9926,122,2026-03-22T11:41:45
9927,524,2026-04-09T02:47:51
9928,409,2026-04-07T15:32:55
9929,598,2026-03-01T06:57:19
9930,295,2026-03-25T16:51:48
9931,583,2026-04-21T05:12:10
9932,11,2026-04-17T07:47:09
9933,531,2026-04-21T06:48:53
9934,49,2026-04-27T15:52:54
9935,450,2026-03-04T09:31:40
9936,137,2026-03-17T11:45:20
9937,675,2026-03-27T23:43:24
9938,539,2026-03-31T10:55:48
9939,74,2026-04-17T10:17:13
9940,625,2026-04-13T04:09:31
9941,177,2026-04-12T09:45:23
9942,382,2026-03-10T00:38:10
9943,60,2026-04-09T23:58:34
9944,74,2026-04-17T08:04:41
9945,169,2026-04-15T03:02:13
9946,375,2026-04-04T16:29:40
9947,381,2026-03-06T13:36:55
9948,599,2026-03-09T18:51:54
9949,116,2026-04-14T15:40:54
9950,525,2026-04-22T14:43:24
9951,5,2026-04-19T06:23:41
9952,204,2026-03-26T03:34:44
9953,123,2026-04-05T01:08:58
9954,87,2026-03-11T10:41:31
9955,410,2026-04-05T02:08:50
9956,631,2026-03-12T07:10:33
9957,467,2026-04-17T13:09:49
9958,598,2026-04-17T09:55:20
9959,415,2026-03-04T17:10:04
9960,38,2026-04-26T04:12:21
9961,243,2026-04-17T15:59:20
9962,577,2026-03-23T02:10:48
9963,31,2026-03-28T18:32:41
9964,69,2026-03-05T19:08:38
9965,584,2026-04-26T06:26:11
9966,45,2026-03-07T06:56:41
9967,672,2026-04-25T01:19:40
9968,532,2026-04-09T15:27:55
9969,466,2026-04-25T11:52:15
9970,376,2026-03-23T09:31:41
9971,63,2026-04-23T04:56:04
9972,291,2026-03-26T06:22:44
9973,566,2026-03-22T09:13:48
9974,633,2026-03-21T04:01:46
9975,313,2026-04-27T03:23:27
9976,588,2026-03-28T16:03:25
9977,544,2026-03-29T07:34:02
9978,41,2026-04-08T02:00:27
9979,435,2026-04-03T14:06:43
9980,432,2026-04-01T21:32:58
9981,381,2026-03-23T12:36:06
9982,541,2026-03-10T14:11:33
9983,623,2026-04-29T17:44:14
9984,386,2026-03-30T00:24:22
9985,225,2026-04-28T06:11:47
9986,689,2026-03-28T12:27:03
9987,675,2026-04-05T06:55:03
9988,481,2026-04-02T02:31:12
9989,449,2026-04-27T17:51:15
9990,73,2026-03-07T10:53:46
9991,282,2026-04-01T11:13:16
9992,139,2026-03-10T03:02:55
9993,361,2026-04-22T00:40:58
9994,579,2026-04-01T02:29:47
9995,158,2026-04-24T23:21:28
9996,698,2026-03-17T15:07:47
9997,91,2026-03-10T15:08:09
9998,69,2026-04-07T19:55:52
9999,683,2026-03-09T13:08:20
10000,71,2026-03-23T13:55:26
10001,515,2026-03-19T19:15:53
10002,535,2026-03-14T14:08:08
10003,232,2026-03-08T04:31:06
10004,46,2026-04-09T13:07:37
10005,216,2026-04-15T04:16:58
10006,48,2026-03-24T16:06:54
10007,471,2026-03-17T07:01:59
10008,623,2026-03-10T15:05:26
10009,698,2026-04-10T16:58:36
10010,561,2026-04-18T06:09:49
10011,543,2026-04-02T05:13:11
10012,618,2026-03-26T03:09:52
10013,539,2026-04-08T09:04:50
10014,456,2026-04-24T15:09:04
10015,698,2026-04-29T14:06:28
10016,226,2026-03-12T00:08:25
10017,289,2026-03-29T13:27:47
10018,635,2026-04-22T00:22:27
10019,218,2026-04-07T03:10:55
10020,210,2026-04-18T13:15:25
10021,107,2026-04-29T08:27:28
10022,193,2026-03-07T15:25:15
10023,416,2026-04-06T15:07:50
10024,621,2026-04-01T03:53:29
10025,96,2026-03-17T22:23:29
10026,477,2026-04-09T13:21:43
10027,537,2026-03-07T12:34:45
10028,627,2026-03-30T21:17:40
10029,526,2026-03-25T09:37:09
10030,110,2026-03-24T07:54:55
10031,343,2026-04-06T14:50:49
10032,667,2026-04-26T11:19:44
10033,636,2026-04-26T18:05:33
10034,429,2026-04-12T15:07:45
10035,675,2026-03-20T04:12:42
10036,468,2026-04-27T13:37:17
10037,46,2026-04-29T10:29:28
10038,640,2026-04-20T06:16:01
10039,118,2026-04-22T12:11:00
10040,267,2026-04-19T17:31:30
10041,167,2026-04-15T09:57:45
10042,504,2026-04-13T09:46:46
10043,21,2026-04-08T09:15:49
10044,449,2026-04-08T12:33:23
10045,606,2026-03-24T05:30:32
10046,552,2026-04-23T06:48:48
10047,215,2026-04-08T01:20:01
10048,628,2026-04-06T06:20:37
10049,254,2026-04-14T06:26:23
10050,477,2026-03-05T13:10:19
10051,355,2026-04-25T14:52:34
10052,48,2026-04-04T14:23:20
10053,3,2026-04-26T00:51:35
10054,129,2026-03-07T06:24:40
10055,655,2026-03-15T09:40:30
10056,668,2026-04-26T03:42:34
10057,288,2026-04-11T05:47:23
10058,679,2026-04-08T06:41:04
10059,35,2026-03-25T05:41:20
10060,678,2026-04-03T08:18:33
10061,162,2026-04-02T05:03:21
10062,26,2026-03-12T02:55:02
10063,531,2026-04-03T07:50:30
10064,268,2026-03-31T10:16:32
10065,205,2026-03-19T11:01:52
10066,532,2026-03-21T11:59:55
10067,234,2026-04-16T13:04:34
10068,528,2026-04-10T16:01:05
10069,137,2026-03-29T13:59:47
10070,61,2026-04-06T06:40:29
10071,228,2026-03-15T08:36:35
10072,427,2026-03-30T02:37:46
10073,158,2026-04-03T01:44:38
10074,101,2026-03-16T08:35:25
10075,525,2026-03-11T16:44:50
10076,346,2026-04-01T11:46:21
10077,303,2026-04-26T13:12:38
10078,168,2026-03-28T16:35:34
10079,13,2026-04-24T11:19:49
10080,38,2026-04-21T03:36:51
10081,478,2026-04-14T08:10:14
10082,57,2026-04-23T12:52:52
10083,173,2026-03-25T15:15:35
10084,638,2026-04-15T10:11:16
10085,241,2026-03-09T20:07:36
10086,522,2026-03-20T02:31:58
10087,241,2026-04-03T18:21:37
10088,653,2026-03-03T02:42:09
10089,576,2026-04-15T09:25:29
10090,329,2026-04-25T11:18:12
10091,480,2026-03-07T08:18:15
10092,290,2026-04-29T10:13:42
10093,662,2026-03-06T13:41:06
10094,251,2026-03-08T17:07:52
10095,586,2026-04-15T07:54:54
10096,432,2026-04-11T01:15:11
10097,451,2026-04-26T04:00:18
10098,247,2026-03-26T16:39:19
10099,584,2026-04-04T06:42:03
10100,523,2026-03-08T21:36:04
10101,571,2026-04-11T02:21:44
10102,561,2026-04-29T09:10:27
10103,111,2026-04-05T13:52:13
10104,614,2026-04-25T08:29:31
10105,590,2026-03-24T08:28:14
10106,170,2026-04-28T12:12:35
10107,688,2026-04-02T04:46:10
10108,369,2026-03-09T17:56:11
10109,226,2026-03-21T21:38:50
10110,157,2026-03-30T10:43:16
10111,256,2026-03-05T11:42:17
10112,27,2026-04-23T10:10:45
10113,484,2026-03-15T07:27:24
10114,496,2026-04-10T17:17:06
10115,468,2026-04-25T16:24:46
10116,385,2026-03-27T00:51:00
10117,254,2026-04-06T07:49:26
10118,507,2026-04-01T03:33:23
10119,610,2026-04-15T06:07:39
10120,62,2026-03-03T08:21:34
10121,269,2026-03-22T05:43:34
10122,697,2026-04-06T08:35:53
10123,604,2026-03-06T06:33:35
10124,697,2026-04-21T03:23:02
10125,129,2026-04-07T07:58:03
10126,326,2026-03-01T04:54:20
10127,92,2026-03-01T17:38:00
10128,607,2026-03-10T01:52:51
10129,364,2026-04-09T08:10:46
10130,171,2026-04-01T01:09:42
10131,64,2026-03-29T13:42:41
10132,517,2026-04-03T05:40:37
10133,569,2026-03-30T15:14:20
10134,616,2026-03-21T12:50:00
10135,680,2026-03-01T11:44:07
10136,571,2026-03-02T01:12:27
10137,551,2026-04-11T11:36:15
10138,569,2026-04-14T11:52:58
10139,700,2026-03-15T01:46:49
10140,325,2026-03-15T00:25:40
10141,532,2026-03-25T13:49:24
10142,574,2026-04-08T09:18:48
10143,82,2026-04-05T05:58:24
10144,484,2026-04-03T12:59:30
10145,238,2026-03-03T15:18:42
10146,93,2026-03-26T15:41:21
10147,120,2026-04-15T17:57:30
10148,80,2026-04-05T01:17:19
10149,629,2026-04-18T02:42:10
10150,541,2026-04-11T15:31:47
10151,72,2026-04-23T04:26:58
10152,438,2026-04-04T08:38:27
10153,463,2026-04-04T07:28:02
10154,364,2026-04-03T05:42:19
10155,425,2026-03-16T11:57:53
10156,636,2026-03-27T08:12:39
10157,364,2026-03-11T07:10:15
10158,462,2026-03-26T12:36:59
10159,400,2026-03-08T23:57:07
10160,278,2026-03-30T03:50:25
10161,624,2026-04-27T12:24:29
10162,290,2026-03-28T15:48:09
10163,560,2026-04-14T08:54:11
10164,424,2026-03-27T12:17:38
10165,480,2026-04-24T11:06:02
10166,533,2026-03-13T12:58:24
10167,516,2026-04-20T09:09:42
10168,396,2026-04-13T14:00:35
10169,431,2026-04-23T14:19:23
10170,357,2026-03-08T02:46:59
10171,238,2026-04-23T15:44:29
10172,509,2026-04-24T05:19:27
10173,616,2026-03-18T15:41:38
10174,494,2026-04-07T13:56:18
10175,541,2026-04-05T18:00:23
10176,582,2026-03-02T23:51:58
10177,258,2026-04-01T05:36:13
10178,44,2026-04-09T02:52:40
10179,237,2026-03-12T22:02:47
10180,529,2026-03-22T03:15:18
10181,572,2026-04-05T08:22:18
10182,360,2026-04-25T06:47:19
10183,546,2026-03-04T05:40:26
10184,53,2026-04-26T02:19:36
10185,451,2026-04-18T09:14:45
10186,476,2026-04-20T05:26:21
10187,356,2026-03-03T17:09:29
10188,502,2026-04-04T13:54:46
10189,345,2026-03-23T03:49:00
10190,367,2026-04-25T09:43:11
10191,423,2026-04-14T03:28:06
10192,556,2026-04-08T06:38:11
10193,175,2026-03-02T16:15:51
10194,211,2026-04-22T16:07:13
10195,294,2026-03-30T10:13:57
10196,142,2026-03-10T00:32:52
10197,234,2026-04-22T16:57:22
10198,246,2026-04-24T13:07:05
10199,220,2026-03-30T15:18:14
10200,288,2026-04-09T10:04:36
10201,354,2026-04-06T10:26:27
10202,488,2026-03-19T01:56:51
10203,213,2026-04-14T03:03:21
10204,592,2026-04-29T07:35:10
10205,336,2026-04-26T09:09:40
10206,505,2026-04-11T12:00:55
10207,81,2026-03-22T02:32:33
10208,122,2026-04-24T07:28:42
10209,318,2026-04-25T10:54:35
10210,257,2026-03-01T12:17:13
10211,348,2026-03-21T05:38:33
10212,111,2026-04-03T15:09:58
10213,332,2026-04-04T14:34:59
10214,481,2026-04-12T06:49:49
10215,510,2026-03-31T11:23:30
10216,174,2026-03-01T05:09:03
10217,242,2026-03-09T23:30:26
10218,368,2026-04-15T01:09:49
10219,363,2026-04-11T01:38:56
10220,555,2026-04-09T02:13:34
10221,274,2026-03-27T17:39:01
10222,470,2026-03-17T03:42:53
10223,619,2026-03-19T04:59:50
10224,209,2026-04-11T03:11:35
10225,577,2026-03-31T04:55:24
10226,234,2026-03-08T10:19:47
10227,235,2026-03-24T13:09:18
10228,458,2026-04-19T06:54:49
10229,436,2026-04-05T16:34:19
10230,385,2026-04-21T04:33:47
10231,162,2026-03-31T01:18:40
10232,68,2026-03-30T11:10:03
10233,637,2026-04-26T05:03:02
10234,612,2026-03-31T00:51:39
10235,621,2026-03-09T07:01:27
10236,359,2026-03-25T10:30:53
10237,620,2026-04-08T00:16:46
10238,332,2026-03-21T15:50:56
10239,53,2026-03-25T02:42:11
10240,139,2026-04-22T02:04:46
10241,191,2026-03-27T03:07:26
10242,264,2026-03-19T17:09:18
10243,658,2026-03-07T09:42:22
10244,233,2026-03-25T12:05:51
10245,429,2026-04-15T15:14:32
10246,190,2026-03-18T06:28:01
10247,451,2026-03-29T06:11:28
10248,398,2026-04-09T05:23:46
10249,106,2026-04-25T09:18:45
10250,324,2026-04-18T06:24:29
10251,74,2026-03-18T08:01:47
10252,623,2026-03-10T18:21:52
10253,493,2026-04-10T16:32:03
10254,659,2026-03-16T15:25:30
10255,613,2026-03-24T15:56:52
10256,154,2026-03-07T00:22:25
10257,496,2026-04-16T15:18:59
10258,71,2026-03-10T12:09:50
10259,673,2026-03-23T13:36:11
10260,550,2026-03-25T09:34:19
10261,477,2026-03-03T10:03:23
10262,697,2026-04-16T09:52:29
10263,593,2026-04-07T04:58:41
10264,605,2026-04-02T03:59:50
10265,71,2026-03-11T14:46:33
10266,17,2026-03-04T15:07:00
10267,673,2026-03-04T14:53:51
10268,176,2026-04-07T13:24:20
10269,299,2026-04-14T12:51:21
10270,31,2026-04-17T13:14:49
10271,437,2026-04-18T07:41:48
10272,575,2026-03-24T15:34:52
10273,590,2026-03-01T11:27:54
10274,407,2026-03-15T11:21:09
10275,463,2026-04-17T11:03:10
10276,360,2026-04-15T03:52:26
10277,313,2026-03-31T05:43:58
10278,389,2026-03-02T11:56:20
10279,656,2026-04-16T12:31:20
10280,177,2026-04-18T10:19:58
10281,330,2026-03-14T12:36:58
10282,422,2026-04-18T18:21:33
10283,400,2026-04-07T22:56:35
10284,22,2026-04-23T03:32:23
10285,202,2026-04-07T07:40:49
10286,453,2026-03-06T18:38:52
10287,486,2026-04-08T04:23:15
10288,515,2026-03-07T18:45:42
10289,694,2026-03-16T04:29:31
10290,472,2026-04-22T05:06:42
10291,406,2026-04-28T03:24:25
10292,233,2026-03-29T07:03:36
10293,260,2026-03-18T01:44:38
10294,579,2026-03-24T05:40:25
10295,329,2026-03-15T09:53:12
10296,501,2026-04-04T00:28:05
10297,87,2026-03-26T13:59:58
10298,90,2026-03-04T02:40:38
10299,151,2026-04-06T15:23:26
10300,137,2026-04-08T14:18:24
10301,425,2026-04-10T14:56:24
10302,446,2026-04-26T01:10:27
10303,391,2026-04-12T08:00:26
10304,203,2026-04-10T01:06:55
10305,404,2026-03-13T18:41:27
10306,84,2026-03-28T01:47:43
10307,331,2026-03-27T08:30:29
10308,109,2026-04-27T15:24:46
10309,54,2026-03-29T15:10:00
10310,116,2026-04-11T16:04:45
10311,78,2026-04-02T16:44:13
10312,335,2026-03-04T09:14:25
10313,383,2026-04-26T07:59:37
10314,426,2026-04-10T06:51:33
10315,308,2026-03-14T04:46:03
10316,124,2026-03-04T06:28:32
10317,15,2026-04-26T09:21:07
10318,499,2026-03-19T19:51:14
10319,688,2026-03-02T01:02:27
10320,197,2026-04-06T20:56:37
10321,144,2026-03-01T16:49:31
10322,219,2026-03-13T17:04:22
10323,151,2026-04-23T10:13:05
10324,157,2026-03-03T11:56:03
10325,347,2026-04-15T02:39:26
10326,550,2026-04-07T05:22:58
10327,499,2026-03-19T15:49:49
10328,672,2026-03-18T04:41:24
10329,251,2026-03-29T17:55:12
10330,345,2026-04-01T04:24:20
10331,267,2026-04-23T15:35:29
10332,30,2026-03-16T18:36:37
10333,272,2026-04-05T15:02:33
10334,183,2026-04-11T09:40:27
10335,336,2026-03-01T09:43:38
10336,111,2026-04-23T06:07:58
10337,520,2026-04-29T05:48:24
10338,590,2026-03-06T07:25:03
10339,673,2026-03-16T12:25:51
10340,60,2026-04-17T06:12:48
10341,83,2026-04-18T16:51:35
10342,677,2026-03-10T05:07:01
10343,594,2026-04-25T03:58:53
10344,412,2026-03-20T06:35:10
10345,226,2026-03-18T05:14:57
10346,363,2026-03-22T06:40:10
10347,375,2026-04-10T16:42:00
10348,594,2026-03-12T23:15:20
10349,371,2026-04-02T05:52:29
10350,20,2026-03-05T05:00:52
10351,490,2026-03-09T15:07:02
10352,545,2026-04-16T04:58:14
10353,209,2026-03-24T07:45:39
10354,82,2026-04-17T02:28:30
10355,100,2026-04-14T06:18:51
10356,589,2026-04-29T04:39:28
10357,314,2026-03-09T02:41:37
10358,371,2026-04-26T08:04:14
10359,673,2026-04-23T15:25:23
10360,43,2026-03-27T12:37:27
10361,145,2026-03-09T06:35:36
10362,584,2026-03-09T06:45:50
10363,379,2026-03-31T09:54:19
10364,20,2026-03-01T05:02:41
10365,493,2026-03-06T13:31:12
10366,97,2026-04-01T01:31:23
10367,548,2026-04-03T16:12:04
10368,559,2026-04-20T23:08:16
10369,578,2026-04-28T05:54:47
10370,326,2026-03-17T02:08:30
10371,188,2026-03-20T04:26:54
10372,617,2026-03-12T07:36:13
10373,392,2026-03-14T04:28:25
10374,445,2026-03-27T09:37:09
10375,96,2026-04-29T01:01:17
10376,437,2026-04-23T00:33:02
10377,407,2026-04-24T14:48:12
10378,205,2026-03-28T12:30:00
10379,537,2026-04-09T11:59:40
10380,94,2026-04-13T06:28:58
10381,504,2026-03-15T03:18:02
10382,673,2026-03-28T14:28:21
10383,398,2026-04-02T20:18:53
10384,74,2026-03-23T12:20:02
10385,388,2026-03-29T03:27:42
10386,371,2026-03-27T10:15:34
10387,387,2026-03-04T18:02:49
10388,191,2026-04-16T07:15:28
10389,439,2026-04-24T02:01:04
10390,185,2026-04-15T21:54:34
10391,391,2026-04-26T03:52:58
10392,417,2026-03-26T11:16:32
10393,453,2026-03-04T19:53:03
10394,559,2026-03-17T03:22:06
10395,618,2026-04-21T01:22:29
10396,545,2026-03-09T03:30:44
10397,558,2026-04-02T08:54:12
10398,609,2026-03-01T05:44:22
10399,170,2026-03-20T11:38:57
10400,206,2026-03-07T05:46:59
10401,374,2026-03-07T10:52:53
10402,327,2026-03-10T01:43:35
10403,492,2026-04-02T02:28:53
10404,7,2026-04-11T10:18:29
10405,98,2026-03-18T04:27:59
10406,523,2026-04-18T21:09:21
10407,576,2026-03-24T07:36:54
10408,212,2026-04-14T10:49:32
10409,218,2026-04-01T05:01:55
10410,394,2026-04-13T01:52:28
10411,334,2026-04-28T09:38:53
10412,119,2026-04-29T05:54:31
10413,351,2026-04-05T07:42:48
10414,574,2026-04-27T07:51:58
10415,511,2026-04-12T06:45:04
10416,573,2026-03-17T13:21:24
10417,451,2026-04-26T09:32:00
10418,615,2026-03-09T13:09:16
10419,175,2026-03-29T18:50:02
10420,33,2026-03-10T02:40:25
10421,80,2026-04-17T00:35:20
10422,695,2026-04-23T02:38:03
10423,449,2026-04-19T12:41:22
10424,174,2026-03-07T02:14:27
10425,598,2026-03-17T11:36:01
10426,217,2026-03-21T06:37:55
10427,419,2026-03-07T06:41:18
10428,175,2026-04-01T14:59:12
10429,67,2026-03-03T02:20:03
10430,188,2026-04-06T08:10:05
10431,160,2026-04-04T04:59:41
10432,387,2026-04-05T15:22:00
10433,15,2026-04-24T10:17:05
10434,168,2026-04-17T13:23:38
10435,398,2026-03-16T02:47:20
10436,276,2026-04-04T03:12:45
10437,446,2026-04-18T09:01:41
10438,459,2026-04-21T06:47:40
10439,676,2026-04-08T06:30:04
10440,586,2026-03-06T07:42:38
10441,160,2026-03-27T03:15:54
10442,485,2026-04-21T08:13:49
10443,440,2026-03-05T05:27:56
10444,417,2026-04-05T16:51:51
10445,560,2026-04-02T08:44:55
10446,104,2026-03-14T09:25:20
10447,263,2026-03-21T12:09:15
10448,572,2026-04-28T10:33:34
10449,625,2026-04-05T06:03:11
10450,27,2026-04-26T12:41:39
10451,331,2026-03-29T04:25:59
10452,185,2026-04-20T16:52:20
10453,118,2026-04-07T09:58:20
10454,40,2026-04-24T17:13:38
10455,377,2026-03-19T23:06:36
10456,468,2026-03-23T14:35:39
10457,372,2026-03-03T13:02:24
10458,258,2026-03-14T10:40:00
10459,540,2026-03-09T12:52:14
10460,457,2026-03-11T04:53:05
10461,636,2026-03-19T09:46:09
10462,243,2026-04-22T14:46:44
10463,168,2026-03-23T15:15:06
10464,320,2026-04-19T03:54:04
10465,355,2026-04-18T15:45:12
10466,321,2026-04-28T14:04:30
10467,583,2026-03-30T23:35:02
10468,32,2026-04-20T13:25:02
10469,370,2026-03-26T00:09:53
10470,302,2026-04-07T07:18:49
10471,148,2026-04-18T04:56:13
10472,449,2026-03-09T15:29:33
10473,561,2026-03-04T07:09:45
10474,383,2026-03-10T01:48:12
10475,60,2026-04-13T01:14:32
10476,53,2026-03-29T01:29:51
10477,296,2026-03-17T08:07:03
10478,468,2026-04-16T14:02:07
10479,220,2026-03-01T18:58:50
10480,217,2026-03-11T05:40:54
10481,603,2026-03-29T03:36:40
10482,11,2026-04-24T06:00:58
10483,56,2026-04-14T13:36:44
10484,109,2026-04-11T18:05:39
10485,689,2026-04-12T09:09:01
10486,349,2026-03-19T11:43:50
10487,111,2026-03-27T14:30:19
10488,218,2026-04-23T03:49:49
10489,679,2026-04-13T07:21:00
10490,487,2026-04-05T13:19:27
10491,157,2026-03-05T10:49:37
10492,169,2026-04-13T03:34:07
10493,53,2026-03-22T01:54:22
10494,541,2026-03-24T14:32:04
10495,97,2026-04-10T03:11:28
10496,201,2026-03-24T15:03:06
10497,244,2026-04-04T14:13:14
10498,435,2026-03-01T16:32:30
10499,425,2026-03-12T14:39:27
10500,560,2026-04-02T09:00:02
10501,209,2026-04-27T09:16:48
10502,270,2026-04-15T17:49:28
10503,273,2026-03-26T01:23:17
10504,33,2026-04-28T03:44:17
10505,517,2026-03-17T07:22:06
10506,375,2026-04-23T13:17:52
10507,333,2026-03-25T05:41:45
10508,697,2026-03-06T08:15:05
10509,126,2026-03-01T10:39:52
10510,679,2026-04-28T04:11:40
10511,477,2026-04-08T09:45:41
10512,155,2026-03-09T21:57:04
10513,475,2026-04-29T04:54:16
10514,529,2026-03-03T06:50:31
10515,254,2026-03-21T05:00:40
10516,242,2026-04-14T03:50:20
10517,585,2026-03-03T21:37:48
10518,113,2026-04-24T06:27:32
10519,10,2026-04-10T06:48:50
10520,467,2026-04-26T05:48:04
10521,635,2026-04-20T03:56:17
10522,351,2026-04-19T05:35:30
10523,95,2026-03-14T13:42:47
10524,378,2026-03-13T11:17:30
10525,177,2026-03-15T05:40:17
10526,580,2026-03-10T05:25:50
10527,429,2026-04-09T15:38:02
10528,236,2026-03-04T05:24:03
10529,438,2026-03-26T08:10:21
10530,467,2026-04-04T12:21:07
10531,476,2026-04-02T11:20:18
10532,257,2026-03-30T11:14:58
10533,400,2026-03-14T00:06:25
10534,30,2026-03-07T14:23:29
10535,283,2026-04-29T08:30:23
10536,265,2026-03-28T08:35:42
10537,375,2026-04-05T16:36:23
10538,666,2026-04-04T09:11:17
10539,668,2026-03-23T02:08:00
10540,339,2026-04-13T08:08:37
10541,453,2026-03-23T14:40:47
10542,76,2026-03-25T06:41:25
10543,338,2026-04-18T02:30:18
10544,482,2026-03-20T00:31:49
10545,478,2026-04-11T06:38:56
10546,675,2026-04-09T00:21:26
10547,327,2026-03-01T23:44:12
10548,636,2026-04-11T12:54:40
10549,686,2026-04-18T06:14:37
10550,401,2026-03-17T10:27:19
10551,65,2026-04-24T17:18:48
10552,264,2026-03-02T11:19:12
10553,536,2026-03-11T16:23:02
10554,407,2026-04-26T11:12:13
10555,656,2026-04-21T14:20:44
10556,572,2026-04-15T09:19:33
10557,45,2026-04-06T07:48:41
10558,603,2026-03-13T01:16:29
10559,251,2026-03-30T17:05:06
10560,574,2026-04-03T06:52:42
10561,356,2026-03-06T13:54:40
10562,319,2026-04-05T16:53:50
10563,51,2026-03-06T16:10:07
10564,84,2026-03-07T22:24:02
10565,417,2026-03-11T18:17:18
10566,399,2026-03-12T15:15:47
10567,389,2026-03-05T14:55:06
10568,110,2026-04-27T06:07:51
10569,357,2026-04-18T05:36:56
10570,43,2026-03-31T09:42:42
10571,101,2026-03-23T10:04:57
10572,350,2026-03-12T00:52:40
10573,432,2026-04-26T03:13:05
10574,459,2026-04-17T07:24:56
10575,688,2026-04-15T03:32:47
10576,598,2026-03-29T10:52:53
10577,266,2026-03-02T12:59:07
10578,548,2026-04-08T20:14:22
10579,67,2026-03-30T04:24:11
10580,601,2026-03-18T00:36:38
10581,271,2026-03-19T06:24:36
10582,533,2026-03-04T18:04:32
10583,680,2026-04-22T14:46:09
10584,493,2026-03-10T20:33:06
10585,645,2026-04-18T11:07:58
10586,8,2026-04-28T14:38:13
10587,120,2026-03-03T12:54:57
10588,439,2026-04-07T00:38:30
10589,379,2026-03-05T09:28:01
10590,85,2026-04-19T02:46:27
10591,503,2026-03-31T14:16:52
10592,42,2026-03-02T08:05:34
10593,694,2026-04-16T03:29:56
10594,110,2026-04-15T06:16:47
10595,312,2026-04-25T12:29:53
10596,577,2026-03-30T04:41:48
10597,360,2026-04-25T06:50:41
10598,521,2026-04-09T01:35:16
10599,493,2026-04-01T17:36:37
10600,665,2026-03-22T09:56:15
10601,325,2026-03-18T09:54:38
10602,686,2026-04-07T08:47:36
10603,362,2026-04-14T02:54:47
10604,626,2026-03-02T23:28:22
10605,513,2026-03-25T11:46:17
10606,94,2026-03-03T07:32:57
10607,451,2026-03-24T12:36:19
10608,615,2026-04-17T15:39:38
10609,90,2026-04-11T01:04:53
10610,588,2026-03-08T16:00:15
10611,74,2026-04-13T14:57:22
10612,610,2026-03-01T06:21:06
10613,553,2026-03-01T11:03:10
10614,107,2026-04-24T12:07:43
10615,509,2026-03-02T03:02:07
10616,82,2026-03-16T07:14:19
10617,398,2026-03-08T01:43:08
10618,647,2026-04-04T03:49:11
10619,145,2026-04-01T11:03:48
10620,122,2026-04-20T09:32:15
10621,297,2026-04-29T10:39:29
10622,259,2026-04-14T03:51:41
10623,34,2026-03-29T06:54:55
10624,320,2026-03-02T20:53:39
10625,182,2026-04-24T22:43:24
10626,88,2026-04-03T14:48:06
10627,194,2026-03-14T01:44:26
10628,15,2026-04-02T08:45:39
10629,641,2026-03-24T10:54:00
10630,696,2026-03-22T12:09:36
10631,258,2026-03-28T08:05:00
10632,614,2026-04-15T12:16:48
10633,323,2026-03-10T05:57:57
10634,639,2026-04-27T05:42:05
10635,122,2026-03-04T09:28:56
10636,200,2026-03-09T07:18:16
10637,518,2026-04-10T15:11:04
10638,155,2026-03-09T17:22:48
10639,577,2026-04-16T05:57:19
10640,299,2026-04-14T16:56:26
10641,283,2026-03-26T09:58:59
10642,318,2026-03-28T06:42:54
10643,559,2026-04-29T01:35:32
10644,4,2026-04-17T00:06:41
10645,526,2026-04-07T06:35:16
10646,546,2026-03-09T02:43:03
10647,575,2026-04-05T18:25:42
10648,698,2026-03-03T18:47:27
10649,548,2026-03-16T14:35:55
10650,371,2026-04-11T06:54:17
10651,327,2026-03-24T22:06:13
10652,272,2026-04-29T14:41:45
10653,580,2026-04-26T07:20:31
10654,275,2026-03-06T01:05:08
10655,401,2026-04-23T02:18:38
10656,68,2026-04-21T13:45:52
10657,223,2026-03-07T13:11:37
10658,187,2026-03-24T13:39:43
10659,305,2026-04-26T02:12:09
10660,352,2026-03-02T13:27:35
10661,502,2026-03-04T11:08:41
10662,303,2026-03-31T09:45:33
10663,106,2026-04-27T09:52:56
10664,382,2026-03-17T03:31:57
10665,39,2026-04-16T12:23:32
10666,595,2026-04-11T11:55:51
10667,540,2026-03-09T10:56:04
10668,158,2026-03-18T00:55:55
10669,185,2026-04-07T16:46:08
10670,20,2026-03-29T04:13:49
10671,256,2026-03-15T09:09:26
10672,27,2026-03-13T09:26:21
10673,656,2026-04-03T07:34:50
10674,94,2026-04-19T08:11:10
10675,462,2026-03-25T16:08:34
10676,400,2026-04-25T01:19:17
10677,166,2026-04-10T08:21:15
10678,566,2026-03-25T05:13:57
10679,77,2026-04-12T09:27:09
10680,621,2026-03-27T05:30:57
10681,519,2026-04-15T15:05:01
10682,445,2026-04-28T07:00:12
10683,616,2026-04-17T16:02:22
10684,283,2026-03-09T04:47:13
10685,198,2026-03-05T14:48:15
10686,109,2026-04-18T17:09:39
10687,648,2026-04-20T03:56:03
10688,281,2026-04-04T05:16:33
10689,581,2026-03-15T10:53:24
10690,233,2026-04-22T08:10:33
10691,669,2026-03-27T00:49:20
10692,610,2026-03-18T02:21:54
10693,216,2026-03-22T04:46:19
10694,341,2026-03-18T03:04:33
10695,556,2026-03-17T07:34:26
10696,159,2026-03-19T23:51:34
10697,17,2026-04-10T13:07:23
10698,203,2026-03-01T05:24:39
10699,414,2026-03-21T22:53:12
10700,96,2026-03-11T01:55:30
10701,234,2026-04-08T13:30:51
10702,644,2026-04-29T15:02:34
10703,53,2026-04-17T01:56:12
10704,36,2026-03-15T01:10:44
10705,297,2026-03-31T09:24:19
10706,9,2026-03-02T14:50:54
10707,20,2026-03-25T07:06:49
10708,129,2026-03-17T09:27:55
10709,72,2026-03-31T12:37:50
10710,568,2026-03-25T09:03:40
10711,86,2026-04-10T06:29:39
10712,367,2026-04-02T04:02:16
10713,494,2026-04-26T12:38:22
10714,439,2026-03-05T06:53:52
10715,458,2026-04-26T09:12:37
10716,251,2026-04-17T12:15:41
10717,623,2026-04-12T14:07:12
10718,49,2026-04-19T16:24:22
10719,76,2026-03-04T05:00:15
10720,600,2026-03-13T13:53:37
10721,48,2026-03-01T13:05:31
10722,135,2026-04-17T11:40:25
10723,122,2026-03-22T08:19:46
10724,24,2026-03-22T15:46:50
10725,82,2026-04-06T07:03:55
10726,401,2026-03-26T06:28:20
10727,463,2026-04-08T10:05:28
10728,59,2026-04-26T08:41:26
10729,660,2026-03-20T12:11:56
10730,68,2026-04-23T07:35:47
10731,481,2026-04-01T07:24:55
10732,561,2026-03-23T08:10:12
10733,365,2026-04-25T13:11:32
10734,345,2026-03-30T09:34:33
10735,77,2026-03-08T11:12:25
10736,170,2026-03-18T14:55:26
10737,596,2026-04-20T04:45:50
10738,245,2026-03-30T23:20:22
10739,25,2026-04-03T03:23:26
10740,511,2026-04-10T06:29:06
10741,479,2026-03-12T06:48:38
10742,47,2026-03-06T07:24:00
10743,36,2026-03-27T05:24:44
10744,82,2026-04-25T08:41:36
10745,36,2026-03-08T05:15:57
10746,432,2026-04-12T23:37:33
10747,93,2026-04-28T11:23:43
10748,425,2026-03-06T12:28:56
10749,124,2026-03-08T10:46:13
10750,681,2026-04-22T12:02:18
10751,509,2026-03-07T06:39:31
10752,263,2026-04-14T12:15:02
10753,301,2026-04-17T02:00:14
10754,46,2026-03-19T05:18:27
10755,39,2026-03-18T15:46:14
10756,377,2026-04-01T00:43:02
10757,16,2026-03-31T17:15:44
10758,447,2026-04-21T04:23:15
10759,268,2026-04-05T07:52:01
10760,98,2026-04-28T01:22:40
10761,375,2026-03-15T16:15:13
10762,388,2026-03-17T01:26:27
10763,523,2026-03-15T03:47:45
10764,139,2026-04-09T04:25:19
10765,384,2026-03-03T18:30:35
10766,592,2026-04-21T05:43:47
10767,189,2026-04-16T17:51:44
10768,585,2026-04-28T23:40:20
10769,507,2026-04-26T22:24:23
10770,301,2026-03-04T23:45:09
10771,619,2026-04-14T02:46:09
10772,677,2026-03-31T01:12:16
10773,166,2026-04-14T07:41:56
10774,686,2026-04-22T06:44:57
10775,2,2026-04-04T10:18:51
10776,91,2026-03-01T10:17:15
10777,31,2026-04-21T10:40:35
10778,258,2026-03-27T09:00:21
10779,656,2026-03-28T07:17:16
10780,421,2026-04-05T01:38:10
10781,432,2026-04-23T22:27:57
10782,60,2026-04-01T04:00:38
10783,362,2026-03-12T21:07:42
10784,268,2026-04-13T07:05:16
10785,336,2026-04-07T05:31:58
10786,183,2026-03-04T08:02:12
10787,142,2026-04-01T01:45:10
10788,667,2026-04-17T12:36:35
10789,391,2026-04-23T06:30:56
10790,289,2026-03-17T15:12:45
10791,52,2026-04-01T11:11:57
10792,534,2026-04-18T23:48:35
10793,331,2026-04-05T05:36:14
10794,271,2026-03-26T05:21:29
10795,467,2026-03-12T11:12:29
10796,93,2026-03-03T15:20:58
10797,374,2026-04-11T07:18:17
10798,605,2026-04-27T02:30:17
10799,325,2026-04-06T04:15:24
10800,1,2026-04-16T04:46:28
10801,161,2026-04-10T05:03:35
10802,40,2026-03-21T14:41:11
10803,351,2026-04-01T05:00:48
10804,256,2026-03-17T06:12:30
10805,93,2026-03-14T10:56:28
10806,481,2026-04-05T08:45:29
10807,124,2026-04-08T08:58:55
10808,240,2026-04-29T07:30:46
10809,692,2026-03-15T05:08:33
10810,47,2026-03-18T04:59:27
10811,174,2026-03-10T01:45:13
10812,223,2026-04-26T10:31:08
10813,357,2026-04-16T00:46:56
10814,172,2026-03-20T14:17:56
10815,680,2026-04-28T14:47:16
10816,4,2026-04-12T04:45:16
10817,664,2026-03-29T10:08:51
10818,375,2026-03-23T11:01:14
10819,27,2026-04-04T14:50:40
10820,82,2026-03-06T03:43:54
10821,73,2026-03-11T09:17:55
10822,202,2026-04-26T08:32:39
10823,234,2026-03-13T14:01:06
10824,449,2026-03-10T15:10:53
10825,218,2026-04-21T03:05:11
10826,508,2026-04-25T22:01:17
10827,206,2026-04-19T07:08:10
10828,185,2026-03-07T17:02:03
10829,193,2026-04-20T14:56:11
10830,231,2026-03-17T10:04:25
10831,587,2026-03-01T00:07:00
10832,173,2026-04-25T17:29:14
10833,192,2026-03-17T06:36:09
10834,670,2026-04-09T08:42:43
10835,458,2026-03-05T08:05:41
10836,134,2026-03-12T02:08:12
10837,608,2026-04-22T12:00:51
10838,129,2026-04-05T12:09:04
10839,114,2026-04-29T09:11:09
10840,312,2026-03-11T18:48:28
10841,484,2026-04-23T11:35:54
10842,133,2026-04-22T15:13:16
10843,528,2026-04-25T14:07:57
10844,110,2026-03-03T11:49:15
10845,548,2026-03-07T21:42:37
10846,68,2026-04-01T08:05:18
10847,326,2026-03-07T06:33:35
10848,449,2026-03-04T17:50:18
10849,186,2026-04-18T16:16:14
10850,429,2026-04-11T16:43:26
10851,483,2026-04-20T00:23:19
10852,456,2026-04-26T11:08:34
10853,278,2026-03-09T00:16:29
10854,542,2026-04-19T17:20:32
10855,513,2026-03-03T10:02:08
10856,229,2026-03-23T07:19:35
10857,514,2026-03-18T08:57:43
10858,643,2026-03-15T13:08:07
10859,572,2026-04-13T08:00:12
10860,514,2026-03-08T11:22:03
10861,537,2026-04-18T10:57:13
10862,564,2026-04-22T11:40:55
10863,203,2026-04-09T05:30:05
10864,505,2026-03-05T13:43:13
10865,140,2026-04-05T01:00:08
10866,251,2026-04-07T16:12:49
10867,655,2026-03-23T05:50:34
10868,199,2026-03-23T02:43:03
10869,591,2026-03-29T07:27:14
10870,296,2026-04-29T09:15:40
10871,147,2026-03-01T00:13:45
10872,68,2026-03-31T12:02:36
10873,384,2026-03-20T17:52:33
10874,316,2026-04-02T06:11:27
10875,358,2026-03-01T06:48:50
10876,31,2026-04-25T10:20:22
10877,188,2026-03-28T08:54:57
10878,3,2026-04-28T03:02:51
10879,212,2026-03-10T12:31:55
10880,653,2026-04-05T01:05:42
10881,107,2026-04-10T12:00:20
10882,483,2026-04-17T03:21:38
10883,5,2026-03-01T03:38:27
10884,394,2026-04-08T00:55:55
10885,645,2026-03-09T08:09:54
10886,239,2026-03-26T16:38:04
10887,139,2026-03-04T06:48:45
10888,400,2026-03-04T00:56:44
10889,196,2026-04-15T03:16:36
10890,625,2026-04-13T06:02:58
10891,595,2026-04-23T15:57:04
10892,457,2026-04-12T07:52:58
10893,448,2026-04-04T23:15:00
10894,422,2026-03-08T13:08:10
10895,515,2026-04-15T16:32:38
10896,323,2026-03-14T04:14:48
10897,679,2026-03-07T04:33:54
10898,242,2026-04-13T04:06:03
10899,7,2026-04-05T11:55:49
10900,489,2026-03-09T09:24:41
10901,464,2026-04-02T12:08:24
10902,687,2026-04-11T01:12:38
10903,277,2026-03-29T23:39:23
10904,298,2026-04-13T06:44:27
10905,394,2026-03-31T01:06:12
10906,275,2026-03-22T00:45:20
10907,550,2026-03-14T10:56:39
10908,300,2026-03-16T02:17:14
10909,549,2026-04-18T12:37:47
10910,298,2026-03-23T04:47:20
10911,158,2026-04-12T05:56:55
10912,694,2026-03-22T01:09:05
10913,369,2026-04-01T17:53:21
10914,495,2026-04-06T09:02:18
10915,414,2026-03-29T02:33:34
10916,252,2026-04-14T15:09:30
10917,681,2026-04-25T17:06:03
10918,261,2026-04-21T15:14:30
10919,696,2026-04-25T14:09:31
10920,302,2026-03-02T09:03:34
10921,16,2026-04-15T11:18:32
10922,26,2026-04-12T22:06:43
10923,682,2026-03-25T08:22:43
10924,370,2026-03-19T04:18:06
10925,272,2026-03-04T20:31:38
10926,568,2026-04-20T08:51:51
10927,433,2026-04-20T02:08:27
10928,463,2026-03-05T10:51:21
10929,480,2026-04-04T06:32:31
10930,139,2026-04-03T04:59:11
10931,62,2026-03-11T13:24:27
10932,510,2026-04-02T16:05:10
10933,16,2026-04-18T16:12:21
10934,504,2026-03-20T03:00:48
10935,91,2026-04-13T06:51:55
10936,184,2026-04-28T17:33:28
10937,496,2026-03-28T15:52:56
10938,437,2026-03-06T23:36:15
10939,548,2026-03-18T15:56:15
10940,428,2026-03-09T09:14:55
10941,34,2026-03-22T09:19:37
10942,588,2026-04-08T15:47:35
10943,152,2026-03-13T05:49:21
10944,96,2026-03-31T01:57:38
10945,615,2026-04-29T19:53:56
10946,137,2026-03-16T16:19:14
10947,376,2026-04-22T09:40:45
10948,341,2026-03-19T00:56:23
10949,539,2026-04-06T09:15:21
10950,31,2026-03-10T18:06:18
10951,75,2026-03-17T10:30:51
10952,291,2026-04-22T07:28:14
10953,332,2026-04-05T17:41:25
10954,552,2026-04-04T02:11:53
10955,425,2026-03-31T12:26:29
10956,105,2026-03-15T16:35:07
10957,686,2026-04-25T08:34:58
10958,322,2026-03-23T23:04:05
10959,676,2026-03-01T07:06:53
10960,693,2026-04-24T03:30:22
10961,37,2026-03-03T08:22:39
10962,355,2026-04-23T13:10:39
10963,296,2026-03-16T09:48:16
10964,349,2026-03-05T08:25:18
10965,217,2026-03-14T10:34:08
10966,392,2026-04-09T04:41:12
10967,345,2026-04-02T06:43:03
10968,131,2026-03-10T01:20:03
10969,202,2026-03-19T06:01:24
10970,104,2026-03-13T13:32:49
10971,591,2026-04-09T07:14:23
10972,475,2026-04-21T02:58:44
10973,272,2026-03-16T14:53:19
10974,278,2026-04-23T04:52:38
10975,56,2026-03-25T15:46:31
10976,203,2026-03-05T09:59:43
10977,648,2026-03-20T01:57:40
10978,22,2026-04-22T01:10:50
10979,103,2026-04-18T15:36:33
10980,593,2026-04-13T01:29:15
10981,365,2026-03-24T08:01:05
10982,23,2026-04-16T08:47:47
10983,343,2026-04-12T15:06:12
10984,525,2026-04-17T16:55:06
10985,242,2026-04-03T03:41:25
10986,268,2026-03-31T11:14:55
10987,442,2026-04-28T13:02:19
10988,420,2026-04-26T06:59:33
10989,633,2026-04-02T10:48:27
10990,174,2026-03-13T05:26:45
10991,194,2026-03-25T03:48:48
10992,109,2026-03-31T14:46:29
10993,466,2026-04-10T05:36:26
10994,374,2026-03-20T04:31:24
10995,243,2026-03-03T13:02:42
10996,487,2026-04-19T12:17:42
10997,264,2026-04-26T12:18:15
10998,137,2026-03-05T14:06:19
10999,378,2026-03-20T11:42:43
11000,306,2026-03-27T07:09:35
11001,284,2026-04-15T07:15:43
11002,312,2026-04-16T12:38:00
11003,640,2026-03-21T14:31:53
11004,152,2026-03-19T09:33:50
11005,194,2026-03-25T01:51:53
11006,396,2026-03-15T14:25:10
11007,33,2026-03-27T00:37:33
11008,103,2026-03-16T14:37:36
11009,397,2026-03-04T18:07:17
11010,357,2026-04-12T02:30:51
11011,457,2026-04-17T11:32:03
11012,80,2026-03-18T03:08:40
11013,598,2026-03-25T11:07:34
11014,340,2026-03-25T06:15:28
11015,109,2026-03-02T17:25:46
11016,219,2026-04-02T12:25:30
11017,160,2026-03-28T03:13:04
11018,317,2026-04-26T15:23:26
11019,329,2026-03-23T08:17:56
11020,304,2026-04-17T06:54:02
11021,323,2026-03-23T23:39:03
11022,636,2026-03-12T06:56:46
11023,672,2026-03-21T01:38:06
11024,343,2026-04-22T14:32:57
11025,675,2026-03-15T23:29:32
11026,573,2026-04-20T11:15:43
11027,574,2026-04-09T07:10:41
11028,158,2026-04-14T04:47:53
11029,307,2026-04-15T03:23:59
11030,247,2026-04-01T16:10:52
11031,68,2026-04-06T08:25:40
11032,53,2026-03-05T03:29:21
11033,436,2026-04-11T17:40:19
11034,295,2026-04-12T10:59:21
11035,579,2026-03-07T01:58:58
11036,469,2026-04-01T06:52:27
11037,60,2026-03-31T04:49:02
11038,587,2026-03-19T04:55:05
11039,348,2026-03-04T06:42:33
11040,397,2026-03-01T14:05:02
11041,676,2026-03-13T04:14:40
11042,449,2026-03-14T15:27:00
11043,16,2026-03-13T14:47:40
11044,125,2026-04-06T09:46:31
11045,299,2026-03-26T13:52:40
11046,27,2026-03-07T13:09:32
11047,118,2026-03-06T06:35:23
11048,555,2026-04-08T23:46:04
11049,100,2026-04-26T03:23:35
11050,117,2026-04-19T00:20:10
11051,354,2026-04-15T15:39:53
11052,64,2026-03-20T11:53:44
11053,179,2026-04-12T11:27:56
11054,657,2026-03-05T02:25:31
11055,443,2026-03-11T03:04:55
11056,675,2026-03-08T22:15:46
11057,248,2026-03-12T11:04:49
11058,432,2026-03-22T00:55:12
11059,167,2026-03-03T11:50:46
11060,266,2026-04-18T10:42:34
11061,123,2026-04-11T23:12:47
11062,584,2026-04-08T07:27:14
11063,129,2026-03-11T09:00:15
11064,144,2026-04-22T16:57:57
11065,325,2026-02-28T23:03:24
11066,301,2026-04-28T23:36:55
11067,220,2026-04-13T19:29:13
11068,250,2026-03-13T15:35:19
11069,207,2026-03-12T14:04:24
11070,639,2026-04-11T06:21:09
11071,407,2026-04-18T13:49:25
11072,644,2026-03-28T17:50:08
11073,691,2026-03-04T02:24:08
11074,456,2026-03-30T12:35:10
11075,578,2026-03-29T09:48:21
11076,78,2026-03-20T17:37:37
11077,665,2026-04-24T05:25:22
11078,338,2026-03-21T03:56:10
11079,500,2026-03-15T03:59:57
11080,172,2026-04-10T15:16:11
11081,67,2026-04-07T02:02:38
11082,620,2026-04-07T02:47:24
11083,315,2026-03-31T15:06:03
11084,97,2026-03-20T03:48:47
11085,461,2026-03-16T09:46:06
11086,39,2026-03-08T17:03:08
11087,316,2026-03-12T08:32:02
11088,494,2026-04-04T18:43:09
11089,505,2026-03-25T14:04:18
11090,318,2026-04-14T05:49:04
11091,259,2026-04-18T03:06:10
11092,587,2026-04-03T04:32:03
11093,130,2026-03-07T19:01:13
11094,53,2026-03-01T02:06:09
11095,110,2026-03-14T05:44:16
11096,561,2026-03-17T06:04:47
11097,329,2026-03-05T07:53:07
11098,27,2026-04-16T12:01:59
11099,119,2026-03-23T00:37:30
11100,20,2026-04-14T02:21:12
11101,571,2026-03-13T03:36:09
11102,323,2026-03-01T00:37:10
11103,48,2026-03-09T11:38:45
11104,155,2026-03-29T18:34:09
11105,432,2026-03-29T02:57:33
11106,416,2026-03-27T13:30:02
11107,574,2026-04-27T10:51:26
11108,19,2026-04-09T11:25:50
11109,49,2026-04-13T13:36:48
11110,25,2026-03-08T06:40:30
11111,276,2026-03-28T02:23:15
11112,510,2026-04-07T14:52:19
11113,465,2026-04-05T15:16:19
11114,148,2026-04-26T03:49:12
11115,461,2026-03-29T08:11:39
11116,460,2026-03-23T11:42:10
11117,134,2026-04-26T09:49:57
11118,525,2026-03-21T15:17:06
11119,296,2026-04-04T12:15:37
11120,42,2026-03-02T09:56:39
11121,274,2026-03-10T13:38:39
11122,539,2026-03-04T07:51:39
11123,488,2026-03-26T01:56:26
11124,188,2026-04-25T07:56:07
11125,530,2026-03-05T11:49:37
11126,273,2026-04-28T01:37:12
11127,323,2026-04-22T05:56:12
11128,61,2026-03-01T02:19:49
11129,698,2026-03-01T14:32:08
11130,588,2026-04-24T14:27:32
11131,137,2026-04-05T14:20:21
11132,393,2026-03-11T16:19:10
11133,547,2026-04-27T04:58:57
11134,354,2026-04-03T10:21:39
11135,148,2026-04-08T04:06:28
11136,678,2026-04-10T07:25:50
11137,189,2026-03-13T12:22:20
11138,235,2026-03-22T12:56:19
11139,261,2026-03-08T17:46:02
11140,624,2026-04-01T17:29:45
11141,351,2026-04-29T02:49:58
11142,504,2026-04-07T09:24:50
11143,631,2026-04-11T08:13:01
11144,650,2026-03-12T07:38:20
11145,600,2026-04-02T13:37:57
11146,636,2026-04-29T11:17:55
11147,664,2026-03-06T09:10:12
11148,694,2026-03-13T00:00:24
11149,451,2026-04-13T11:23:33
11150,93,2026-03-01T13:43:06
11151,80,2026-03-13T01:48:23
11152,558,2026-04-26T06:19:45
11153,222,2026-03-02T01:39:45
11154,564,2026-03-26T14:14:10
11155,655,2026-03-20T10:11:31
11156,452,2026-03-24T11:32:12
11157,536,2026-03-16T12:18:44
11158,196,2026-03-17T02:09:39
11159,305,2026-04-15T01:14:41
11160,676,2026-03-02T09:16:30
11161,572,2026-03-08T09:18:22
11162,144,2026-03-16T15:30:04
11163,656,2026-04-19T11:52:45
11164,350,2026-03-23T23:58:48
11165,591,2026-03-03T04:34:25
11166,366,2026-04-01T01:14:01
11167,423,2026-04-07T03:11:33
11168,114,2026-03-28T10:28:11
11169,238,2026-03-06T09:40:55
11170,506,2026-04-22T08:31:37
11171,590,2026-04-21T09:07:59
11172,63,2026-04-23T23:42:46
11173,54,2026-04-27T10:18:52
11174,486,2026-03-20T03:31:27
11175,313,2026-03-26T07:51:56
11176,595,2026-04-27T11:44:27
11177,48,2026-03-27T12:31:23
11178,245,2026-04-21T00:51:56
11179,25,2026-04-07T23:12:21
11180,497,2026-04-25T16:16:18
11181,601,2026-03-01T03:16:31
11182,110,2026-04-12T07:50:32
11183,227,2026-04-18T08:50:32
11184,593,2026-03-11T22:15:38
11185,30,2026-04-14T17:11:27
11186,667,2026-03-12T12:48:55
11187,621,2026-04-24T04:27:53
11188,107,2026-04-24T11:38:45
11189,98,2026-03-01T04:11:21
11190,485,2026-03-31T09:34:07
11191,8,2026-03-23T14:41:00
11192,355,2026-04-23T15:27:45
11193,47,2026-03-20T07:49:09
11194,373,2026-04-13T07:32:37
11195,246,2026-03-08T16:32:26
11196,495,2026-03-13T15:14:46
11197,617,2026-04-29T05:40:51
11198,343,2026-03-24T16:29:05
11199,450,2026-04-15T06:38:28
11200,421,2026-04-28T04:36:55
11201,690,2026-04-27T07:22:22
11202,162,2026-03-02T08:22:47
11203,168,2026-03-14T11:18:44
11204,265,2026-04-12T12:22:50
11205,516,2026-04-25T16:50:04
11206,606,2026-04-28T08:20:52
11207,195,2026-04-13T10:07:00
11208,77,2026-03-07T08:49:05
11209,427,2026-04-14T00:13:10
11210,419,2026-03-17T01:23:47
11211,263,2026-04-18T13:12:08
11212,130,2026-04-02T16:34:42
11213,595,2026-03-12T15:15:17
11214,593,2026-04-20T06:58:40
11215,524,2026-04-29T00:25:41
11216,406,2026-03-30T21:01:22
11217,183,2026-04-18T09:33:57
11218,283,2026-03-04T06:13:15
11219,48,2026-03-17T17:21:04
11220,175,2026-03-08T15:55:36
11221,316,2026-03-18T05:10:03
11222,306,2026-03-23T04:43:17
11223,57,2026-03-26T14:41:30
11224,671,2026-03-20T12:22:55
11225,188,2026-04-02T08:26:42
11226,357,2026-03-14T01:05:36
11227,326,2026-03-21T06:28:31
11228,329,2026-04-20T04:30:21
11229,592,2026-04-03T02:35:49
11230,523,2026-03-02T04:47:01
11231,608,2026-03-20T14:55:09
11232,266,2026-04-19T09:25:09
11233,186,2026-03-11T11:52:37
11234,300,2026-04-24T23:50:17
11235,394,2026-03-18T02:18:03
11236,236,2026-04-07T04:17:09
11237,323,2026-03-29T01:32:39
11238,106,2026-04-07T10:29:32
11239,409,2026-04-17T19:22:32
11240,500,2026-03-09T02:05:43
11241,370,2026-03-22T04:47:31
11242,612,2026-04-04T00:31:53
11243,697,2026-03-16T08:10:34
11244,634,2026-03-23T13:51:38
11245,66,2026-04-23T13:55:19
11246,617,2026-03-14T10:09:34
11247,234,2026-03-12T14:31:10
11248,317,2026-04-04T14:36:14
11249,289,2026-03-06T13:14:57
11250,199,2026-02-28T23:18:52
11251,615,2026-04-22T13:23:24
11252,447,2026-03-17T05:21:18
11253,677,2026-03-08T03:40:37
11254,669,2026-04-09T02:00:42
11255,294,2026-03-29T13:39:01
11256,509,2026-03-28T02:31:44
11257,352,2026-03-27T11:45:02
11258,347,2026-03-09T00:59:02
11259,518,2026-04-21T12:25:28
11260,483,2026-03-01T03:08:39
11261,639,2026-03-29T08:26:20
11262,541,2026-03-17T17:14:55
11263,436,2026-04-08T16:30:24
11264,644,2026-04-02T14:13:41
11265,72,2026-03-24T08:00:30
11266,535,2026-04-02T15:33:28
11267,275,2026-03-14T00:19:17
11268,304,2026-03-08T08:11:24
11269,548,2026-04-24T16:00:22
11270,192,2026-04-06T07:57:08
11271,619,2026-04-09T06:50:44
11272,350,2026-04-29T01:41:13
11273,245,2026-04-24T02:22:00
11274,230,2026-04-05T13:37:53
11275,295,2026-04-17T11:32:41
11276,660,2026-04-01T11:00:23
11277,72,2026-03-15T02:54:44
11278,356,2026-04-07T23:28:09
11279,585,2026-04-23T22:27:21
11280,331,2026-04-22T05:48:23
11281,397,2026-03-31T14:42:28
11282,244,2026-04-26T20:30:26
11283,96,2026-03-12T01:51:25
11284,448,2026-03-03T02:44:20
11285,644,2026-03-25T14:34:23
11286,365,2026-03-13T08:40:01
11287,303,2026-04-27T11:09:00
11288,91,2026-03-07T07:55:22
11289,662,2026-04-02T14:52:40
11290,609,2026-04-16T08:21:53
11291,632,2026-03-07T05:02:54
11292,252,2026-03-03T11:49:16
11293,438,2026-04-03T09:30:32
11294,303,2026-04-24T10:15:21
11295,165,2026-03-01T04:59:03
11296,144,2026-03-02T22:33:42
11297,269,2026-04-25T07:12:02
11298,388,2026-04-05T20:37:09
11299,86,2026-04-12T05:45:51
11300,492,2026-03-17T02:26:50
11301,321,2026-03-19T14:41:35
11302,617,2026-03-29T03:06:32
11303,196,2026-03-13T01:16:44
11304,37,2026-03-27T14:26:32
11305,219,2026-04-27T17:06:44
11306,682,2026-04-14T10:11:07
11307,226,2026-04-22T07:32:58
11308,493,2026-03-30T14:29:04
11309,591,2026-04-17T08:21:44
11310,200,2026-03-26T07:01:50
11311,450,2026-04-07T10:23:01
11312,144,2026-04-13T14:29:13
11313,254,2026-04-19T08:59:16
11314,208,2026-04-25T11:22:26
11315,471,2026-03-07T05:30:10
11316,614,2026-04-17T05:00:30
11317,177,2026-04-12T07:10:57
11318,204,2026-04-14T02:37:01
11319,575,2026-03-01T18:29:53
11320,324,2026-03-30T10:18:42
11321,360,2026-04-27T07:23:26
11322,495,2026-04-24T10:34:32
11323,97,2026-03-14T03:25:09
11324,611,2026-03-29T23:53:54
11325,256,2026-04-21T09:13:02
11326,461,2026-04-25T11:51:07
11327,303,2026-03-20T07:55:42
11328,528,2026-04-18T13:30:10
11329,429,2026-04-20T17:10:04
11330,122,2026-03-10T07:28:15
11331,132,2026-03-02T02:54:34
11332,615,2026-03-03T14:31:18
11333,364,2026-03-09T09:37:50
11334,194,2026-04-14T01:23:56
11335,101,2026-03-24T03:34:25
11336,90,2026-04-11T03:17:34
11337,644,2026-03-06T13:15:35
11338,684,2026-04-06T01:09:16
11339,276,2026-04-13T23:41:28
11340,142,2026-04-28T02:54:12
11341,294,2026-03-20T11:21:57
11342,96,2026-04-02T03:03:31
11343,385,2026-03-29T00:24:25
11344,439,2026-03-21T03:20:12
11345,690,2026-04-08T09:37:08
11346,224,2026-04-03T10:09:04
11347,139,2026-04-19T06:47:18
11348,94,2026-03-02T05:03:37
11349,265,2026-03-14T08:23:56
11350,421,2026-04-04T02:10:40
11351,47,2026-04-04T03:52:09
11352,532,2026-04-24T11:27:04
11353,323,2026-04-10T03:54:30
11354,556,2026-03-01T08:33:30
11355,325,2026-03-30T02:45:04
11356,109,2026-04-20T17:53:34
11357,16,2026-04-22T12:49:06
11358,390,2026-04-17T22:41:38
11359,378,2026-03-29T11:47:59
11360,570,2026-03-07T15:48:00
11361,615,2026-03-13T16:40:16
11362,113,2026-04-20T05:33:47
11363,221,2026-03-20T21:30:43
11364,146,2026-04-15T04:12:31
11365,75,2026-03-03T13:34:56
11366,2,2026-03-30T08:50:24
11367,58,2026-04-27T02:51:39
11368,368,2026-03-15T02:28:26
11369,107,2026-03-02T13:29:58
11370,137,2026-03-18T13:46:27
11371,83,2026-03-04T14:58:06
11372,507,2026-04-06T02:00:51
11373,445,2026-03-12T02:42:24
11374,674,2026-03-15T12:26:41
11375,79,2026-04-05T18:13:24
11376,147,2026-03-20T06:20:17
11377,319,2026-04-09T14:59:14
11378,455,2026-04-25T11:17:00
11379,92,2026-04-25T17:30:05
11380,149,2026-04-13T11:40:22
11381,296,2026-04-28T12:15:46
11382,13,2026-04-14T09:49:11
11383,277,2026-03-05T02:04:41
11384,531,2026-04-27T06:51:36
11385,369,2026-04-04T15:41:41
11386,304,2026-03-01T06:48:38
11387,342,2026-04-07T20:05:51
11388,663,2026-03-15T17:48:19
11389,365,2026-04-02T05:16:40
11390,375,2026-04-09T16:50:51
11391,652,2026-03-02T08:21:39
11392,111,2026-03-27T13:41:58
11393,68,2026-03-04T07:59:49
11394,315,2026-03-07T16:45:28
11395,224,2026-03-13T05:04:46
11396,143,2026-04-16T14:13:28
11397,84,2026-03-24T23:07:54
11398,615,2026-03-03T15:57:04
11399,431,2026-04-14T18:19:59
11400,484,2026-04-02T09:30:52
11401,83,2026-03-09T13:34:17
11402,239,2026-04-03T15:15:08
11403,435,2026-03-15T15:22:34
11404,370,2026-04-08T00:27:37
11405,487,2026-04-26T10:00:22
11406,469,2026-03-19T08:49:38
11407,290,2026-04-14T18:54:32
11408,549,2026-03-02T11:41:20
11409,182,2026-03-25T02:26:28
11410,57,2026-04-23T10:09:05
11411,640,2026-03-05T12:19:32
11412,16,2026-04-25T15:26:39
11413,199,2026-03-06T03:11:57
11414,81,2026-03-29T03:45:20
11415,163,2026-03-11T10:27:05
11416,277,2026-03-01T23:41:09
11417,91,2026-03-21T06:30:52
11418,327,2026-04-04T01:11:54
11419,650,2026-04-13T08:39:47
11420,96,2026-03-19T00:44:29
11421,649,2026-03-30T16:25:58
11422,288,2026-03-11T04:40:42
11423,415,2026-04-13T16:58:13
11424,310,2026-03-11T09:14:18
11425,222,2026-04-21T03:53:56
11426,77,2026-03-11T13:18:08
11427,416,2026-04-09T17:02:43
11428,642,2026-03-20T04:25:02
11429,365,2026-04-29T10:49:41
11430,420,2026-03-17T08:40:20
11431,451,2026-04-26T11:19:00
11432,272,2026-04-20T15:57:03
11433,85,2026-03-29T04:59:11
11434,355,2026-03-30T17:59:59
11435,609,2026-03-22T04:33:58
11436,220,2026-03-26T13:41:13
11437,611,2026-03-28T01:31:18
11438,599,2026-03-09T12:24:07
11439,172,2026-03-20T10:31:30
11440,403,2026-04-22T15:04:49
11441,524,2026-04-28T03:09:31
11442,347,2026-03-04T05:35:47
11443,490,2026-04-13T16:25:58
11444,638,2026-03-15T13:28:59
11445,440,2026-04-09T11:54:19
11446,587,2026-04-07T01:40:14
11447,561,2026-04-22T09:04:29
11448,569,2026-04-12T13:57:02
11449,597,2026-04-19T01:51:27
11450,158,2026-04-18T04:10:43
11451,13,2026-04-08T09:51:11
11452,108,2026-03-25T17:22:48
11453,175,2026-03-21T14:22:51
11454,484,2026-03-21T11:34:21
11455,357,2026-03-21T23:54:18
11456,329,2026-03-18T10:21:56
11457,7,2026-03-19T10:34:49
11458,479,2026-04-04T06:10:46
11459,255,2026-03-17T04:05:20
11460,533,2026-03-21T16:35:24
11461,79,2026-04-12T19:14:41
11462,207,2026-03-20T18:02:43
11463,39,2026-03-07T14:00:14
11464,200,2026-03-02T08:22:00
11465,647,2026-04-15T04:14:03
11466,344,2026-04-26T14:58:20
11467,308,2026-04-10T06:28:27
11468,192,2026-03-04T07:28:10
11469,186,2026-04-03T15:09:01
11470,468,2026-03-17T17:06:18
11471,690,2026-03-20T10:17:52
11472,523,2026-04-25T02:50:12
11473,516,2026-04-19T12:37:39
11474,331,2026-04-14T07:10:42
11475,70,2026-03-31T12:02:37
11476,507,2026-04-04T03:15:49
11477,567,2026-04-24T14:16:17
11478,358,2026-04-09T08:57:10
11479,65,2026-04-04T17:10:09
11480,500,2026-03-06T05:46:25
11481,645,2026-04-29T11:23:31
11482,158,2026-04-18T01:19:35
11483,112,2026-03-21T23:12:53
11484,518,2026-03-16T21:38:08
11485,233,2026-04-28T07:41:36
11486,501,2026-04-27T00:29:21
11487,493,2026-03-26T16:56:41
11488,187,2026-03-14T15:53:11
11489,30,2026-04-17T17:47:01
11490,390,2026-04-07T03:33:33
11491,286,2026-04-24T06:31:18
11492,599,2026-04-02T13:39:54
11493,251,2026-04-03T14:34:43
11494,175,2026-03-09T17:08:27
11495,603,2026-04-06T02:39:22
11496,516,2026-03-22T13:14:40
11497,433,2026-03-13T05:44:27
11498,668,2026-04-15T23:01:43
11499,549,2026-03-21T08:02:43
11500,607,2026-03-13T00:35:59
11501,560,2026-04-27T10:47:18
11502,282,2026-04-27T15:33:37
11503,44,2026-03-30T02:10:29
11504,426,2026-03-18T06:18:11
11505,536,2026-03-10T15:26:13
11506,695,2026-04-07T01:13:00
11507,478,2026-04-06T05:57:17
11508,398,2026-04-07T04:27:08
11509,404,2026-04-16T16:53:11
11510,81,2026-03-28T22:06:07
11511,6,2026-04-10T13:27:00
11512,32,2026-04-09T15:51:31
11513,634,2026-04-17T13:16:55
11514,554,2026-04-14T04:49:26
11515,183,2026-03-03T11:45:30
11516,297,2026-04-07T10:35:36
11517,339,2026-04-28T04:02:34
11518,173,2026-04-03T15:54:04
11519,296,2026-04-01T14:28:26
11520,244,2026-04-06T15:36:49
11521,487,2026-04-03T12:41:12
11522,531,2026-03-25T07:29:06
11523,69,2026-04-29T16:09:38
11524,326,2026-03-05T02:35:41
11525,694,2026-04-17T22:35:43
11526,608,2026-03-10T14:05:41
11527,556,2026-03-13T08:11:17
11528,515,2026-04-06T17:13:34
11529,4,2026-04-08T00:21:51
11530,682,2026-04-25T09:33:10
11531,515,2026-03-18T16:36:41
11532,622,2026-03-02T01:06:36
11533,637,2026-03-16T02:51:16
11534,179,2026-04-02T15:48:55
11535,10,2026-03-22T02:05:09
11536,462,2026-03-16T15:10:48
11537,322,2026-04-23T23:50:34
11538,15,2026-04-03T06:25:07
11539,190,2026-04-10T07:26:26
11540,694,2026-04-14T04:29:19
11541,255,2026-03-25T01:59:25
11542,183,2026-04-14T07:09:47
11543,459,2026-04-27T06:56:38
11544,466,2026-04-13T13:14:11
11545,233,2026-03-18T13:53:44
11546,595,2026-04-16T12:29:42
11547,407,2026-03-15T14:45:05
11548,113,2026-03-05T07:06:55
11549,228,2026-03-27T10:21:00
11550,594,2026-03-31T02:11:17
11551,63,2026-03-28T23:34:17
11552,9,2026-03-16T15:01:05
11553,460,2026-03-17T11:22:39
11554,310,2026-04-25T11:30:27
11555,177,2026-03-18T08:28:48
11556,331,2026-04-16T02:49:18
11557,129,2026-03-16T09:36:51
11558,262,2026-03-07T17:48:30
11559,164,2026-03-04T13:30:00
11560,411,2026-03-14T23:21:18
11561,472,2026-04-20T03:17:21
11562,641,2026-03-28T14:41:30
11563,48,2026-04-11T15:55:42
11564,229,2026-04-27T10:59:09
11565,186,2026-03-03T12:13:48
11566,406,2026-03-06T23:25:10
11567,374,2026-04-25T05:37:59
11568,615,2026-04-04T14:54:23
11569,644,2026-04-07T14:18:56
11570,542,2026-03-21T17:46:05
11571,140,2026-04-19T00:50:12
11572,29,2026-04-08T01:10:59
11573,630,2026-03-16T17:18:10
11574,660,2026-04-08T09:26:19
11575,176,2026-03-01T13:50:33
11576,33,2026-03-15T04:55:11
11577,477,2026-03-13T11:09:20
11578,413,2026-04-17T03:10:42
11579,623,2026-04-14T15:23:28
11580,403,2026-03-06T16:03:25
11581,533,2026-04-24T14:30:40
11582,551,2026-04-19T11:16:57
11583,7,2026-03-27T07:23:50
11584,104,2026-03-13T11:00:03
11585,547,2026-03-26T06:13:37
11586,126,2026-04-05T13:07:28
11587,145,2026-04-07T07:13:25
11588,527,2026-03-21T09:25:14
11589,144,2026-03-07T15:14:16
11590,105,2026-04-06T14:45:42
11591,10,2026-04-12T04:27:58
11592,329,2026-03-17T08:12:32
11593,446,2026-04-08T03:37:12
11594,513,2026-04-04T10:50:14
11595,634,2026-03-31T13:29:11
11596,456,2026-03-01T17:59:31
11597,530,2026-03-19T12:21:42
11598,148,2026-03-23T05:27:46
11599,239,2026-04-20T17:25:38
11600,213,2026-04-19T00:59:58
11601,46,2026-04-22T10:43:53
11602,679,2026-03-28T06:34:13
11603,169,2026-03-20T04:21:54
11604,315,2026-03-30T12:03:03
11605,250,2026-04-17T15:54:44
11606,32,2026-04-07T12:06:33
11607,633,2026-04-06T04:43:01
11608,154,2026-03-27T00:30:18
11609,71,2026-04-11T14:41:52
11610,240,2026-04-22T04:55:44
11611,101,2026-04-10T09:11:33
11612,700,2026-03-25T02:05:46
11613,133,2026-04-20T19:22:11
11614,212,2026-04-26T14:34:11
11615,190,2026-04-17T08:04:37
11616,19,2026-04-22T15:48:26
11617,10,2026-03-16T06:36:13
11618,360,2026-03-26T03:58:01
11619,163,2026-03-15T06:17:26
11620,59,2026-03-22T08:54:43
11621,204,2026-04-14T10:23:22
11622,192,2026-04-10T10:06:32
11623,297,2026-03-01T11:50:11
11624,695,2026-04-15T04:04:58
11625,215,2026-03-12T02:42:48
11626,494,2026-03-12T13:12:20
11627,538,2026-04-02T10:40:29
11628,36,2026-03-15T03:16:39
11629,351,2026-04-27T02:04:08
11630,315,2026-03-09T16:51:34
11631,356,2026-03-10T16:21:14
11632,121,2026-04-15T08:38:33
11633,326,2026-03-18T04:02:29
11634,87,2026-04-12T11:56:25
11635,663,2026-04-10T16:37:38
11636,411,2026-03-12T00:25:22
11637,25,2026-04-04T00:54:46
11638,354,2026-04-02T12:24:13
11639,649,2026-03-06T16:19:02
11640,521,2026-04-15T01:16:41
11641,192,2026-04-21T08:39:35
11642,625,2026-04-26T05:26:42
11643,130,2026-03-06T15:34:23
11644,173,2026-03-11T13:47:40
11645,109,2026-04-19T15:39:02
11646,647,2026-03-19T02:41:58
11647,502,2026-04-07T13:36:53
11648,363,2026-03-21T03:47:19
11649,468,2026-03-14T13:43:18
11650,182,2026-04-07T01:49:09
11651,50,2026-03-13T10:37:58
11652,593,2026-03-09T04:00:03
11653,675,2026-03-31T23:54:49
11654,25,2026-03-12T03:14:07
11655,37,2026-03-12T06:43:58
11656,392,2026-04-16T09:39:15
11657,31,2026-04-01T14:39:26
11658,506,2026-04-02T07:26:03
11659,662,2026-03-09T11:27:17
11660,196,2026-03-10T06:07:56
11661,207,2026-03-24T12:14:35
11662,605,2026-03-24T02:03:19
11663,250,2026-03-28T15:54:53
11664,169,2026-03-09T04:56:55
11665,59,2026-04-23T06:06:24
11666,588,2026-03-22T13:50:22
11667,649,2026-04-18T12:40:50
11668,55,2026-03-25T17:19:32
11669,563,2026-03-29T14:09:17
11670,112,2026-03-07T02:38:35
11671,98,2026-04-10T04:01:21
11672,267,2026-03-04T17:08:23
11673,306,2026-04-14T07:06:39
11674,598,2026-04-22T09:08:21
11675,490,2026-03-22T13:00:31
11676,102,2026-04-23T08:20:39
11677,409,2026-04-11T14:48:54
11678,613,2026-03-01T17:16:54
11679,464,2026-03-13T10:14:53
11680,161,2026-04-08T00:58:44
11681,91,2026-04-12T10:28:27
11682,317,2026-03-06T18:01:26
11683,331,2026-04-11T07:35:04
11684,247,2026-04-18T13:32:47
11685,77,2026-03-06T14:25:56
11686,83,2026-04-22T09:51:37
11687,371,2026-04-01T04:40:55
11688,662,2026-04-06T13:01:30
11689,419,2026-03-04T07:22:06
11690,307,2026-04-06T05:33:53
11691,652,2026-03-28T03:39:24
11692,484,2026-03-23T07:22:30
11693,503,2026-04-16T12:26:36
11694,403,2026-03-15T16:12:26
11695,535,2026-03-04T18:36:26
11696,352,2026-03-30T15:14:40
11697,436,2026-04-14T15:29:19
11698,432,2026-03-09T01:48:26
11699,527,2026-04-29T10:54:08
11700,629,2026-04-10T07:27:17
11701,206,2026-04-26T06:12:43
11702,490,2026-03-29T12:02:30
11703,23,2026-03-08T08:50:21
11704,373,2026-03-11T08:24:56
11705,630,2026-03-31T18:11:12
11706,452,2026-04-05T08:49:30
11707,188,2026-04-14T08:28:04
11708,425,2026-04-17T14:41:59
11709,251,2026-04-15T15:03:50
11710,304,2026-04-05T08:57:49
11711,160,2026-03-02T06:18:16
11712,438,2026-04-01T09:46:29
11713,139,2026-04-19T00:17:27
11714,311,2026-04-20T04:10:20
11715,658,2026-04-20T08:24:01
11716,531,2026-03-01T08:04:38
11717,291,2026-03-27T07:30:01
11718,679,2026-04-07T09:27:57
11719,10,2026-03-15T00:04:08
11720,672,2026-03-25T01:26:24
11721,247,2026-03-06T13:34:18
11722,575,2026-03-12T21:32:12
11723,664,2026-03-01T09:04:59
11724,422,2026-04-28T16:40:07
11725,428,2026-04-21T07:19:48
11726,525,2026-03-25T15:15:31
11727,168,2026-03-01T19:51:40
11728,125,2026-03-21T06:59:26
11729,241,2026-03-27T14:06:00
11730,336,2026-03-11T09:29:30
11731,521,2026-04-09T02:15:01
11732,181,2026-04-29T02:42:29
11733,396,2026-04-20T13:36:34
11734,3,2026-04-21T03:24:34
11735,22,2026-04-19T03:44:42
11736,677,2026-03-05T02:41:18
11737,596,2026-04-03T05:55:59
11738,605,2026-04-03T01:59:28
11739,231,2026-03-07T07:24:41
11740,360,2026-03-09T03:09:25
11741,473,2026-04-03T03:55:21
11742,178,2026-04-12T03:26:31
11743,522,2026-03-13T08:53:50
11744,486,2026-03-30T06:41:26
11745,286,2026-03-05T06:31:04
11746,305,2026-03-07T02:51:39
11747,216,2026-04-04T02:45:20
11748,563,2026-04-03T14:38:42
11749,691,2026-04-14T22:31:49
11750,700,2026-04-23T23:13:24
11751,540,2026-03-12T09:12:55
11752,245,2026-03-21T00:38:43
11753,547,2026-04-21T02:23:40
11754,172,2026-03-04T16:37:54
11755,628,2026-04-19T12:42:52
11756,188,2026-04-26T05:02:46
11757,283,2026-03-06T04:05:59
11758,66,2026-03-09T16:36:46
11759,57,2026-04-11T08:58:51
11760,276,2026-03-28T22:31:43
11761,386,2026-04-29T03:40:27
11762,13,2026-04-02T07:17:23
11763,593,2026-04-09T00:12:48
11764,81,2026-03-14T22:14:57
11765,699,2026-03-20T06:56:34
11766,191,2026-03-11T07:46:11
11767,266,2026-03-09T09:21:48
11768,112,2026-03-07T01:03:17
11769,578,2026-04-23T04:51:44
11770,513,2026-03-05T08:17:12
11771,55,2026-03-31T14:14:51
11772,74,2026-03-31T12:42:29
11773,427,2026-03-03T22:07:22
11774,607,2026-04-20T02:12:44
11775,77,2026-03-31T11:30:42
11776,155,2026-03-08T17:07:15
11777,382,2026-03-08T02:54:04
11778,77,2026-04-12T10:58:57
11779,214,2026-04-07T06:49:58
11780,8,2026-03-25T18:33:39
11781,350,2026-03-24T23:32:06
11782,501,2026-03-03T00:16:56
11783,289,2026-03-02T16:08:27
11784,180,2026-04-02T14:09:36
11785,298,2026-03-22T06:08:40
11786,357,2026-03-16T02:00:35
11787,117,2026-03-23T01:44:13
11788,79,2026-04-06T12:44:57
11789,128,2026-03-18T08:43:31
11790,690,2026-03-21T08:21:56
11791,507,2026-03-16T23:06:08
11792,88,2026-04-09T11:11:41
11793,211,2026-03-04T15:49:10
11794,289,2026-04-25T10:54:06
11795,127,2026-04-03T10:03:52
11796,597,2026-03-15T03:41:07
11797,659,2026-04-15T15:53:02
11798,172,2026-04-26T14:48:02
11799,12,2026-03-04T02:14:21
11800,187,2026-03-13T13:39:08
11801,408,2026-03-09T04:49:04
11802,566,2026-03-05T06:55:32
11803,238,2026-04-14T19:40:12
11804,192,2026-03-12T06:20:26
11805,175,2026-03-24T11:40:06
11806,3,2026-04-18T03:09:41
11807,10,2026-04-06T06:05:25
11808,300,2026-04-10T04:00:53
11809,433,2026-03-06T06:32:48
11810,9,2026-04-28T20:02:22
11811,141,2026-03-05T15:08:19
11812,637,2026-04-12T04:51:52
11813,694,2026-04-08T00:24:21
11814,450,2026-03-25T09:36:53
11815,366,2026-04-20T02:26:05
11816,409,2026-04-23T18:02:40
11817,260,2026-03-05T04:35:26
11818,142,2026-04-26T18:06:50
11819,264,2026-03-15T13:40:05
11820,490,2026-04-17T14:41:55
11821,464,2026-04-19T09:42:59
11822,475,2026-04-03T02:23:27
11823,427,2026-04-21T03:28:39
11824,43,2026-04-19T07:46:30
11825,439,2026-04-01T02:26:36
11826,617,2026-03-11T02:56:30
11827,455,2026-03-27T16:39:39
11828,406,2026-04-24T02:45:27
11829,157,2026-03-13T09:39:59
11830,555,2026-04-29T07:10:56
11831,317,2026-03-11T14:27:47
11832,185,2026-04-09T15:38:05
11833,343,2026-04-08T16:31:13
11834,86,2026-03-12T01:35:21
11835,649,2026-03-29T09:54:07
11836,492,2026-03-09T01:50:54
11837,229,2026-03-22T09:12:16
11838,556,2026-04-27T08:12:46
11839,38,2026-03-04T05:08:54
11840,271,2026-04-22T03:43:17
11841,456,2026-04-10T08:29:43
11842,17,2026-04-14T15:35:39
11843,497,2026-03-17T14:52:38
11844,573,2026-04-26T14:28:00
11845,416,2026-03-16T14:37:32
11846,145,2026-03-31T06:17:31
11847,525,2026-03-03T15:49:00
11848,238,2026-04-23T18:01:55
11849,516,2026-04-12T13:34:45
11850,440,2026-03-10T08:48:37
11851,66,2026-04-09T18:42:21
11852,70,2026-03-11T04:06:54
11853,11,2026-03-27T04:51:25
11854,51,2026-03-31T12:22:04
11855,210,2026-04-25T12:31:59
11856,18,2026-03-20T10:29:32
11857,657,2026-03-01T02:20:35
11858,642,2026-03-26T03:19:41
11859,121,2026-04-25T06:54:09
11860,218,2026-04-17T03:39:01
11861,520,2026-03-03T23:59:27
11862,463,2026-03-04T07:19:51
11863,408,2026-04-15T01:17:59
11864,693,2026-04-13T04:30:15
11865,441,2026-04-03T06:36:59
11866,469,2026-03-06T08:05:51
11867,352,2026-03-17T14:21:49
11868,368,2026-04-20T01:26:16
11869,204,2026-03-09T01:05:43
11870,365,2026-03-13T11:34:58
11871,643,2026-03-28T12:07:34
11872,264,2026-04-14T14:51:53
11873,94,2026-04-19T09:31:16
11874,420,2026-04-05T07:10:51
11875,550,2026-03-30T06:31:10
11876,672,2026-03-24T01:20:41
11877,380,2026-03-03T08:26:21
11878,552,2026-03-17T02:15:24
11879,176,2026-03-13T11:25:44
11880,297,2026-03-04T13:09:27
11881,294,2026-04-14T14:17:50
11882,233,2026-03-22T07:23:35
11883,502,2026-03-31T12:46:30
11884,619,2026-03-13T07:54:16
11885,229,2026-04-05T08:52:38
11886,96,2026-03-08T21:22:15
11887,578,2026-04-10T09:22:44
11888,595,2026-04-14T13:16:29
11889,655,2026-03-19T06:30:31
11890,179,2026-03-13T14:57:31
11891,504,2026-04-16T06:14:02
11892,501,2026-03-14T09:42:47
11893,554,2026-03-11T03:15:59
11894,565,2026-03-21T02:22:44
11895,667,2026-04-27T13:31:10
11896,334,2026-03-28T10:44:37
11897,54,2026-03-16T15:50:09
11898,135,2026-03-31T14:38:39
11899,621,2026-03-21T04:36:26
11900,592,2026-04-09T01:51:52
11901,8,2026-03-27T16:37:34
11902,258,2026-04-05T08:06:03
11903,172,2026-03-27T15:03:52
11904,225,2026-03-29T11:32:34
11905,448,2026-03-27T03:00:53
11906,358,2026-03-24T11:42:03
11907,337,2026-04-27T04:46:14
11908,305,2026-03-16T05:59:06
11909,450,2026-04-18T08:01:17
11910,479,2026-04-12T13:36:28
11911,31,2026-04-01T16:56:39
11912,97,2026-03-20T05:08:23
11913,239,2026-03-30T12:46:28
11914,305,2026-04-20T04:58:44
11915,698,2026-03-11T16:04:24
11916,625,2026-04-05T08:27:49
11917,455,2026-04-15T14:04:06
11918,26,2026-04-08T04:29:47
11919,71,2026-03-09T18:51:48
11920,321,2026-03-31T14:15:34
11921,411,2026-03-11T02:47:17
11922,463,2026-04-25T05:48:00
11923,100,2026-03-22T07:00:59
11924,622,2026-03-26T04:31:01
11925,346,2026-04-21T09:15:05
11926,416,2026-03-26T14:58:11
11927,28,2026-03-12T12:41:11
11928,578,2026-04-23T05:31:16
11929,381,2026-04-08T14:39:12
11930,156,2026-04-06T17:10:27
11931,224,2026-03-05T03:30:53
11932,247,2026-03-27T14:46:22
11933,19,2026-03-28T12:56:08
11934,660,2026-03-16T09:08:09
11935,563,2026-04-03T13:54:50
11936,621,2026-03-15T04:17:05
11937,248,2026-03-29T14:51:57
11938,391,2026-04-18T09:56:01
11939,321,2026-04-14T11:47:02
11940,333,2026-03-17T05:58:04
11941,413,2026-03-13T03:33:55
11942,316,2026-03-01T08:46:00
11943,542,2026-03-21T16:54:53
11944,42,2026-03-02T09:12:01
11945,135,2026-03-08T13:42:43
11946,625,2026-04-28T05:44:26
11947,618,2026-04-21T03:29:14
11948,573,2026-04-03T14:35:40
11949,259,2026-04-16T01:39:42
11950,320,2026-03-29T22:26:25
11951,18,2026-04-06T09:35:06
11952,196,2026-04-25T07:26:15
11953,509,2026-03-05T04:28:01
11954,241,2026-03-22T15:27:36
11955,337,2026-03-08T01:27:21
11956,87,2026-04-17T04:19:37
11957,348,2026-04-19T01:06:32
11958,506,2026-04-13T10:32:42
11959,401,2026-04-06T05:25:27
11960,390,2026-03-29T02:02:17
11961,641,2026-03-02T13:31:37
11962,164,2026-04-16T15:50:57
11963,210,2026-04-23T17:15:41
11964,437,2026-04-27T00:53:10
11965,337,2026-03-21T02:32:15
11966,686,2026-03-13T03:23:57
11967,42,2026-04-09T11:52:43
11968,86,2026-03-02T03:56:37
11969,240,2026-03-04T04:55:43
11970,321,2026-04-19T15:46:16
11971,624,2026-04-27T10:37:55
11972,346,2026-03-25T10:50:11
11973,307,2026-03-31T02:51:56
11974,117,2026-04-02T03:53:13
11975,304,2026-03-09T09:49:18
11976,373,2026-03-14T09:20:38
11977,409,2026-03-18T16:58:29
11978,425,2026-04-20T11:48:57
11979,301,2026-03-26T23:51:51
11980,111,2026-04-13T13:08:52
11981,107,2026-03-12T14:00:34
11982,109,2026-04-27T14:58:58
11983,434,2026-04-23T14:37:43
11984,600,2026-03-29T19:35:19
11985,619,2026-03-14T05:42:35
11986,218,2026-04-28T01:41:23
11987,56,2026-04-18T15:02:16
11988,442,2026-03-31T14:18:44
11989,27,2026-03-17T11:32:24
11990,439,2026-04-07T04:01:15
11991,269,2026-03-23T06:53:51
11992,588,2026-04-10T15:09:20
11993,438,2026-04-19T13:25:44
11994,518,2026-03-30T14:08:17
11995,285,2026-03-03T05:03:22
11996,589,2026-04-03T03:26:24
11997,368,2026-04-21T05:46:29
11998,438,2026-03-14T07:17:46
11999,253,2026-04-27T15:27:21
12000,315,2026-03-22T18:56:00
12001,589,2026-04-11T07:22:09
12002,276,2026-04-12T03:50:01
12003,15,2026-03-11T06:59:54
12004,266,2026-03-03T10:32:00
12005,275,2026-04-26T02:36:55
12006,293,2026-04-12T11:51:38
12007,50,2026-04-07T11:40:00
12008,91,2026-03-19T07:35:21
12009,227,2026-03-07T04:53:46
12010,297,2026-03-17T06:55:28
12011,21,2026-04-02T13:18:48
12012,273,2026-04-11T00:44:27
12013,225,2026-03-20T06:15:21
12014,25,2026-03-13T00:44:12
12015,176,2026-03-15T17:05:39
12016,193,2026-04-27T11:16:47
12017,101,2026-04-07T04:47:41
12018,527,2026-04-29T09:47:11
12019,51,2026-03-01T14:28:21
12020,405,2026-03-28T08:46:41
12021,466,2026-03-28T09:29:12
12022,565,2026-03-25T04:04:44
12023,382,2026-03-24T00:48:55
12024,380,2026-03-05T07:03:15
12025,533,2026-03-02T12:48:22
12026,598,2026-04-16T08:52:42
12027,148,2026-03-27T00:00:44
12028,558,2026-03-10T09:58:13
12029,324,2026-03-21T05:37:29
12030,69,2026-04-25T15:36:31
12031,429,2026-03-29T14:19:49
12032,684,2026-04-28T23:10:43
12033,99,2026-03-10T12:01:08
12034,11,2026-03-08T08:25:08
12035,642,2026-04-03T05:47:54
12036,418,2026-04-10T05:01:40
12037,154,2026-04-27T22:13:51
12038,555,2026-03-28T06:49:07
12039,276,2026-03-13T00:26:31
12040,233,2026-04-02T06:06:04
12041,203,2026-03-19T08:58:28
12042,419,2026-03-11T04:20:20
12043,95,2026-03-06T15:10:18
12044,254,2026-04-13T02:33:13
12045,214,2026-04-08T06:05:07
12046,43,2026-03-10T09:41:08
12047,535,2026-04-03T15:38:32
12048,6,2026-04-23T17:54:15
12049,672,2026-04-18T22:17:18
12050,67,2026-03-28T05:25:45
12051,251,2026-03-04T20:40:24
12052,69,2026-04-08T12:11:51
12053,257,2026-03-31T11:21:37
12054,428,2026-04-25T08:06:56
12055,62,2026-04-03T10:42:42
12056,369,2026-04-14T14:39:57
12057,541,2026-04-01T13:05:43
12058,319,2026-04-02T15:07:37
12059,79,2026-03-20T15:24:22
12060,485,2026-03-25T04:39:41
12061,131,2026-03-18T04:47:24
12062,12,2026-03-27T23:27:18
12063,306,2026-04-27T03:48:01
12064,190,2026-03-21T07:24:53
12065,20,2026-03-28T03:35:17
12066,545,2026-04-26T05:15:20
12067,420,2026-03-10T03:38:47
12068,637,2026-03-16T03:54:44
12069,337,2026-03-30T07:17:40
12070,307,2026-03-25T03:42:47
12071,590,2026-03-21T06:27:58
12072,58,2026-04-16T04:31:58
12073,254,2026-03-30T07:34:28
12074,560,2026-03-22T06:25:01
12075,205,2026-03-29T10:39:07
12076,620,2026-04-22T22:21:15
12077,199,2026-04-29T01:09:32
12078,290,2026-03-15T20:23:28
12079,629,2026-03-03T02:26:36
12080,171,2026-03-02T03:51:47
12081,678,2026-03-27T06:38:42
12082,31,2026-04-07T11:25:43
12083,187,2026-03-04T18:51:50
12084,414,2026-03-31T07:00:04
12085,416,2026-03-24T15:41:23
12086,637,2026-04-25T03:55:51
12087,672,2026-04-06T01:41:07
12088,475,2026-03-26T03:35:24
12089,462,2026-04-05T15:31:47
12090,223,2026-03-09T14:09:51
12091,564,2026-03-29T14:09:49
12092,451,2026-03-20T09:07:53
12093,17,2026-03-11T15:56:03
12094,583,2026-03-24T01:22:55
12095,252,2026-04-08T16:57:29
12096,334,2026-04-04T12:36:47
12097,341,2026-04-27T03:45:16
12098,574,2026-03-17T09:56:45
12099,188,2026-04-11T07:30:08
12100,275,2026-04-03T05:03:30
12101,28,2026-04-22T18:49:02
12102,244,2026-04-24T11:21:33
12103,62,2026-04-12T11:09:59
12104,409,2026-03-26T10:15:30
12105,626,2026-04-02T04:59:02
12106,326,2026-04-09T04:25:30
12107,639,2026-04-18T06:34:12
12108,684,2026-03-13T20:47:12
12109,38,2026-04-22T07:34:34
12110,362,2026-04-18T01:09:19
12111,370,2026-03-06T02:05:23
12112,270,2026-03-17T14:56:10
12113,582,2026-03-15T02:12:38
12114,277,2026-04-04T01:15:43
12115,39,2026-03-13T13:02:53
12116,384,2026-03-19T17:45:25
12117,142,2026-03-12T01:30:01
12118,249,2026-03-05T11:38:14
12119,352,2026-03-28T13:11:59
12120,507,2026-03-20T02:32:47
12121,195,2026-03-31T09:33:32
12122,267,2026-03-13T18:50:53
12123,48,2026-03-18T11:42:15
12124,269,2026-04-23T10:36:00
12125,407,2026-04-18T10:40:39
12126,432,2026-03-16T02:46:52
12127,206,2026-03-10T03:13:07
12128,43,2026-04-28T10:35:01
12129,405,2026-04-10T11:56:44
12130,459,2026-03-30T09:43:42
12131,60,2026-04-11T03:50:02
12132,354,2026-03-14T14:02:52
12133,67,2026-03-26T05:50:58
12134,318,2026-03-24T03:38:14
12135,449,2026-04-13T15:10:50
12136,504,2026-03-12T11:53:56
12137,500,2026-03-30T03:52:26
12138,531,2026-04-20T13:39:43
12139,169,2026-03-12T02:57:28
12140,593,2026-03-08T00:49:59
12141,245,2026-04-19T02:25:05
12142,263,2026-04-22T15:59:11
12143,552,2026-03-26T02:28:14
12144,229,2026-03-03T12:09:07
12145,53,2026-04-02T04:06:04
12146,501,2026-03-17T23:41:39
12147,464,2026-04-05T12:08:35
12148,408,2026-03-09T04:53:30
12149,101,2026-04-18T08:55:44
12150,443,2026-04-10T21:01:48
12151,139,2026-04-08T04:10:16
12152,389,2026-03-31T16:10:25
12153,356,2026-03-14T13:42:39
12154,541,2026-04-26T17:14:00
12155,684,2026-03-16T04:40:30
12156,134,2026-03-22T07:52:29
12157,81,2026-04-25T01:39:16
12158,389,2026-03-03T15:58:39
12159,667,2026-03-08T10:29:19
12160,111,2026-04-15T11:54:18
12161,342,2026-03-23T14:46:43
12162,286,2026-04-04T09:28:30
12163,223,2026-04-04T16:17:11
12164,465,2026-04-19T18:40:36
12165,207,2026-04-07T19:46:19
12166,346,2026-03-26T07:06:43
12167,592,2026-04-02T05:18:28
12168,266,2026-04-14T15:58:14
12169,15,2026-03-23T06:08:04
12170,620,2026-03-11T00:56:16
12171,193,2026-03-30T13:07:39
12172,541,2026-04-29T19:35:41
12173,534,2026-03-07T00:18:49
12174,369,2026-03-11T16:08:21
12175,62,2026-04-29T11:13:55
12176,666,2026-04-19T06:56:45
12177,477,2026-03-08T10:16:19
12178,298,2026-03-13T04:53:16
12179,598,2026-04-11T11:38:34
12180,552,2026-04-16T06:59:45
12181,533,2026-04-14T13:27:28
12182,118,2026-04-21T07:30:09
12183,443,2026-03-31T07:04:46
12184,201,2026-04-22T11:20:27
12185,55,2026-04-05T13:35:01
12186,237,2026-03-29T05:22:11
12187,73,2026-04-08T09:10:34
12188,75,2026-03-26T14:29:30
12189,509,2026-04-06T09:58:09
12190,352,2026-04-20T10:54:42
12191,279,2026-04-27T03:22:38
12192,135,2026-04-04T12:07:31
12193,540,2026-03-01T09:00:04
12194,444,2026-04-07T12:38:09
12195,410,2026-03-16T00:41:10
12196,134,2026-03-15T09:54:55
12197,87,2026-04-22T09:34:13
12198,87,2026-03-27T06:16:00
12199,18,2026-04-17T05:01:17
12200,679,2026-03-23T06:31:43
12201,258,2026-04-06T04:17:12
12202,461,2026-04-09T11:47:43
12203,688,2026-04-23T06:38:01
12204,656,2026-03-12T11:30:53
12205,225,2026-04-03T06:44:32
12206,343,2026-03-25T16:31:51
12207,325,2026-03-28T00:38:43
12208,24,2026-04-20T13:45:09
12209,538,2026-03-09T07:04:39
12210,403,2026-04-02T14:09:56
12211,261,2026-03-24T17:28:28
12212,391,2026-04-23T02:42:09
12213,515,2026-03-13T13:25:33
12214,11,2026-03-14T02:54:33
12215,453,2026-03-06T14:58:46
12216,603,2026-03-27T04:06:09
12217,509,2026-03-01T06:39:39
12218,434,2026-03-31T14:03:22
12219,64,2026-03-14T14:47:14
12220,522,2026-03-25T07:05:47
12221,526,2026-04-06T12:06:32
12222,346,2026-04-11T06:44:56
12223,408,2026-03-04T04:23:14
12224,433,2026-03-09T04:23:19
12225,85,2026-03-20T04:25:54
12226,181,2026-04-01T04:27:26
12227,555,2026-04-23T04:40:23
12228,682,2026-03-09T13:43:48
12229,190,2026-03-05T05:57:06
12230,281,2026-04-07T05:31:35
12231,641,2026-04-28T13:50:21
12232,114,2026-04-19T09:36:53
12233,183,2026-04-03T12:04:07
12234,40,2026-03-02T17:51:19
12235,165,2026-04-04T03:26:11
12236,446,2026-03-28T07:27:11
12237,244,2026-03-27T15:50:15
12238,689,2026-03-30T08:52:32
12239,625,2026-04-03T05:59:29
12240,628,2026-04-13T08:31:28
12241,509,2026-03-12T03:26:52
12242,492,2026-03-05T02:24:52
12243,357,2026-03-04T03:20:12
12244,694,2026-03-25T01:15:05
12245,67,2026-03-31T09:19:40
12246,506,2026-04-17T10:43:02
12247,99,2026-03-27T13:17:36
12248,238,2026-04-01T17:37:10
12249,179,2026-04-28T17:14:10
12250,421,2026-04-14T06:48:40
12251,552,2026-04-10T22:25:46
12252,56,2026-03-22T14:32:19
12253,422,2026-03-10T15:58:21
12254,156,2026-04-25T16:52:05
12255,54,2026-04-03T12:19:53
12256,293,2026-03-05T12:17:53
12257,407,2026-03-29T11:32:09
12258,142,2026-03-06T01:43:45
12259,273,2026-04-28T03:58:55
12260,668,2026-04-01T00:23:53
12261,243,2026-04-17T12:34:25
12262,697,2026-03-29T05:06:06
12263,584,2026-03-02T03:43:31
12264,260,2026-04-08T01:31:18
12265,404,2026-04-09T17:38:20
12266,497,2026-03-14T16:13:37
12267,326,2026-04-12T00:25:34
12268,286,2026-03-14T09:03:04
12269,231,2026-04-11T09:21:37
12270,98,2026-04-14T02:21:59
12271,18,2026-03-09T11:27:11
12272,236,2026-03-18T03:58:59
12273,558,2026-03-10T09:37:06
12274,164,2026-04-13T13:53:31
12275,126,2026-03-15T14:12:05
12276,230,2026-04-08T14:58:59
12277,420,2026-03-26T06:36:47
12278,151,2026-03-05T15:01:56
12279,155,2026-04-22T16:51:02
12280,79,2026-04-12T13:09:36
12281,233,2026-03-16T09:48:49
12282,153,2026-04-22T13:14:05
12283,582,2026-04-12T01:40:55
12284,635,2026-04-18T03:44:07
12285,260,2026-03-11T03:07:06
12286,60,2026-03-01T05:58:17
12287,62,2026-03-04T13:53:55
12288,228,2026-04-02T12:24:49
12289,325,2026-04-17T02:14:25
12290,370,2026-04-24T01:35:32
12291,213,2026-04-27T03:47:02
12292,249,2026-04-05T16:05:49
12293,199,2026-04-07T01:09:03
12294,363,2026-03-18T01:37:42
12295,488,2026-03-01T01:17:22
12296,31,2026-03-12T15:54:48
12297,336,2026-03-04T03:32:01
12298,454,2026-04-11T10:39:15
12299,471,2026-03-31T07:20:39
12300,395,2026-04-16T15:39:42
12301,368,2026-03-09T02:15:00
12302,477,2026-04-24T13:29:04
12303,265,2026-04-13T05:01:21
12304,398,2026-04-23T23:26:41
12305,224,2026-04-08T06:45:37
12306,307,2026-03-21T01:22:29
12307,87,2026-04-07T09:03:35
12308,246,2026-04-06T15:49:20
12309,100,2026-03-11T07:17:34
12310,159,2026-03-07T01:38:41
12311,294,2026-04-09T12:43:12
12312,351,2026-03-06T05:17:00
12313,660,2026-03-07T10:17:17
12314,19,2026-03-05T14:31:46
12315,629,2026-04-07T02:27:50
12316,230,2026-04-25T12:06:32
12317,507,2026-03-30T01:04:51
12318,475,2026-03-10T00:02:25
12319,680,2026-03-31T12:18:43
12320,77,2026-03-29T12:08:31
12321,678,2026-04-05T05:45:00
12322,45,2026-03-26T07:52:16
12323,615,2026-04-01T18:47:40
12324,457,2026-03-20T10:15:37
12325,338,2026-04-24T01:20:44
12326,279,2026-04-02T03:57:13
12327,66,2026-03-19T12:08:11
12328,562,2026-03-01T06:20:55
12329,510,2026-04-10T11:26:22
12330,657,2026-03-23T01:24:46
12331,512,2026-03-15T02:56:03
12332,670,2026-03-29T07:48:53
12333,621,2026-03-30T06:58:51
12334,298,2026-04-18T08:13:42
12335,493,2026-04-02T13:04:17
12336,186,2026-04-12T12:54:04
12337,557,2026-04-08T03:08:12
12338,427,2026-04-20T03:39:31
12339,309,2026-03-01T05:53:57
12340,440,2026-03-23T05:03:42
12341,195,2026-04-12T05:37:28
12342,436,2026-03-09T10:57:37
12343,333,2026-03-27T08:57:44
12344,226,2026-03-25T04:17:41
12345,683,2026-04-18T14:15:06
12346,45,2026-04-27T03:13:32
12347,531,2026-03-07T11:35:53
12348,148,2026-03-13T03:53:37
12349,156,2026-04-16T18:54:22
12350,109,2026-03-11T12:19:33
12351,72,2026-03-30T02:30:43
12352,87,2026-04-26T10:43:04
12353,583,2026-04-28T03:40:11
12354,649,2026-04-26T11:02:35
12355,410,2026-03-09T03:53:05
12356,10,2026-03-09T02:55:27
12357,606,2026-03-11T08:38:45
12358,422,2026-04-16T14:24:30
12359,365,2026-03-11T11:47:48
12360,664,2026-03-26T04:10:04
12361,287,2026-04-19T13:13:27
12362,253,2026-03-30T16:58:54
12363,546,2026-04-26T08:20:36
12364,369,2026-03-30T17:44:50
12365,502,2026-03-23T12:24:24
12366,488,2026-04-28T06:47:03
12367,588,2026-04-02T13:48:18
12368,223,2026-03-12T13:30:53
12369,51,2026-04-08T12:22:13
12370,335,2026-04-16T08:41:50
12371,454,2026-04-20T17:12:38
12372,572,2026-03-01T11:17:46
12373,187,2026-03-07T14:02:56
12374,522,2026-04-07T04:31:55
12375,583,2026-04-14T01:38:30
12376,566,2026-04-09T04:22:39
12377,566,2026-03-23T05:44:06
12378,692,2026-04-15T06:25:07
12379,463,2026-04-04T08:12:55
12380,260,2026-04-25T04:00:09
12381,306,2026-03-23T05:51:03
12382,523,2026-04-15T04:48:04
12383,166,2026-03-09T06:26:00
12384,422,2026-04-13T14:13:25
12385,401,2026-04-13T04:35:05
12386,467,2026-03-16T03:28:09
12387,295,2026-03-04T07:21:52
12388,518,2026-04-29T15:39:02
12389,51,2026-03-05T12:13:07
12390,525,2026-03-29T11:02:31
12391,569,2026-03-01T13:09:12
12392,621,2026-03-26T05:20:18
12393,646,2026-04-19T06:49:27
12394,245,2026-03-31T01:15:11
12395,33,2026-03-15T03:57:43
12396,458,2026-03-24T06:07:42
12397,64,2026-03-06T15:59:01
12398,197,2026-04-05T15:48:34
12399,492,2026-03-01T02:04:19
12400,417,2026-03-21T17:32:33
12401,425,2026-03-04T15:40:39
12402,526,2026-03-15T09:27:21
12403,116,2026-03-05T15:58:36
12404,554,2026-04-25T03:07:45
12405,411,2026-04-15T21:32:48
12406,295,2026-04-25T12:30:09
12407,325,2026-04-10T01:36:33
12408,357,2026-03-30T03:16:26
12409,386,2026-03-11T02:29:54
12410,234,2026-04-27T16:07:23
12411,157,2026-04-25T10:07:14
12412,119,2026-03-25T05:31:47
12413,239,2026-03-14T14:44:23
12414,183,2026-03-24T05:40:11
12415,362,2026-03-24T01:57:32
12416,639,2026-04-25T03:03:59
12417,76,2026-03-05T05:26:17
12418,217,2026-04-07T05:03:09
12419,35,2026-04-16T03:21:28
12420,683,2026-04-15T16:44:26
12421,491,2026-03-12T16:35:17
12422,170,2026-03-25T13:12:36
12423,290,2026-03-21T16:04:01
12424,507,2026-03-25T00:09:25
12425,671,2026-03-06T18:25:08
12426,402,2026-03-05T17:57:52
12427,190,2026-03-02T07:23:33
12428,488,2026-04-28T04:10:38
12429,481,2026-03-26T07:15:36
12430,451,2026-03-14T08:41:40
12431,33,2026-04-17T00:16:40
12432,495,2026-03-30T07:48:52
12433,14,2026-03-22T09:02:36
12434,634,2026-03-07T13:19:07
12435,618,2026-03-24T01:15:22
12436,395,2026-04-08T15:27:26
12437,453,2026-04-07T15:23:54
12438,48,2026-03-24T14:33:24
12439,613,2026-04-06T17:19:52
12440,190,2026-04-16T09:12:45
12441,184,2026-04-25T19:38:23
12442,496,2026-04-01T16:17:50
12443,658,2026-03-14T08:52:28
12444,346,2026-03-08T08:57:26
12445,356,2026-03-10T14:13:07
12446,384,2026-03-01T12:16:07
12447,204,2026-04-03T01:57:33
12448,418,2026-03-13T09:48:45
12449,673,2026-03-14T15:26:50
12450,268,2026-04-13T11:32:46
12451,542,2026-03-20T15:14:27
12452,542,2026-04-19T15:38:16
12453,596,2026-03-09T02:56:24
12454,507,2026-03-21T00:27:10
12455,646,2026-03-04T05:26:31
12456,501,2026-04-02T00:35:08
12457,684,2026-03-08T01:49:45
12458,501,2026-03-15T03:32:06
12459,586,2026-04-14T03:26:24
12460,624,2026-04-22T13:28:17
12461,689,2026-04-02T07:00:37
12462,417,2026-04-27T16:48:42
12463,498,2026-04-15T05:21:23
12464,677,2026-04-15T02:52:17
12465,267,2026-04-29T13:22:55
12466,84,2026-03-06T04:15:50
12467,619,2026-03-14T08:53:50
12468,443,2026-03-27T02:08:20
12469,300,2026-04-07T00:46:02
12470,502,2026-04-29T12:48:42
12471,23,2026-03-06T06:13:12
12472,335,2026-03-14T08:12:12
12473,186,2026-03-18T15:19:47
12474,202,2026-04-10T06:51:06
12475,679,2026-04-27T04:20:50
12476,386,2026-04-26T03:06:14
12477,99,2026-04-14T10:24:19
12478,256,2026-04-16T11:05:37
12479,170,2026-03-25T16:31:41
12480,637,2026-04-05T23:10:39
12481,204,2026-03-11T01:16:30
12482,250,2026-03-31T20:00:37
12483,234,2026-03-18T12:01:22
12484,123,2026-04-24T23:44:25
12485,547,2026-03-22T23:55:07
12486,404,2026-03-24T16:23:33
12487,306,2026-03-25T07:01:20
12488,278,2026-04-24T04:56:56
12489,467,2026-04-25T06:24:57
12490,68,2026-03-26T09:21:04
12491,653,2026-04-29T01:47:38
12492,396,2026-04-15T13:42:04
12493,160,2026-04-20T02:44:21
12494,377,2026-04-24T02:40:29
12495,597,2026-03-20T02:01:17
12496,122,2026-04-03T04:19:48
12497,367,2026-03-18T06:40:00
12498,419,2026-03-19T04:53:52
12499,568,2026-03-28T11:37:58
12500,398,2026-03-04T02:23:43
12501,516,2026-03-13T15:53:59
12502,542,2026-04-18T15:33:13
12503,624,2026-03-10T17:07:37
12504,254,2026-04-07T09:23:45
12505,493,2026-04-15T17:50:20
12506,175,2026-03-16T12:26:13
12507,592,2026-03-28T06:33:23
12508,666,2026-04-22T07:03:00
12509,206,2026-04-19T23:39:31
12510,393,2026-04-25T19:18:09
12511,576,2026-04-07T11:05:18
12512,19,2026-04-23T08:56:58
12513,494,2026-03-24T15:24:04
12514,575,2026-04-06T15:49:42
12515,610,2026-04-10T05:42:14
12516,138,2026-04-28T03:52:08
12517,531,2026-03-23T07:25:32
12518,551,2026-04-22T13:42:18
12519,2,2026-03-31T07:56:40
12520,494,2026-03-07T13:39:52
12521,439,2026-04-09T04:39:43
12522,679,2026-04-28T04:53:42
12523,31,2026-03-28T15:21:37
12524,676,2026-04-02T07:32:14
12525,400,2026-04-25T02:43:27
12526,193,2026-04-25T18:54:58
12527,272,2026-03-25T22:47:31
12528,537,2026-04-15T14:24:34
12529,698,2026-04-07T15:47:37
12530,222,2026-04-08T04:35:32
12531,689,2026-04-13T08:27:06
12532,441,2026-03-20T04:28:35
12533,135,2026-03-19T15:45:09
12534,419,2026-03-02T06:01:43
12535,562,2026-04-21T04:56:53
12536,39,2026-03-17T13:11:15
12537,56,2026-04-10T12:41:17
12538,4,2026-04-11T02:55:01
12539,400,2026-04-12T06:12:19
12540,41,2026-04-21T04:35:39
12541,653,2026-04-22T01:32:10
12542,90,2026-03-01T01:02:28
12543,51,2026-04-20T13:38:48
12544,181,2026-03-13T03:58:48
12545,535,2026-04-08T15:53:02
12546,635,2026-04-10T08:55:55
12547,176,2026-03-04T16:29:50
12548,364,2026-03-18T07:42:36
12549,542,2026-04-24T16:14:48
12550,558,2026-03-09T08:16:35
12551,108,2026-03-14T15:55:24
12552,587,2026-03-05T02:17:38
12553,608,2026-03-11T14:43:53
12554,515,2026-04-08T13:51:04
12555,370,2026-04-19T22:37:43
12556,274,2026-04-05T16:03:21
12557,623,2026-03-18T16:57:51
12558,605,2026-04-21T03:14:39
12559,363,2026-03-23T01:59:05
12560,520,2026-03-19T00:09:31
12561,280,2026-03-31T08:20:50
12562,521,2026-03-09T00:42:47
12563,63,2026-03-22T04:03:41
12564,632,2026-04-17T01:22:07
12565,361,2026-04-06T11:54:59
12566,420,2026-04-29T08:54:38
12567,133,2026-04-16T16:32:48
12568,371,2026-03-22T08:48:50
12569,3,2026-04-16T00:47:59
12570,624,2026-04-21T09:59:39
12571,525,2026-04-07T16:25:32
12572,319,2026-04-15T19:17:04
12573,586,2026-03-30T22:52:08
12574,569,2026-04-24T15:28:39
12575,84,2026-03-14T22:35:55
12576,38,2026-03-26T07:39:51
12577,178,2026-03-16T02:48:51
12578,1,2026-03-07T06:58:08
12579,402,2026-04-06T16:22:26
12580,370,2026-03-08T05:20:37
12581,377,2026-03-14T05:52:37
12582,52,2026-04-15T10:19:29
12583,643,2026-03-15T16:38:56
12584,684,2026-04-21T01:37:13
12585,414,2026-03-03T01:26:50
12586,4,2026-03-27T22:39:26
12587,278,2026-03-05T06:43:38
12588,503,2026-03-04T14:11:25
12589,525,2026-04-17T10:11:21
12590,171,2026-03-05T02:27:34
12591,576,2026-04-23T12:51:32
12592,678,2026-04-05T06:22:44
12593,357,2026-03-29T00:28:04
12594,268,2026-04-25T09:25:05
12595,369,2026-03-24T21:47:22
12596,20,2026-03-24T09:08:12
12597,367,2026-03-25T07:36:43
12598,19,2026-04-09T14:38:38
12599,25,2026-04-20T04:12:08
12600,388,2026-04-02T03:11:07
12601,358,2026-03-17T11:42:50
12602,691,2026-04-23T02:01:39
12603,356,2026-04-05T15:12:53
12604,686,2026-04-19T09:29:39
12605,565,2026-03-26T00:00:24
12606,237,2026-03-12T02:02:20
12607,649,2026-04-26T11:37:49
12608,338,2026-04-10T01:39:59
12609,417,2026-03-19T09:57:26
12610,71,2026-04-20T16:35:28
12611,149,2026-03-01T12:06:23
12612,366,2026-04-25T03:34:57
12613,190,2026-04-04T06:01:07
12614,420,2026-04-05T07:05:10
12615,56,2026-03-01T13:13:49
12616,176,2026-03-11T16:07:56
12617,466,2026-04-13T09:58:16
12618,429,2026-04-03T15:39:34
12619,689,2026-03-08T06:35:17
12620,630,2026-04-09T14:01:59
12621,568,2026-04-14T10:08:04
12622,1,2026-03-17T04:06:35
12623,422,2026-04-11T11:37:35
12624,161,2026-04-28T00:45:55
12625,187,2026-03-29T15:36:33
12626,147,2026-03-14T05:10:20
12627,320,2026-04-26T23:15:29
12628,87,2026-04-24T10:29:37
12629,373,2026-03-28T06:26:50
12630,117,2026-03-26T00:05:01
12631,351,2026-04-20T02:25:43
12632,439,2026-03-01T01:14:34
12633,126,2026-03-19T12:11:11
12634,72,2026-04-02T07:52:22
12635,565,2026-04-08T23:07:33
12636,517,2026-04-07T05:45:49
12637,184,2026-03-23T15:03:50
12638,621,2026-04-22T04:11:29
12639,155,2026-04-08T15:53:41
12640,649,2026-04-02T14:12:31
12641,80,2026-04-25T23:03:40
12642,463,2026-03-06T05:28:58
12643,14,2026-04-12T12:14:05
12644,139,2026-04-25T05:37:53
12645,284,2026-04-09T08:33:10
12646,60,2026-04-03T06:34:55
12647,320,2026-03-22T03:02:24
12648,163,2026-03-17T04:17:10
12649,70,2026-04-02T08:02:02
12650,674,2026-04-23T12:56:52
12651,688,2026-03-28T04:05:43
12652,674,2026-03-08T10:50:25
12653,108,2026-03-30T11:52:55
12654,268,2026-03-06T09:39:51
12655,230,2026-04-26T10:48:10
12656,229,2026-04-02T07:54:30
12657,292,2026-03-13T12:53:38
12658,358,2026-04-07T09:17:40
12659,340,2026-04-02T03:45:30
12660,205,2026-03-31T12:17:15
12661,686,2026-04-05T06:07:14
12662,686,2026-04-25T07:18:11
12663,232,2026-04-21T05:56:28
12664,155,2026-03-16T16:09:33
12665,373,2026-03-15T04:34:56
12666,259,2026-04-28T23:08:08
12667,692,2026-04-08T04:28:28
12668,301,2026-03-02T01:54:37
12669,28,2026-04-01T15:57:25
12670,88,2026-03-08T17:51:01
12671,53,2026-03-02T06:50:40
12672,268,2026-03-12T09:32:11
12673,222,2026-03-16T05:02:44
12674,600,2026-03-05T17:39:16
12675,624,2026-04-20T11:26:40
12676,99,2026-03-27T06:14:10
12677,662,2026-04-03T14:42:37
12678,409,2026-04-21T13:01:07
12679,215,2026-04-19T23:09:17
12680,285,2026-04-19T00:26:45
12681,309,2026-03-12T06:10:16
12682,120,2026-04-14T18:40:25
12683,608,2026-04-29T15:47:26
12684,9,2026-03-01T14:40:15
12685,49,2026-04-22T11:07:34
12686,192,2026-04-21T08:36:18
12687,101,2026-04-20T07:56:31
12688,44,2026-03-24T03:55:47
12689,269,2026-03-12T10:09:45
12690,264,2026-04-13T10:12:13
12691,88,2026-04-07T11:10:41
12692,568,2026-04-13T09:15:45
12693,618,2026-03-16T04:54:33
12694,504,2026-03-11T08:04:43
12695,366,2026-04-24T02:33:25
12696,664,2026-03-31T11:56:04
12697,246,2026-04-21T15:49:34
12698,299,2026-04-25T13:27:54
12699,11,2026-03-28T03:32:28
12700,496,2026-03-16T15:24:33
12701,65,2026-04-23T16:40:40
12702,466,2026-04-12T10:59:50
12703,548,2026-04-09T17:34:29
12704,152,2026-04-27T07:25:19
12705,429,2026-03-15T17:54:37
12706,213,2026-03-21T23:20:41
12707,279,2026-03-03T06:03:40
12708,371,2026-03-24T04:12:36
12709,175,2026-03-27T16:39:59
12710,558,2026-03-28T06:26:16
12711,277,2026-03-10T03:53:18
12712,324,2026-04-18T09:41:51
12713,571,2026-03-30T01:34:10
12714,160,2026-03-27T07:54:48
12715,317,2026-04-21T15:44:14
12716,696,2026-03-30T16:11:40
12717,280,2026-04-23T04:42:51
12718,81,2026-03-14T02:41:52
12719,200,2026-04-21T08:56:36
12720,670,2026-04-29T07:00:13
12721,532,2026-04-15T15:09:20
12722,567,2026-04-23T16:48:42
12723,178,2026-04-14T01:57:38
12724,588,2026-04-06T22:16:17
12725,276,2026-04-14T22:57:34
12726,557,2026-04-27T02:02:56
12727,617,2026-04-06T06:42:03
12728,146,2026-04-11T11:23:33
12729,657,2026-03-05T00:38:33
12730,443,2026-04-27T02:53:50
12731,512,2026-04-16T04:34:15
12732,530,2026-03-10T14:13:10
12733,118,2026-03-18T07:57:26
12734,522,2026-03-14T07:17:19
12735,150,2026-03-20T00:30:53
12736,191,2026-04-23T03:10:45
12737,82,2026-03-28T02:52:23
12738,127,2026-03-26T11:58:21
12739,686,2026-04-16T06:22:00
12740,230,2026-03-23T08:25:05
12741,271,2026-04-23T00:27:33
12742,336,2026-04-15T08:56:39
12743,500,2026-03-16T02:36:47
12744,402,2026-04-07T16:05:06
12745,376,2026-03-29T07:45:09
12746,586,2026-03-21T04:26:33
12747,348,2026-04-24T04:04:05
12748,539,2026-03-24T07:28:50
12749,638,2026-03-08T13:03:26
12750,474,2026-03-25T09:15:35
12751,25,2026-04-01T06:44:46
12752,185,2026-03-08T17:29:30
12753,433,2026-04-14T05:26:04
12754,336,2026-03-14T08:21:13
12755,200,2026-03-06T15:52:20
12756,235,2026-04-02T16:14:09
12757,55,2026-03-10T17:56:30
12758,165,2026-04-16T02:21:01
12759,548,2026-03-05T15:23:08
12760,8,2026-03-26T12:38:48
12761,586,2026-03-04T02:45:07
12762,238,2026-03-24T16:28:01
12763,566,2026-04-25T07:38:26
12764,180,2026-04-09T14:24:51
12765,581,2026-04-02T07:46:14
12766,401,2026-03-10T07:51:23
12767,597,2026-03-19T06:51:45
12768,44,2026-03-22T23:38:54
12769,559,2026-04-04T03:16:17
12770,190,2026-03-13T13:38:09
12771,252,2026-04-29T13:37:14
12772,32,2026-04-09T10:13:48
12773,668,2026-03-18T23:51:20
12774,449,2026-03-07T11:45:51
12775,687,2026-04-05T02:26:29
12776,398,2026-03-27T00:02:25
12777,111,2026-04-10T16:43:43
12778,237,2026-04-05T04:12:58
12779,308,2026-04-08T08:44:44
12780,104,2026-04-20T13:24:12
12781,653,2026-04-01T00:42:19
12782,671,2026-04-13T13:53:06
12783,395,2026-03-22T21:05:35
12784,410,2026-04-26T04:01:58
12785,493,2026-03-25T17:40:18
12786,476,2026-04-10T05:26:15
12787,44,2026-04-29T03:41:55
12788,372,2026-03-21T13:07:01
12789,544,2026-03-07T10:52:12
12790,565,2026-03-13T22:13:23
12791,418,2026-03-15T10:07:56
12792,628,2026-03-04T08:24:59
12793,411,2026-04-01T21:49:53
12794,268,2026-03-17T13:05:50
12795,310,2026-03-06T12:30:01
12796,484,2026-03-09T05:49:05
12797,621,2026-03-17T05:31:53
12798,161,2026-03-22T23:04:21
12799,206,2026-04-28T01:12:09
12800,457,2026-04-12T09:35:32
12801,535,2026-04-12T14:38:55
12802,280,2026-04-11T03:09:47
12803,451,2026-04-18T12:23:25
12804,5,2026-03-20T04:06:11
12805,205,2026-03-06T14:34:45
12806,669,2026-03-31T03:27:05
12807,404,2026-03-01T16:39:06
12808,608,2026-03-14T13:20:44
12809,153,2026-04-15T11:59:11
12810,204,2026-03-31T05:02:01
12811,683,2026-04-11T17:14:59
12812,699,2026-03-31T05:03:30
12813,614,2026-04-02T07:51:47
12814,222,2026-03-18T23:17:42
12815,562,2026-03-14T06:01:49
12816,322,2026-03-16T01:46:40
12817,591,2026-04-17T07:53:42
12818,596,2026-04-28T04:51:30
12819,305,2026-03-05T03:12:09
12820,214,2026-04-02T05:03:46
12821,683,2026-03-29T18:17:29
12822,316,2026-04-03T07:10:35
12823,303,2026-03-14T11:46:18
12824,466,2026-03-01T09:20:49
12825,656,2026-03-13T11:26:45
12826,92,2026-03-11T19:39:34
12827,690,2026-03-04T06:26:10
12828,296,2026-03-22T08:17:25
12829,18,2026-04-11T06:13:15
12830,217,2026-04-27T07:13:35
12831,324,2026-04-09T06:07:04
12832,474,2026-03-11T11:35:25
12833,397,2026-03-22T15:13:58
12834,96,2026-03-19T05:40:12
12835,342,2026-03-13T15:21:29
12836,163,2026-04-29T07:29:28
12837,189,2026-04-09T16:50:51
12838,498,2026-03-29T05:40:56
12839,563,2026-03-27T18:17:50
12840,110,2026-03-20T08:00:35
12841,422,2026-03-26T15:43:25
12842,296,2026-04-08T08:19:43
12843,236,2026-04-25T06:04:03
12844,500,2026-03-30T00:36:39
12845,175,2026-03-12T13:48:18
12846,536,2026-04-27T13:39:27
12847,281,2026-03-19T06:49:38
12848,67,2026-03-05T07:11:24
12849,555,2026-04-02T02:51:17
12850,597,2026-04-17T02:19:11
12851,395,2026-03-16T19:31:24
12852,507,2026-03-17T01:13:00
12853,104,2026-03-18T09:36:51
12854,238,2026-04-18T16:53:51
12855,245,2026-04-27T00:58:40
12856,535,2026-04-20T14:17:16
12857,247,2026-03-14T12:24:45
12858,510,2026-04-20T12:52:35
12859,215,2026-03-18T23:18:15
12860,421,2026-04-21T23:53:27
12861,147,2026-04-29T04:32:04
12862,391,2026-04-13T07:31:06
12863,57,2026-04-27T11:56:22
12864,515,2026-03-09T18:52:02
12865,21,2026-04-09T10:55:52
12866,700,2026-03-04T00:04:56
12867,588,2026-04-09T12:06:19
12868,405,2026-03-21T08:07:21
12869,637,2026-04-28T06:32:46
12870,567,2026-03-30T14:24:18
12871,100,2026-04-15T08:13:47
12872,521,2026-03-19T01:41:05
12873,265,2026-03-05T09:13:31
12874,600,2026-04-14T16:58:00
12875,605,2026-03-13T20:21:43
12876,669,2026-04-13T02:28:43
12877,316,2026-03-28T07:03:27
12878,136,2026-04-28T07:00:53
12879,88,2026-03-22T13:09:39
12880,116,2026-03-25T16:10:15
12881,695,2026-04-14T02:05:35
12882,411,2026-04-17T04:26:26
12883,247,2026-03-08T16:42:41
12884,315,2026-04-14T14:41:37
12885,122,2026-03-30T05:48:46
12886,400,2026-04-28T21:35:10
12887,298,2026-04-07T06:08:01
12888,559,2026-04-16T02:52:22
12889,15,2026-03-21T06:50:04
12890,653,2026-03-18T02:15:29
12891,43,2026-04-17T04:51:21
12892,293,2026-03-01T15:32:38
12893,239,2026-04-04T14:23:40
12894,503,2026-04-28T13:08:58
12895,461,2026-04-29T09:56:00
12896,138,2026-04-12T05:38:29
12897,344,2026-03-30T16:26:47
12898,375,2026-04-18T19:45:15
12899,325,2026-03-01T05:46:51
12900,16,2026-04-17T14:30:39
12901,125,2026-03-12T08:12:29
12902,353,2026-04-14T09:26:06
12903,183,2026-03-21T04:36:34
12904,382,2026-04-15T01:11:00
12905,115,2026-04-06T05:07:18
12906,515,2026-04-25T19:56:22
12907,132,2026-04-17T01:34:05
12908,455,2026-04-24T15:36:04
12909,586,2026-03-10T02:26:53
12910,251,2026-03-23T15:48:28
12911,98,2026-03-27T06:22:05
12912,5,2026-03-02T04:01:19
12913,253,2026-03-02T17:46:35
12914,81,2026-03-03T01:15:53
12915,618,2026-04-16T07:45:26
12916,682,2026-03-27T11:28:10
12917,687,2026-04-14T22:21:28
12918,646,2026-04-20T04:32:41
12919,411,2026-03-03T03:26:07
12920,228,2026-04-20T08:24:37
12921,313,2026-03-14T01:16:20
12922,182,2026-03-25T01:20:59
12923,589,2026-04-27T05:19:26
12924,306,2026-03-19T05:27:34
12925,270,2026-04-26T18:58:42
12926,483,2026-03-31T05:21:48
12927,262,2026-03-01T10:37:03
12928,250,2026-04-19T15:02:21
12929,160,2026-03-02T23:00:00
12930,48,2026-04-08T14:41:04
12931,27,2026-03-28T09:40:28
12932,282,2026-03-09T14:46:24
12933,697,2026-03-31T10:33:43
12934,183,2026-03-22T05:18:40
12935,449,2026-03-06T12:05:55
12936,228,2026-04-03T05:57:15
12937,212,2026-03-03T13:11:32
12938,115,2026-04-02T09:59:08
12939,395,2026-03-14T15:16:25
12940,462,2026-04-19T11:34:06
12941,246,2026-04-27T16:05:54
12942,369,2026-04-25T21:47:31
12943,334,2026-04-26T06:24:04
12944,190,2026-03-07T05:32:20
12945,485,2026-03-31T10:07:46
12946,388,2026-03-14T00:15:45
12947,47,2026-03-06T06:24:44
12948,345,2026-03-24T00:04:38
12949,273,2026-03-26T00:44:59
12950,558,2026-03-18T04:20:56
12951,215,2026-03-07T04:44:24
12952,670,2026-03-25T05:11:58
12953,431,2026-03-10T18:02:41
12954,92,2026-03-03T14:55:00
12955,283,2026-03-28T07:13:44
12956,619,2026-03-04T05:58:14
12957,179,2026-04-27T14:41:51
12958,494,2026-04-20T12:31:14
12959,549,2026-04-25T08:38:28
12960,485,2026-03-07T08:33:52
12961,64,2026-03-28T10:22:47
12962,263,2026-04-19T17:55:07
12963,244,2026-04-04T15:03:58
12964,241,2026-03-19T14:44:25
12965,616,2026-04-19T16:37:31
12966,4,2026-03-19T00:09:03
12967,378,2026-04-28T13:39:01
12968,688,2026-03-07T01:57:28
12969,613,2026-04-12T17:17:21
12970,425,2026-03-01T13:34:02
12971,699,2026-04-24T06:22:05
12972,282,2026-03-22T18:01:43
12973,428,2026-03-02T05:03:35
12974,381,2026-04-20T13:11:31
12975,34,2026-04-28T02:38:34
12976,29,2026-04-25T06:47:59
12977,628,2026-03-30T07:04:27
12978,122,2026-03-04T08:07:59
12979,249,2026-03-14T15:51:17
12980,437,2026-03-02T00:51:47
12981,403,2026-03-03T21:31:37
12982,360,2026-03-10T04:47:17
12983,686,2026-04-03T08:12:07
12984,551,2026-04-15T07:02:06
12985,660,2026-04-05T12:54:39
12986,462,2026-03-13T14:19:09
12987,686,2026-04-06T08:21:37
12988,422,2026-03-14T17:30:41
12989,380,2026-03-28T09:36:44
12990,571,2026-04-23T00:04:08
12991,609,2026-03-09T02:35:07
12992,48,2026-04-22T12:34:17
12993,638,2026-03-17T11:44:29
12994,484,2026-04-10T05:58:05
12995,629,2026-03-16T08:43:29
12996,501,2026-03-10T04:36:03
12997,649,2026-03-28T09:53:08
12998,193,2026-03-23T14:29:23
12999,132,2026-03-30T23:03:34
13000,137,2026-03-15T14:52:24
13001,177,2026-04-28T05:58:42
13002,150,2026-04-10T00:57:11
13003,310,2026-04-20T15:54:05
13004,139,2026-04-16T07:54:55
13005,111,2026-04-13T17:41:26
13006,367,2026-03-09T05:02:36
13007,556,2026-04-05T05:44:43
13008,95,2026-04-23T16:05:17
13009,358,2026-03-06T11:08:03
13010,462,2026-03-28T15:36:50
13011,494,2026-03-12T11:55:41
13012,74,2026-04-17T08:13:33
13013,514,2026-04-25T07:09:52
13014,19,2026-03-04T11:31:26
13015,166,2026-04-18T05:21:02
13016,224,2026-03-22T13:50:45
13017,598,2026-04-27T15:11:48
13018,135,2026-03-01T17:56:22
13019,548,2026-03-12T15:15:11
13020,693,2026-04-13T00:20:48
13021,672,2026-04-16T03:40:03
13022,213,2026-03-05T04:50:00
13023,67,2026-03-10T04:28:50
13024,156,2026-03-21T15:30:14
13025,539,2026-03-03T07:38:47
13026,138,2026-04-16T03:39:31
13027,452,2026-04-10T05:47:55
13028,262,2026-04-14T11:07:50
13029,537,2026-03-29T14:57:28
13030,425,2026-04-08T14:03:44
13031,410,2026-04-04T06:14:09
13032,548,2026-04-11T12:46:56
13033,669,2026-03-28T01:16:55
13034,256,2026-04-09T11:35:15
13035,371,2026-04-08T04:09:31
13036,439,2026-04-08T01:49:55
13037,577,2026-04-22T07:18:19
13038,338,2026-03-21T02:06:06
13039,263,2026-04-22T12:06:58
13040,593,2026-03-02T00:10:11
13041,668,2026-03-30T01:43:09
13042,399,2026-03-27T16:03:28
13043,73,2026-04-22T06:35:27
13044,203,2026-03-03T06:39:12
13045,325,2026-03-14T06:19:52
13046,493,2026-03-29T21:36:01
13047,469,2026-04-18T04:17:55
13048,575,2026-03-28T17:25:38
13049,21,2026-04-08T09:01:15
13050,326,2026-03-11T03:08:24
13051,491,2026-04-26T13:06:04
13052,692,2026-04-17T07:01:55
13053,100,2026-03-03T08:20:42
13054,616,2026-04-12T21:15:59
13055,6,2026-03-08T11:15:02
13056,138,2026-04-03T02:00:55
13057,593,2026-04-12T06:47:49
13058,551,2026-04-25T10:56:30
13059,681,2026-03-05T12:44:37
13060,421,2026-03-18T02:10:18
13061,432,2026-04-10T23:46:30
13062,375,2026-03-16T17:15:57
13063,359,2026-04-12T10:18:48
13064,360,2026-03-12T06:47:22
13065,205,2026-03-10T15:12:33
13066,598,2026-04-02T12:59:22
13067,250,2026-04-11T16:51:20
13068,428,2026-03-13T11:37:38
13069,469,2026-04-22T08:30:25
13070,377,2026-04-22T01:15:38
13071,429,2026-03-05T14:39:58
13072,35,2026-03-19T03:27:06
13073,222,2026-04-03T04:38:24
13074,314,2026-03-29T23:03:11
13075,276,2026-03-16T01:22:03
13076,636,2026-04-01T08:06:00
13077,628,2026-04-27T04:24:22
13078,499,2026-03-19T14:42:05
13079,247,2026-03-14T13:06:43
13080,36,2026-04-14T05:49:20
13081,529,2026-04-04T03:49:13
13082,619,2026-04-10T23:16:56
13083,343,2026-04-08T22:11:37
13084,579,2026-04-15T03:44:47
13085,652,2026-04-13T09:45:46
13086,383,2026-04-06T07:38:13
13087,147,2026-03-28T02:08:37
13088,16,2026-03-28T14:30:06
13089,530,2026-03-16T13:15:31
13090,394,2026-03-27T04:17:59
13091,108,2026-04-06T16:34:12
13092,39,2026-04-12T17:59:43
13093,679,2026-04-16T03:11:03
13094,225,2026-03-23T06:14:31
13095,229,2026-04-13T14:14:07
13096,441,2026-03-27T09:12:58
13097,256,2026-03-22T07:56:26
13098,640,2026-03-10T09:06:57
13099,477,2026-03-16T13:11:54
13100,251,2026-04-10T17:39:06
13101,187,2026-03-13T15:21:30
13102,603,2026-03-05T01:54:38
13103,415,2026-03-17T16:35:25
13104,643,2026-04-29T13:08:41
13105,242,2026-03-09T00:28:26
13106,15,2026-03-09T10:06:51
13107,630,2026-03-25T17:25:37
13108,168,2026-03-23T17:54:29
13109,592,2026-04-25T07:28:51
13110,497,2026-03-15T16:39:40
13111,163,2026-03-26T08:23:16
13112,530,2026-03-18T12:58:21
13113,58,2026-03-15T06:35:05
13114,275,2026-03-20T00:42:24
13115,250,2026-03-16T16:47:33
13116,460,2026-04-13T11:46:33
13117,375,2026-04-17T17:56:47
13118,429,2026-03-11T19:27:12
13119,334,2026-03-30T06:09:23
13120,518,2026-03-16T15:14:47
13121,113,2026-04-22T07:14:43
13122,504,2026-03-07T11:34:29
13123,36,2026-03-25T04:05:47
13124,61,2026-03-20T07:21:51
13125,507,2026-03-22T01:43:25
13126,111,2026-04-26T14:28:47
13127,540,2026-04-02T05:20:13
13128,93,2026-03-23T10:30:33
13129,103,2026-04-18T15:07:14
13130,653,2026-04-16T01:01:41
13131,125,2026-03-09T08:43:21
13132,640,2026-03-28T12:36:50
13133,244,2026-03-25T15:41:54
13134,559,2026-03-27T01:21:20
13135,658,2026-03-21T08:13:02
13136,82,2026-04-19T06:48:43
13137,232,2026-04-29T01:43:54
13138,402,2026-03-02T18:03:55
13139,606,2026-04-21T10:58:13
13140,132,2026-04-21T02:33:01
13141,131,2026-03-22T00:17:04
13142,258,2026-03-30T10:21:29
13143,144,2026-03-07T19:32:16
13144,187,2026-03-22T12:05:08
13145,91,2026-03-15T10:04:11
13146,581,2026-04-24T08:24:23
13147,558,2026-03-07T08:57:03
13148,102,2026-03-21T07:24:49
13149,376,2026-03-29T04:51:57
13150,453,2026-04-28T17:45:11
13151,440,2026-04-19T08:50:34
13152,689,2026-04-26T12:09:02
13153,449,2026-03-19T13:59:05
13154,481,2026-03-17T04:49:17
13155,24,2026-04-04T12:51:50
13156,56,2026-03-21T09:02:46
13157,434,2026-03-01T13:15:42
13158,636,2026-04-18T08:30:06
13159,280,2026-03-06T07:37:13
13160,451,2026-03-12T06:38:35
13161,148,2026-04-26T01:58:22
13162,320,2026-04-13T00:00:44
13163,526,2026-04-08T11:15:33
13164,462,2026-03-08T20:04:34
13165,80,2026-03-16T02:31:34
13166,616,2026-03-13T13:16:56
13167,649,2026-04-08T12:37:33
13168,334,2026-03-31T08:22:45
13169,239,2026-03-22T12:15:29
13170,372,2026-04-14T17:20:05
13171,561,2026-04-16T09:37:32
13172,317,2026-04-14T15:58:51
13173,22,2026-03-06T22:10:45
13174,51,2026-04-06T16:10:32
13175,569,2026-03-13T12:57:57
13176,551,2026-03-17T10:53:58
13177,541,2026-04-28T15:53:56
13178,89,2026-03-25T12:56:59
13179,120,2026-04-17T14:12:19
13180,277,2026-03-14T22:10:09
13181,162,2026-04-28T00:39:26
13182,271,2026-03-17T03:45:14
13183,391,2026-03-11T08:49:09
13184,197,2026-03-20T15:59:39
13185,87,2026-03-11T07:53:06
13186,282,2026-04-05T14:14:03
13187,506,2026-03-09T09:17:11
13188,433,2026-03-13T00:30:24
13189,226,2026-04-12T02:17:39
13190,218,2026-03-02T23:45:59
13191,409,2026-03-27T16:49:37
13192,121,2026-04-11T05:44:31
13193,584,2026-03-27T02:00:17
13194,609,2026-03-02T08:49:19
13195,18,2026-03-10T08:17:37
13196,680,2026-04-28T09:20:11
13197,17,2026-04-16T14:33:04
13198,322,2026-03-22T02:07:45
13199,468,2026-04-22T12:43:58
13200,229,2026-03-01T09:40:55
13201,143,2026-03-03T14:26:40
13202,34,2026-04-23T06:20:55
13203,510,2026-04-10T11:17:45
13204,26,2026-04-05T03:38:03
13205,339,2026-03-21T07:59:23
13206,276,2026-04-19T05:28:04
13207,678,2026-04-06T07:58:15
13208,652,2026-03-27T07:27:59
13209,573,2026-03-23T14:00:49
13210,512,2026-03-22T04:52:57
13211,381,2026-04-04T11:21:28
13212,245,2026-04-09T02:38:13
13213,117,2026-04-18T02:28:22
13214,678,2026-03-25T12:37:11
13215,270,2026-03-16T17:45:57
13216,301,2026-04-03T03:58:35
13217,99,2026-04-05T12:57:02
13218,194,2026-03-17T01:16:19
13219,445,2026-03-05T04:01:29
13220,299,2026-03-20T11:41:43
13221,411,2026-03-05T03:12:53
13222,149,2026-03-05T13:21:12
13223,58,2026-04-27T08:45:42
13224,620,2026-04-16T02:35:48
13225,303,2026-03-03T14:35:46
13226,253,2026-03-21T15:49:16
13227,201,2026-03-16T10:37:20
13228,461,2026-04-28T11:55:08
13229,395,2026-03-27T19:11:34
13230,273,2026-03-15T23:25:20
13231,652,2026-04-08T03:26:24
13232,632,2026-03-29T01:49:01
13233,139,2026-03-12T07:50:56
13234,450,2026-03-19T01:20:38
13235,678,2026-03-08T09:55:14
13236,342,2026-04-11T12:39:04
13237,22,2026-04-28T04:14:23
13238,93,2026-04-18T09:52:08
13239,468,2026-03-23T10:10:11
13240,632,2026-03-30T02:41:47
13241,90,2026-03-04T04:55:03
13242,383,2026-03-23T03:42:30
13243,348,2026-03-02T10:30:46
13244,200,2026-04-14T08:50:35
13245,443,2026-04-23T23:11:07
13246,615,2026-03-12T15:15:16
13247,168,2026-04-10T14:38:10
13248,39,2026-04-05T16:44:58
13249,252,2026-03-26T12:16:40
13250,220,2026-04-14T16:38:59
13251,510,2026-04-10T14:47:08
13252,376,2026-03-17T13:32:21
13253,13,2026-04-17T09:09:21
13254,238,2026-04-09T16:58:47
13255,515,2026-03-19T17:21:04
13256,334,2026-04-14T07:24:48
13257,395,2026-04-08T16:34:28
13258,186,2026-03-08T08:14:54
13259,224,2026-03-10T07:04:19
13260,92,2026-03-20T15:50:51
13261,58,2026-03-03T06:45:53
13262,26,2026-03-25T01:11:26
13263,438,2026-03-28T05:30:53
13264,111,2026-04-16T15:44:21
13265,402,2026-03-11T16:59:39
13266,668,2026-04-04T04:55:56
13267,489,2026-04-09T05:03:10
13268,403,2026-03-27T15:49:24
13269,82,2026-04-24T02:08:03
13270,343,2026-03-20T17:37:31
13271,624,2026-03-25T16:35:16
13272,270,2026-03-01T19:55:05
13273,579,2026-03-25T02:34:54
13274,496,2026-03-02T16:29:17
13275,187,2026-04-29T16:36:43
13276,99,2026-03-15T11:04:09
13277,12,2026-04-18T01:01:15
13278,194,2026-03-08T04:44:04
13279,234,2026-03-17T18:29:42
13280,460,2026-03-08T10:43:22
13281,401,2026-03-23T06:29:54
13282,336,2026-04-06T07:51:30
13283,507,2026-03-26T01:18:11
13284,540,2026-04-06T09:24:46
13285,500,2026-04-18T02:15:52
13286,628,2026-03-03T10:08:36
13287,252,2026-03-26T16:07:41
13288,577,2026-04-05T10:06:49
13289,295,2026-04-01T10:05:06
13290,129,2026-03-09T10:20:13
13291,103,2026-03-13T16:26:46
13292,65,2026-03-23T16:47:47
13293,669,2026-04-09T06:49:11
13294,119,2026-04-28T23:31:03
13295,585,2026-03-23T02:35:32
13296,549,2026-04-01T14:10:16
13297,308,2026-03-19T10:15:09
13298,640,2026-03-03T13:14:26
13299,636,2026-03-24T12:29:15
13300,648,2026-03-21T00:20:57
13301,348,2026-03-10T03:12:48
13302,209,2026-04-10T04:28:05
13303,31,2026-03-16T11:07:57
13304,589,2026-03-14T06:50:15
13305,612,2026-03-24T05:45:09
13306,376,2026-04-27T10:59:09
13307,50,2026-04-08T11:16:22
13308,576,2026-03-26T14:35:25
13309,209,2026-04-19T07:48:54
13310,384,2026-03-02T10:23:19
13311,462,2026-03-21T15:56:41
13312,103,2026-04-02T14:11:05
13313,44,2026-03-30T04:10:49
13314,56,2026-04-10T13:30:28
13315,672,2026-04-11T23:21:34
13316,671,2026-03-28T11:36:29
13317,299,2026-04-25T11:51:44
13318,299,2026-04-25T10:19:37
13319,285,2026-03-28T23:44:21
13320,246,2026-04-24T12:19:50
13321,381,2026-04-08T10:02:06
13322,250,2026-03-09T17:49:58
13323,432,2026-03-08T00:31:37
13324,266,2026-03-05T06:39:06
13325,441,2026-03-13T06:22:29
13326,662,2026-03-19T12:27:20
13327,145,2026-03-05T10:49:03
13328,44,2026-04-06T04:33:58
13329,369,2026-03-25T12:08:52
13330,84,2026-04-06T02:30:34
13331,162,2026-03-31T01:08:07
13332,553,2026-03-17T07:10:23
13333,293,2026-04-06T16:59:43
13334,385,2026-04-26T23:52:26
13335,544,2026-03-20T08:52:32
13336,90,2026-03-19T00:05:50
13337,336,2026-03-31T07:59:10
13338,25,2026-04-18T00:12:51
13339,350,2026-03-31T23:10:58
13340,157,2026-04-19T08:33:17
13341,638,2026-03-05T09:22:55
13342,183,2026-03-06T09:27:18
13343,141,2026-03-25T15:51:42
13344,10,2026-03-14T02:35:41
13345,94,2026-03-02T08:17:56
13346,152,2026-03-13T10:55:04
13347,160,2026-03-17T03:42:35
13348,517,2026-04-25T05:17:50
13349,622,2026-04-16T05:03:05
13350,599,2026-03-22T16:09:00
13351,670,2026-04-27T07:12:03
13352,629,2026-04-20T07:07:27
13353,319,2026-03-16T16:55:33
13354,273,2026-03-29T04:03:47
13355,455,2026-04-25T13:56:25
13356,224,2026-03-28T08:47:54
13357,423,2026-03-23T06:04:06
13358,700,2026-04-23T20:27:37
13359,139,2026-04-09T07:00:27
13360,539,2026-03-27T06:15:31
13361,655,2026-04-22T08:16:30
13362,377,2026-04-14T06:40:41
13363,250,2026-03-21T15:11:42
13364,179,2026-03-26T13:46:50
13365,118,2026-03-03T08:42:22
13366,225,2026-03-07T04:56:00
13367,523,2026-04-27T07:33:09
13368,361,2026-03-04T07:23:36
13369,156,2026-04-20T20:43:09
13370,380,2026-03-13T08:41:46
13371,567,2026-04-02T14:12:00
13372,10,2026-04-13T07:16:55
13373,15,2026-04-29T06:38:59
13374,672,2026-03-23T01:51:23
13375,524,2026-04-25T03:31:51
13376,403,2026-03-28T16:54:54
13377,635,2026-04-22T01:32:48
13378,413,2026-03-07T07:37:37
13379,365,2026-03-17T13:21:12
13380,149,2026-04-07T13:39:20
13381,568,2026-04-12T09:04:21
13382,536,2026-04-18T12:39:59
13383,207,2026-03-22T15:24:38
13384,517,2026-04-07T09:35:03
13385,509,2026-04-07T01:59:09
13386,67,2026-04-29T02:26:52
13387,113,2026-03-08T05:40:29
13388,417,2026-03-01T13:44:31
13389,437,2026-04-04T03:10:55
13390,461,2026-03-01T12:58:35
13391,262,2026-03-12T13:33:24
13392,585,2026-03-31T01:44:49
13393,312,2026-03-17T08:07:20
13394,145,2026-03-16T06:18:55
13395,81,2026-03-21T04:56:04
13396,615,2026-04-11T15:30:53
13397,496,2026-03-22T12:01:07
13398,324,2026-04-17T10:35:27
13399,147,2026-03-10T00:51:12
13400,68,2026-03-07T12:04:42
13401,107,2026-03-10T16:11:27
13402,74,2026-04-25T10:29:45
13403,371,2026-03-17T09:24:33
13404,139,2026-03-02T01:06:20
13405,90,2026-03-18T21:11:43
13406,198,2026-04-11T13:30:18
13407,490,2026-03-22T17:35:13
13408,348,2026-03-24T05:05:49
13409,108,2026-03-06T15:43:59
13410,525,2026-04-10T12:21:32
13411,343,2026-03-14T15:59:57
13412,131,2026-03-06T01:57:13
13413,484,2026-04-12T06:37:00
13414,695,2026-04-26T01:00:52
13415,379,2026-04-06T09:07:49
13416,114,2026-04-26T08:16:29
13417,217,2026-03-25T08:26:51
13418,420,2026-04-01T02:22:52
13419,700,2026-03-22T02:46:21
13420,651,2026-03-31T16:35:09
13421,654,2026-04-23T04:17:36
13422,583,2026-04-08T01:57:53
13423,403,2026-03-02T18:53:34
13424,454,2026-04-04T12:38:24
13425,514,2026-03-23T06:13:14
13426,501,2026-04-01T23:53:17
13427,448,2026-04-03T01:43:45
13428,94,2026-04-05T06:09:22
13429,616,2026-04-21T15:10:30
13430,7,2026-04-21T10:17:36
13431,299,2026-04-28T15:37:18
13432,304,2026-04-06T09:53:18
13433,698,2026-03-18T14:08:43
13434,63,2026-03-12T04:00:38
13435,334,2026-04-20T08:40:46
13436,251,2026-04-24T15:27:30
13437,69,2026-03-03T15:04:00
13438,157,2026-03-13T09:27:39
13439,296,2026-04-10T13:02:00
13440,642,2026-03-10T04:56:20
13441,272,2026-03-04T15:51:44
13442,617,2026-04-29T04:26:15
13443,514,2026-03-06T08:49:52
13444,574,2026-03-13T10:54:40
13445,598,2026-04-29T11:01:54
13446,500,2026-03-07T03:35:31
13447,514,2026-04-17T09:13:27
13448,108,2026-04-03T15:17:08
13449,502,2026-04-02T10:38:53
13450,34,2026-04-19T07:08:39
13451,517,2026-03-02T06:55:48
13452,458,2026-03-04T11:29:16
13453,530,2026-03-12T09:52:12
13454,450,2026-03-30T08:01:21
13455,259,2026-04-27T06:47:28
13456,259,2026-03-04T22:20:51
13457,418,2026-03-26T08:42:16
13458,331,2026-03-26T05:31:12
13459,239,2026-03-12T15:34:07
13460,343,2026-03-21T12:33:25
13461,376,2026-03-13T08:28:06
13462,168,2026-03-09T15:26:05
13463,447,2026-04-01T07:58:21
13464,220,2026-04-25T17:57:27
13465,188,2026-03-25T00:35:24
13466,293,2026-04-08T13:08:55
13467,73,2026-04-10T09:03:55
13468,423,2026-04-20T04:59:33
13469,514,2026-04-19T06:11:56
13470,670,2026-04-24T05:41:52
13471,199,2026-04-17T22:42:02
13472,377,2026-04-25T02:49:32
13473,353,2026-04-27T08:18:20
13474,512,2026-04-14T06:38:03
13475,438,2026-03-30T07:27:39
13476,565,2026-03-19T03:12:30
13477,596,2026-04-04T04:43:36
13478,80,2026-04-19T01:45:13
13479,249,2026-04-15T14:31:50
13480,458,2026-04-01T06:50:25
13481,381,2026-03-05T12:37:14
13482,338,2026-03-17T06:45:14
13483,122,2026-04-04T05:45:16
13484,401,2026-03-24T05:52:06
13485,519,2026-03-28T16:38:52
13486,27,2026-03-19T12:03:12
13487,415,2026-03-05T19:57:44
13488,635,2026-03-28T02:57:24
13489,402,2026-03-27T13:43:07
13490,667,2026-04-16T08:56:49
13491,247,2026-03-07T12:12:48
13492,3,2026-03-30T03:53:46
13493,478,2026-04-21T05:07:21
13494,149,2026-03-17T09:38:02
13495,7,2026-03-19T09:30:47
13496,127,2026-03-06T10:50:46
13497,654,2026-04-04T04:32:52
13498,547,2026-04-21T02:36:01
13499,193,2026-03-29T16:19:50
13500,419,2026-03-26T06:29:04
13501,238,2026-04-14T13:22:01
13502,125,2026-03-27T07:55:45
13503,692,2026-03-24T06:32:44
13504,570,2026-04-15T13:12:23
13505,255,2026-03-18T06:02:43
13506,248,2026-04-20T14:51:19
13507,571,2026-03-16T22:37:07
13508,323,2026-03-31T07:26:22
13509,264,2026-03-16T12:17:53
13510,272,2026-04-07T17:17:31
13511,313,2026-03-27T03:37:43
13512,365,2026-03-15T13:30:36
13513,29,2026-04-14T09:31:39
13514,337,2026-04-26T01:38:40
13515,308,2026-03-02T07:55:06
13516,193,2026-04-04T17:10:05
13517,249,2026-04-13T14:37:07
13518,298,2026-04-13T06:45:09
13519,257,2026-03-14T06:29:41
13520,636,2026-03-07T08:23:26
13521,370,2026-03-31T03:31:21
13522,353,2026-04-08T09:42:51
13523,185,2026-03-18T15:20:28
13524,642,2026-03-22T23:09:45
13525,17,2026-04-01T16:05:37
13526,386,2026-03-27T23:03:11
13527,119,2026-03-30T06:54:22
13528,539,2026-04-10T05:09:17
13529,265,2026-04-29T09:39:43
13530,206,2026-04-17T03:10:22
13531,41,2026-03-01T04:31:33
13532,554,2026-03-21T03:45:51
13533,278,2026-03-01T02:08:22
13534,186,2026-04-22T12:29:58
13535,592,2026-04-08T03:25:12
13536,14,2026-03-14T11:45:04
13537,329,2026-04-20T05:33:11
13538,113,2026-04-03T07:44:29
13539,89,2026-03-04T17:35:01
13540,16,2026-03-10T15:14:21
13541,131,2026-04-18T01:34:19
13542,663,2026-03-18T18:54:19
13543,312,2026-04-01T15:24:11
13544,700,2026-04-22T23:46:29
13545,188,2026-03-18T04:39:16
13546,534,2026-03-01T03:05:43
13547,63,2026-03-06T04:05:34
13548,76,2026-04-24T03:34:35
13549,12,2026-04-04T23:11:46
13550,630,2026-03-20T18:24:25
13551,471,2026-03-05T02:26:10
13552,521,2026-04-11T03:27:43
13553,650,2026-03-03T14:43:56
13554,233,2026-03-06T10:22:24
13555,506,2026-04-05T08:06:42
13556,352,2026-04-08T13:29:39
13557,380,2026-04-04T11:51:02
13558,464,2026-04-24T10:21:10
13559,329,2026-03-17T08:45:41
13560,17,2026-04-03T13:27:20
13561,53,2026-03-19T00:11:15
13562,352,2026-03-22T15:32:34
13563,399,2026-03-10T12:28:33
13564,513,2026-04-17T04:43:55
13565,401,2026-04-12T05:41:58
13566,132,2026-04-12T02:09:01
13567,257,2026-03-09T12:03:27
13568,311,2026-03-08T08:08:43
13569,689,2026-04-16T09:40:20
13570,373,2026-04-09T08:29:29
13571,445,2026-03-02T07:22:41
13572,515,2026-04-09T17:28:44
13573,254,2026-04-28T07:00:56
13574,676,2026-04-15T08:33:06
13575,473,2026-03-17T04:09:26
13576,594,2026-03-19T05:36:35
13577,525,2026-04-15T10:09:53
13578,436,2026-03-25T15:16:25
13579,22,2026-04-14T03:56:03
13580,409,2026-04-27T17:38:18
13581,91,2026-03-25T06:53:55
13582,423,2026-04-04T00:29:01
13583,491,2026-03-30T16:43:56
13584,382,2026-03-31T04:29:31
13585,216,2026-03-05T03:37:12
13586,42,2026-04-29T10:35:20
13587,470,2026-04-02T06:00:21
13588,489,2026-03-14T09:36:55
13589,335,2026-04-04T11:07:48
13590,502,2026-03-24T09:37:45
13591,546,2026-04-19T08:07:00
13592,359,2026-04-15T06:49:05
13593,34,2026-03-23T05:35:52
13594,610,2026-04-12T04:29:18
13595,327,2026-03-02T05:56:11
13596,471,2026-04-28T05:56:15
13597,638,2026-03-31T11:16:39
13598,254,2026-04-09T11:56:41
13599,436,2026-04-08T14:25:16
13600,14,2026-03-19T11:20:34
13601,620,2026-04-11T01:56:49
13602,42,2026-03-24T08:52:21
13603,379,2026-04-10T08:51:07
13604,247,2026-03-06T18:25:13
13605,26,2026-03-09T06:35:58
13606,324,2026-04-25T11:58:26
13607,655,2026-04-14T05:02:43
13608,117,2026-03-07T21:55:15
13609,205,2026-03-13T12:56:51
13610,133,2026-04-02T21:26:11
13611,88,2026-03-01T12:02:06
13612,162,2026-03-25T03:20:48
13613,401,2026-03-20T04:06:36
13614,547,2026-03-09T02:41:58
13615,484,2026-03-18T08:21:31
13616,540,2026-03-18T13:22:45
13617,501,2026-03-05T04:33:31
13618,269,2026-04-08T02:39:03
13619,631,2026-03-17T11:07:22
13620,121,2026-03-02T05:25:56
13621,490,2026-03-02T14:05:56
13622,78,2026-04-27T16:30:27
13623,536,2026-03-08T16:19:51
13624,61,2026-04-24T09:22:15
13625,152,2026-03-10T08:10:18
13626,274,2026-03-06T16:47:46
13627,487,2026-04-02T16:16:04
13628,32,2026-04-22T13:36:00
13629,181,2026-03-05T07:38:14
13630,234,2026-03-20T11:40:01
13631,512,2026-04-15T06:00:33
13632,674,2026-03-05T09:49:45
13633,430,2026-03-11T03:39:38
13634,356,2026-03-19T16:47:09
13635,236,2026-04-18T05:44:50
13636,576,2026-04-18T13:30:28
13637,76,2026-04-12T06:44:18
13638,91,2026-04-09T12:15:31
13639,141,2026-03-02T20:20:09
13640,188,2026-03-15T08:21:59
13641,324,2026-04-25T08:23:27
13642,663,2026-04-13T12:33:19
13643,456,2026-03-15T14:44:41
13644,269,2026-04-12T08:14:18
13645,149,2026-04-13T12:19:45
13646,454,2026-04-14T12:46:28
13647,178,2026-04-28T04:46:52
13648,684,2026-04-02T05:13:29
13649,335,2026-03-04T06:06:38
13650,386,2026-04-19T04:20:32
13651,633,2026-03-01T03:07:58
13652,214,2026-04-08T07:37:52
13653,331,2026-04-17T04:43:27
13654,373,2026-03-08T06:41:42
13655,190,2026-04-17T07:20:12
13656,39,2026-04-18T16:23:51
13657,199,2026-04-09T03:29:36
13658,79,2026-03-20T18:45:23
13659,473,2026-03-13T05:57:53
13660,6,2026-04-12T15:54:46
13661,222,2026-03-10T01:20:10
13662,619,2026-04-10T04:09:57
13663,399,2026-03-11T14:03:17
13664,470,2026-03-21T05:54:04
13665,468,2026-03-31T14:56:20
13666,209,2026-03-10T06:32:26
13667,443,2026-04-17T01:04:04
13668,155,2026-04-11T18:26:35
13669,445,2026-03-01T06:43:26
13670,479,2026-04-20T12:47:35
13671,614,2026-04-13T13:46:29
13672,644,2026-04-20T18:47:30
13673,17,2026-04-06T15:05:09
13674,210,2026-04-07T13:40:49
13675,383,2026-03-24T01:59:37
13676,226,2026-03-13T23:24:12
13677,434,2026-03-15T16:30:06
13678,598,2026-03-19T12:16:57
13679,181,2026-03-18T03:48:31
13680,626,2026-04-14T23:21:48
13681,618,2026-04-01T04:59:28
13682,640,2026-03-25T13:34:17
13683,52,2026-04-13T11:20:17
13684,206,2026-04-13T03:33:01
13685,87,2026-04-26T16:02:32
13686,85,2026-03-19T04:55:43
13687,38,2026-03-15T02:27:06
13688,308,2026-03-01T05:27:01
13689,62,2026-03-10T11:24:09
13690,208,2026-04-06T07:39:29
13691,687,2026-04-18T03:46:31
13692,619,2026-04-06T04:39:34
13693,656,2026-04-29T08:07:50
13694,26,2026-04-07T04:43:58
13695,463,2026-04-22T10:38:53
13696,444,2026-03-17T17:59:18
13697,93,2026-03-20T17:15:27
13698,635,2026-04-18T00:48:43
13699,284,2026-04-09T07:52:15
13700,684,2026-03-30T01:02:57
13701,80,2026-04-27T02:54:07
13702,456,2026-04-15T13:48:27
13703,92,2026-03-18T14:48:45
13704,665,2026-04-06T09:59:07
13705,426,2026-03-24T05:12:59
13706,53,2026-03-25T02:02:07
13707,151,2026-04-18T14:36:15
13708,252,2026-04-10T15:35:23
13709,10,2026-03-01T07:51:38
13710,7,2026-04-04T11:35:19
13711,648,2026-04-07T22:06:34
13712,687,2026-03-31T04:31:18
13713,376,2026-03-18T09:23:20
13714,632,2026-04-08T00:52:29
13715,459,2026-04-26T08:42:17
13716,20,2026-03-06T08:48:32
13717,501,2026-04-06T01:43:25
13718,13,2026-04-24T14:10:15
13719,572,2026-03-25T06:51:24
13720,257,2026-03-21T11:06:26
13721,99,2026-03-15T08:15:29
13722,181,2026-03-14T02:09:39
13723,479,2026-03-24T10:05:17
13724,593,2026-04-16T00:53:33
13725,400,2026-03-10T19:08:26
13726,113,2026-03-14T08:05:45
13727,631,2026-04-29T12:05:37
13728,554,2026-04-29T04:38:16
13729,287,2026-03-14T09:13:12
13730,389,2026-03-26T14:40:22
13731,675,2026-03-24T21:15:21
13732,265,2026-03-18T03:13:33
13733,19,2026-03-10T15:09:14
13734,103,2026-03-04T17:13:54
13735,421,2026-04-06T03:14:50
13736,699,2026-03-03T07:50:36
13737,518,2026-04-07T17:31:39
13738,433,2026-03-06T07:25:17
13739,227,2026-03-10T05:54:33
13740,308,2026-03-01T07:29:02
13741,27,2026-03-24T09:52:08
13742,260,2026-03-20T01:23:30
13743,437,2026-03-20T04:58:05
13744,635,2026-03-19T05:10:57
13745,646,2026-04-26T00:30:44
13746,575,2026-03-26T15:26:40
13747,16,2026-04-18T13:53:53
13748,568,2026-03-14T13:16:25
13749,154,2026-03-28T22:20:51
13750,432,2026-03-03T19:18:04
13751,663,2026-03-16T18:37:48
13752,622,2026-03-05T05:12:06
13753,466,2026-03-02T06:28:07
13754,210,2026-03-11T15:37:44
13755,365,2026-03-10T13:12:42
13756,493,2026-03-19T14:17:18
13757,360,2026-04-14T04:08:09
13758,284,2026-03-09T08:09:17
13759,282,2026-04-06T12:55:27
13760,420,2026-03-22T05:48:13
13761,26,2026-03-24T23:11:56
13762,699,2026-04-25T06:34:53
13763,72,2026-03-28T03:06:24
13764,690,2026-03-16T08:51:18
13765,25,2026-03-15T03:45:11
13766,359,2026-03-11T13:46:10
13767,293,2026-04-18T18:18:05
13768,402,2026-04-09T16:22:22
13769,304,2026-03-17T06:52:53
13770,629,2026-03-30T04:33:42
13771,12,2026-03-30T23:34:03
13772,690,2026-03-03T09:59:24
13773,483,2026-04-24T00:49:19
13774,546,2026-04-17T06:21:45
13775,98,2026-04-02T03:03:31
13776,46,2026-04-12T06:14:40
13777,278,2026-03-07T04:45:03
13778,226,2026-04-28T02:09:21
13779,549,2026-04-08T06:18:21
13780,628,2026-04-26T07:56:52
13781,300,2026-04-20T23:26:45
13782,538,2026-04-05T11:14:04
13783,42,2026-03-18T10:32:09
13784,520,2026-04-10T21:55:44
13785,70,2026-03-31T10:12:21
13786,468,2026-03-25T14:35:30
13787,268,2026-04-12T07:47:22
13788,291,2026-04-23T10:35:19
13789,194,2026-03-11T00:52:07
13790,283,2026-04-03T10:24:24
13791,613,2026-04-16T15:47:47
13792,567,2026-03-20T11:23:35
13793,239,2026-03-21T20:03:10
13794,206,2026-02-28T22:19:16
13795,357,2026-03-19T23:08:42
13796,480,2026-04-05T06:43:36
13797,128,2026-04-28T06:24:59
13798,509,2026-04-01T06:44:31
13799,665,2026-03-18T06:44:57
13800,592,2026-04-18T08:31:46
13801,384,2026-03-12T16:55:52
13802,224,2026-03-12T03:26:10
13803,227,2026-04-01T08:41:23
13804,520,2026-04-18T03:38:21
13805,319,2026-03-13T14:42:06
13806,75,2026-03-01T18:29:30
13807,475,2026-04-13T04:25:03
13808,97,2026-04-05T06:49:43
13809,691,2026-04-11T03:54:16
13810,293,2026-03-24T12:03:20
13811,240,2026-03-08T08:58:14
13812,39,2026-03-20T16:54:18
13813,118,2026-03-29T07:35:27
13814,664,2026-03-26T06:31:53
13815,376,2026-04-23T09:27:07
13816,632,2026-03-14T02:30:06
13817,670,2026-03-19T07:10:19
13818,35,2026-03-12T05:23:43
13819,267,2026-04-04T16:56:45
13820,587,2026-04-18T01:31:48
13821,347,2026-04-22T06:21:40
13822,357,2026-03-14T02:13:15
13823,400,2026-03-26T00:46:39
13824,492,2026-04-13T22:29:26
13825,658,2026-03-03T08:34:40
13826,621,2026-04-12T03:23:31
13827,438,2026-03-09T08:02:55
13828,404,2026-03-03T18:17:46
13829,253,2026-03-07T16:35:58
13830,82,2026-04-22T01:12:52
13831,497,2026-04-10T14:30:29
13832,2,2026-04-17T07:51:23
13833,489,2026-04-11T10:11:16
13834,348,2026-04-17T04:51:20
13835,551,2026-03-30T10:08:11
13836,665,2026-04-18T06:29:21
13837,388,2026-03-04T02:38:52
13838,401,2026-04-04T06:13:11
13839,342,2026-04-15T15:13:52
13840,262,2026-04-29T18:27:03
13841,63,2026-03-22T02:01:09
13842,22,2026-03-11T03:55:53
13843,507,2026-04-12T23:15:31
13844,641,2026-03-05T14:46:18
13845,38,2026-04-16T05:17:11
13846,230,2026-04-12T13:48:00
13847,426,2026-04-11T02:11:12
13848,494,2026-03-18T11:42:08
13849,515,2026-03-08T12:43:41
13850,486,2026-04-06T04:43:56
13851,59,2026-03-22T06:03:15
13852,178,2026-03-24T04:08:03
13853,329,2026-03-12T05:52:59
13854,45,2026-03-21T07:20:41
13855,241,2026-04-19T16:48:23
13856,270,2026-04-23T15:49:46
13857,685,2026-03-21T13:41:41
13858,222,2026-03-09T03:10:44
13859,680,2026-03-03T11:20:10
13860,491,2026-03-12T13:04:20
13861,485,2026-03-01T08:00:31
13862,574,2026-04-10T06:50:38
13863,590,2026-04-08T10:28:33
13864,156,2026-04-16T19:46:16
13865,295,2026-03-20T09:09:22
13866,370,2026-04-19T01:09:24
13867,684,2026-03-11T01:33:04
13868,29,2026-03-14T05:31:49
13869,334,2026-04-24T08:24:38
13870,150,2026-04-22T01:02:36
13871,145,2026-04-05T12:15:45
13872,534,2026-04-06T02:08:28
13873,142,2026-04-12T03:09:35
13874,556,2026-04-19T08:15:41
13875,696,2026-03-14T16:39:38
13876,544,2026-03-05T06:42:44
13877,119,2026-03-12T02:48:04
13878,100,2026-03-22T08:18:55
13879,306,2026-03-15T06:32:31
13880,386,2026-04-01T03:48:46
13881,545,2026-03-09T08:29:02
13882,296,2026-04-04T10:01:28
13883,117,2026-04-12T01:29:27
13884,695,2026-03-06T02:00:13
13885,634,2026-03-18T15:23:53
13886,458,2026-04-02T06:17:28
13887,487,2026-03-04T13:54:53
13888,655,2026-04-09T08:43:26
13889,333,2026-04-15T08:39:35
13890,102,2026-03-22T08:57:35
13891,425,2026-03-01T13:56:38
13892,316,2026-03-31T10:18:37
13893,560,2026-04-22T09:33:48
13894,541,2026-03-18T16:33:13
13895,331,2026-04-20T06:01:42
13896,258,2026-04-22T13:02:48
13897,296,2026-03-17T09:20:49
13898,443,2026-04-05T00:00:24
13899,446,2026-03-03T05:41:25
13900,359,2026-04-03T09:00:47
13901,373,2026-04-22T08:13:30
13902,695,2026-04-26T06:05:00
13903,178,2026-03-12T02:29:45
13904,122,2026-04-09T08:52:46
13905,560,2026-03-04T09:03:30
13906,655,2026-03-17T06:38:32
13907,427,2026-04-20T01:32:31
13908,282,2026-04-08T15:53:25
13909,244,2026-03-24T18:35:41
13910,328,2026-04-27T11:50:08
13911,37,2026-04-15T12:41:17
13912,371,2026-03-02T06:45:53
13913,189,2026-03-05T15:29:48
13914,186,2026-04-07T11:21:03
13915,393,2026-04-22T16:30:10
13916,675,2026-03-09T23:08:06
13917,145,2026-04-02T08:42:57
13918,639,2026-04-18T08:06:50
13919,364,2026-04-21T07:55:34
13920,682,2026-04-08T05:01:41
13921,268,2026-04-29T15:06:37
13922,698,2026-04-26T13:10:50
13923,462,2026-04-20T15:11:55
13924,469,2026-04-10T05:01:58
13925,395,2026-04-29T18:59:20
13926,317,2026-03-02T14:41:20
13927,368,2026-03-05T23:18:06
13928,596,2026-03-31T05:23:48
13929,555,2026-04-09T23:13:25
13930,17,2026-04-24T14:31:02
13931,487,2026-04-10T15:23:49
13932,585,2026-03-14T04:28:54
13933,521,2026-04-23T23:23:51
13934,349,2026-03-05T09:17:38
13935,235,2026-03-06T14:30:52
13936,472,2026-04-13T02:06:54
13937,465,2026-04-27T19:33:32
13938,262,2026-03-31T12:32:33
13939,285,2026-03-09T01:07:19
13940,259,2026-03-03T03:51:37
13941,32,2026-04-28T16:57:59
13942,23,2026-03-17T03:44:55
13943,59,2026-04-08T11:56:50
13944,297,2026-03-20T04:55:18
13945,358,2026-03-13T07:44:45
13946,286,2026-04-10T08:21:20
13947,669,2026-04-14T02:12:01
13948,158,2026-03-29T04:50:51
13949,276,2026-03-30T21:29:18
13950,174,2026-03-30T05:43:57
13951,210,2026-04-05T14:53:32
13952,409,2026-04-18T13:56:40
13953,217,2026-04-12T03:40:34
13954,223,2026-03-17T13:17:25
13955,470,2026-03-15T05:04:54
13956,582,2026-04-10T05:48:06
13957,149,2026-04-08T09:01:09
13958,78,2026-03-23T17:30:36
13959,168,2026-04-20T15:17:58
13960,405,2026-03-26T06:26:49
13961,672,2026-03-21T03:52:42
13962,113,2026-04-03T08:27:06
13963,30,2026-03-12T17:08:03
13964,370,2026-04-11T05:25:17
13965,694,2026-04-23T00:06:42
13966,387,2026-04-26T13:52:06
13967,648,2026-03-27T03:02:21
13968,450,2026-03-17T03:56:20
13969,23,2026-03-29T05:13:09
13970,300,2026-03-07T01:39:34
13971,540,2026-04-10T09:52:14
13972,357,2026-03-25T23:11:07
13973,137,2026-03-08T15:55:25
13974,127,2026-04-02T08:25:28
13975,465,2026-04-13T15:30:12
13976,325,2026-03-14T02:21:00
13977,402,2026-03-25T19:59:04
13978,262,2026-04-23T09:40:49
13979,238,2026-04-12T19:21:49
13980,467,2026-04-17T11:04:40
13981,6,2026-03-27T13:53:16
13982,305,2026-03-30T04:39:38
13983,260,2026-03-30T02:07:55
13984,546,2026-03-28T09:28:50
13985,510,2026-03-09T15:15:42
13986,299,2026-03-03T18:15:08
13987,184,2026-04-19T12:28:26
13988,166,2026-04-02T06:03:58
13989,148,2026-03-31T23:14:46
13990,192,2026-04-05T06:03:02
13991,533,2026-03-25T19:56:52
13992,32,2026-04-23T17:53:26
13993,19,2026-03-29T15:09:09
13994,378,2026-03-31T14:34:00
13995,157,2026-04-01T10:13:24
13996,582,2026-03-10T03:33:55
13997,527,2026-03-11T08:27:36
13998,539,2026-03-11T06:01:28
13999,320,2026-03-15T19:47:31
14000,307,2026-03-10T03:46:16
14001,298,2026-03-14T06:03:01
14002,138,2026-04-26T05:12:26
14003,398,2026-03-22T03:06:11
14004,605,2026-04-17T02:23:57
14005,180,2026-03-24T15:26:15
14006,40,2026-04-19T12:38:13
14007,396,2026-04-15T11:37:27
14008,280,2026-04-20T08:08:20
14009,559,2026-03-18T03:28:36
14010,600,2026-03-06T19:47:00
14011,666,2026-03-19T13:53:58
14012,276,2026-04-12T06:50:13
14013,632,2026-04-09T00:17:39
14014,83,2026-04-12T16:31:53
14015,261,2026-04-29T14:08:02
14016,187,2026-03-14T20:21:28
14017,647,2026-03-27T04:16:35
14018,421,2026-03-30T03:15:05
14019,257,2026-03-09T12:52:39
14020,107,2026-04-09T07:43:49
14021,549,2026-03-03T08:51:07
14022,459,2026-04-23T06:20:50
14023,598,2026-03-06T11:23:28
14024,307,2026-03-07T08:48:58
14025,105,2026-03-11T14:02:17
14026,235,2026-04-23T16:43:03
14027,435,2026-04-21T14:40:39
14028,169,2026-04-25T03:21:26
14029,50,2026-04-19T09:56:38
14030,577,2026-04-25T04:13:53
14031,372,2026-03-29T16:20:51
14032,278,2026-03-01T02:21:07
14033,387,2026-03-27T10:22:04
14034,517,2026-03-14T06:20:21
14035,1,2026-03-15T05:28:07
14036,309,2026-04-11T03:57:54
14037,178,2026-03-11T03:28:32
14038,65,2026-03-20T19:37:05
14039,26,2026-03-24T06:40:33
14040,309,2026-03-04T07:39:43
14041,381,2026-04-12T09:19:46
14042,356,2026-04-15T16:17:56
14043,549,2026-04-03T12:21:37
14044,321,2026-03-02T13:21:36
14045,413,2026-04-17T05:49:03
14046,572,2026-03-27T10:27:52
14047,461,2026-03-16T14:55:46
14048,638,2026-04-26T12:58:47
14049,156,2026-04-21T18:40:58
14050,551,2026-03-27T11:40:48
14051,488,2026-03-27T02:07:25
14052,408,2026-04-24T05:09:37
14053,3,2026-03-11T23:42:53
14054,380,2026-03-25T10:59:04
14055,601,2026-04-04T03:48:08
14056,452,2026-03-21T05:16:23
14057,4,2026-03-19T04:40:39
14058,202,2026-03-07T10:37:50
14059,399,2026-03-17T14:03:18
14060,569,2026-03-22T13:52:12
14061,312,2026-04-20T14:20:11
14062,600,2026-03-21T18:36:18
14063,558,2026-03-10T07:20:03
14064,188,2026-04-20T04:55:30
14065,137,2026-03-22T12:28:51
14066,632,2026-04-25T01:50:25
14067,413,2026-03-07T03:56:29
14068,595,2026-03-02T14:02:49
14069,646,2026-04-25T03:25:00
14070,298,2026-03-06T03:41:58
14071,33,2026-03-01T10:50:12
14072,637,2026-04-08T06:43:06
14073,409,2026-03-20T16:39:35
14074,85,2026-03-30T05:22:01
14075,371,2026-03-25T08:09:26
14076,20,2026-03-18T05:54:46
14077,203,2026-03-29T07:02:41
14078,244,2026-03-16T14:48:04
14079,319,2026-03-14T18:02:43
14080,396,2026-03-14T16:22:14
14081,588,2026-03-08T18:51:11
14082,247,2026-04-01T14:13:20
14083,515,2026-04-02T21:15:26
14084,660,2026-03-02T10:12:17
14085,524,2026-03-28T06:40:31
14086,179,2026-04-14T13:13:38
14087,475,2026-03-01T00:41:04
14088,197,2026-03-19T19:35:16
14089,335,2026-04-27T09:53:18
14090,445,2026-03-26T08:38:36
14091,206,2026-03-01T00:24:15
14092,3,2026-03-31T23:08:41
14093,587,2026-03-25T00:26:43
14094,510,2026-03-13T13:32:01
14095,87,2026-03-05T09:55:37
14096,265,2026-04-23T03:15:22
14097,184,2026-04-18T19:22:17
14098,685,2026-04-10T12:54:03
14099,660,2026-03-02T13:55:29
14100,484,2026-04-22T06:51:45
14101,309,2026-03-29T06:10:09
14102,37,2026-03-29T11:06:03
14103,173,2026-04-22T17:22:08
14104,65,2026-03-26T15:15:51
14105,553,2026-03-15T09:18:12
14106,62,2026-03-15T11:56:50
14107,475,2026-04-25T03:32:11
14108,667,2026-04-02T08:17:31
14109,216,2026-04-04T02:43:26
14110,479,2026-04-05T09:48:56
14111,616,2026-03-14T15:25:16
14112,300,2026-03-26T05:03:21
14113,315,2026-04-27T17:28:26
14114,141,2026-03-09T13:23:18
14115,300,2026-04-27T05:11:10
14116,612,2026-03-17T02:36:06
14117,465,2026-03-18T17:44:35
14118,142,2026-02-28T23:23:43
14119,369,2026-04-09T14:22:10
14120,495,2026-03-20T12:47:25
14121,55,2026-03-28T14:10:42
14122,535,2026-04-04T16:58:58
14123,141,2026-04-08T16:25:07
14124,207,2026-04-27T14:30:52
14125,292,2026-04-03T06:35:23
14126,354,2026-03-11T15:27:30
14127,642,2026-04-12T08:02:03
14128,157,2026-03-04T10:42:27
14129,180,2026-04-20T14:53:17
14130,266,2026-03-18T08:45:14
14131,601,2026-04-13T06:41:52
14132,676,2026-03-10T06:03:09
14133,319,2026-03-25T18:47:14
14134,486,2026-04-11T04:26:14
14135,643,2026-04-07T15:18:46
14136,593,2026-03-01T02:29:33
14137,477,2026-03-03T11:13:27
14138,379,2026-04-28T10:18:08
14139,690,2026-04-01T10:48:23
14140,168,2026-04-21T13:45:53
14141,254,2026-03-05T06:33:29
14142,500,2026-03-30T05:53:58
14143,15,2026-04-04T08:09:02
14144,351,2026-04-25T03:50:15
14145,599,2026-04-12T17:28:09
14146,124,2026-04-07T09:38:38
14147,563,2026-03-18T12:50:06
14148,289,2026-04-29T15:47:24
14149,603,2026-03-20T01:59:02
14150,445,2026-03-17T09:13:31
14151,111,2026-04-13T14:10:11
14152,515,2026-04-29T17:01:46
14153,40,2026-04-21T11:40:27
14154,171,2026-03-10T23:30:36
14155,622,2026-04-18T05:39:11
14156,614,2026-03-22T16:24:39
14157,33,2026-03-14T04:20:02
14158,266,2026-04-26T08:52:08
14159,66,2026-04-26T15:10:49
14160,190,2026-03-23T06:47:14
14161,678,2026-03-02T10:06:44
14162,137,2026-03-13T13:22:51
14163,450,2026-04-02T10:02:07
14164,563,2026-03-04T15:01:58
14165,617,2026-03-14T08:02:48
14166,248,2026-03-09T11:16:33
14167,488,2026-04-27T02:56:19
14168,339,2026-03-22T09:21:12
14169,76,2026-03-23T05:36:13
14170,156,2026-03-26T17:40:30
14171,524,2026-03-01T02:52:09
14172,481,2026-04-02T06:54:28
14173,365,2026-04-24T11:02:30
14174,547,2026-04-18T05:13:39
14175,484,2026-03-16T10:46:00
14176,238,2026-03-01T12:47:19
14177,206,2026-04-15T23:58:08
14178,662,2026-04-20T11:43:52
14179,681,2026-04-25T14:32:50
14180,22,2026-04-04T03:21:58
14181,554,2026-03-29T07:28:54
14182,94,2026-04-15T08:00:54
14183,603,2026-04-11T00:41:19
14184,413,2026-04-15T05:01:59
14185,482,2026-03-17T22:38:00
14186,491,2026-04-24T14:37:08
14187,424,2026-03-03T09:59:17
14188,176,2026-03-06T15:50:15
14189,566,2026-04-09T05:43:47
14190,388,2026-04-04T02:37:45
14191,382,2026-04-02T23:17:09
14192,223,2026-04-24T12:46:27
14193,8,2026-04-22T18:33:05
14194,388,2026-04-12T23:30:57
14195,242,2026-03-10T03:37:42
14196,462,2026-03-06T12:15:08
14197,256,2026-03-09T06:15:46
14198,681,2026-04-06T16:02:18
14199,477,2026-04-12T13:23:13
14200,319,2026-04-17T14:49:38
14201,496,2026-03-07T13:05:13
14202,454,2026-03-17T14:28:24
14203,435,2026-03-21T13:51:52
14204,405,2026-04-07T06:52:21
14205,653,2026-03-03T02:55:09
14206,223,2026-04-20T18:22:33
14207,303,2026-03-05T09:20:08
14208,178,2026-04-01T04:16:48
14209,399,2026-04-25T15:24:44
14210,692,2026-03-12T01:40:25
14211,426,2026-04-11T05:40:32
14212,145,2026-04-02T07:36:02
14213,646,2026-04-19T08:27:38
14214,554,2026-04-05T07:42:46
14215,309,2026-04-20T07:20:54
14216,103,2026-03-25T18:05:43
14217,282,2026-03-10T15:57:17
14218,564,2026-04-10T12:05:30
14219,404,2026-04-28T16:51:19
14220,131,2026-03-26T04:34:36
14221,111,2026-04-19T17:58:52
14222,678,2026-04-22T09:32:22
14223,314,2026-04-08T00:03:47
14224,481,2026-04-17T03:05:06
14225,253,2026-04-03T18:05:42
14226,64,2026-04-18T16:25:47
14227,289,2026-03-21T13:45:46
14228,486,2026-04-01T02:38:23
14229,234,2026-03-05T13:48:44
14230,423,2026-03-12T03:32:59
14231,307,2026-04-04T02:07:03
14232,237,2026-04-13T06:11:58
14233,179,2026-03-02T13:09:21
14234,183,2026-03-05T09:55:19
14235,179,2026-03-01T14:48:06
14236,504,2026-04-01T04:02:11
14237,237,2026-03-20T23:13:30
14238,519,2026-03-04T14:16:45
14239,218,2026-04-16T23:42:43
14240,230,2026-04-01T14:04:45
14241,647,2026-03-01T02:58:43
14242,614,2026-04-11T09:17:01
14243,281,2026-04-24T06:51:27
14244,189,2026-03-26T15:41:32
14245,501,2026-04-26T03:22:02
14246,49,2026-03-26T15:01:17
14247,320,2026-03-05T01:33:17
14248,420,2026-03-08T08:02:02
14249,474,2026-03-05T11:43:26
14250,75,2026-03-19T14:12:25
14251,3,2026-03-23T20:57:32
14252,194,2026-03-27T06:01:07
14253,84,2026-03-29T00:20:58
14254,356,2026-04-21T15:23:16
14255,644,2026-03-01T15:46:37
14256,201,2026-04-23T11:13:33
14257,318,2026-03-15T03:46:00
14258,151,2026-04-27T14:19:14
14259,31,2026-03-09T15:04:41
14260,493,2026-03-07T14:50:21
14261,180,2026-03-08T14:11:19
14262,383,2026-03-18T04:25:42
14263,479,2026-04-26T09:36:47
14264,588,2026-03-28T12:00:48
14265,130,2026-03-10T16:38:26
14266,407,2026-04-08T14:32:27
14267,638,2026-03-31T13:46:40
14268,339,2026-04-12T07:06:35
14269,29,2026-04-14T06:52:22
14270,183,2026-04-17T11:03:19
14271,557,2026-03-09T23:56:58
14272,555,2026-03-30T01:19:53
14273,221,2026-04-07T08:04:18
14274,138,2026-04-03T07:16:04
14275,205,2026-04-28T10:29:57
14276,170,2026-04-27T12:06:05
14277,519,2026-04-18T12:17:14
14278,590,2026-03-15T10:17:02
14279,33,2026-04-01T04:09:46
14280,519,2026-04-18T13:29:06
14281,527,2026-03-17T14:01:19
14282,430,2026-04-12T06:15:37
14283,610,2026-03-15T02:08:03
14284,28,2026-03-09T10:01:59
14285,490,2026-03-15T13:28:46
14286,90,2026-04-24T22:53:36
14287,628,2026-04-29T07:20:33
14288,350,2026-04-20T23:39:15
14289,64,2026-03-17T16:08:35
14290,523,2026-04-16T01:42:49
14291,525,2026-03-14T17:40:30
14292,325,2026-03-08T04:24:21
14293,218,2026-03-16T04:16:17
14294,13,2026-03-09T12:34:35
14295,636,2026-04-08T14:36:53
14296,129,2026-04-10T07:42:26
14297,590,2026-03-03T11:11:39
14298,413,2026-03-07T06:21:30
14299,480,2026-03-29T09:49:29
14300,486,2026-03-07T03:49:06
14301,601,2026-04-19T06:48:20
14302,24,2026-03-25T10:46:55
14303,694,2026-03-24T23:04:52
14304,31,2026-03-01T13:17:18
14305,700,2026-04-12T01:16:35
14306,183,2026-04-13T08:19:36
14307,593,2026-04-14T23:29:52
14308,59,2026-04-02T05:11:00
14309,323,2026-03-17T02:47:18
14310,380,2026-03-05T05:30:27
14311,669,2026-03-19T03:04:31
14312,87,2026-04-02T09:48:46
14313,26,2026-03-07T04:18:20
14314,454,2026-03-04T15:33:36
14315,35,2026-03-14T09:25:50
14316,545,2026-03-05T08:21:19
14317,27,2026-03-01T12:19:30
14318,680,2026-03-30T14:24:39
14319,373,2026-04-14T08:04:48
14320,664,2026-03-30T09:41:47
14321,89,2026-03-06T15:38:24
14322,192,2026-03-21T11:30:09
14323,319,2026-03-03T15:53:07
14324,21,2026-04-07T06:33:03
14325,73,2026-03-14T11:23:28
14326,231,2026-03-24T08:36:27
14327,516,2026-04-24T14:47:14
14328,496,2026-04-05T10:44:26
14329,61,2026-04-15T09:34:41
14330,42,2026-03-21T09:37:02
14331,460,2026-04-25T09:58:15
14332,252,2026-04-12T17:41:40
14333,555,2026-03-30T22:42:14
14334,209,2026-04-04T06:39:34
14335,254,2026-04-07T06:57:46
14336,154,2026-03-10T04:55:18
14337,187,2026-03-16T16:20:06
14338,495,2026-04-11T08:44:16
14339,330,2026-03-27T18:39:38
14340,462,2026-04-17T09:32:17
14341,56,2026-04-01T14:30:54
14342,375,2026-03-04T13:53:06
14343,322,2026-04-09T00:54:27
14344,638,2026-04-06T12:54:55
14345,297,2026-03-22T12:18:44
14346,73,2026-04-17T14:21:03
14347,489,2026-03-22T04:05:16
14348,105,2026-03-07T17:48:02
14349,637,2026-03-08T07:41:57
14350,269,2026-04-24T06:58:46
14351,550,2026-03-23T06:44:14
14352,460,2026-03-25T11:12:27
14353,326,2026-03-19T05:17:26
14354,409,2026-04-14T17:23:48
14355,128,2026-04-06T06:45:06
14356,52,2026-04-23T08:24:30
14357,537,2026-04-23T16:58:43
14358,671,2026-04-29T11:36:53
14359,604,2026-03-20T04:22:20
14360,214,2026-04-05T04:57:20
14361,251,2026-03-21T15:32:38
14362,252,2026-04-12T17:18:35
14363,492,2026-04-13T23:23:54
14364,437,2026-03-16T04:45:13
14365,558,2026-04-21T10:05:23
14366,662,2026-03-18T14:46:26
14367,275,2026-04-27T20:06:31
14368,464,2026-04-21T07:41:07
14369,351,2026-03-02T03:43:09
14370,669,2026-03-24T08:35:29
14371,248,2026-03-24T14:11:05
14372,132,2026-04-18T23:34:27
14373,266,2026-04-13T10:49:09
14374,434,2026-03-04T11:16:01
14375,668,2026-04-20T01:55:24
14376,581,2026-03-14T06:08:05
14377,13,2026-03-23T16:53:38
14378,357,2026-03-10T23:20:33
14379,112,2026-03-10T05:42:08
14380,254,2026-04-01T04:13:43
14381,661,2026-03-06T16:37:17
14382,690,2026-03-05T09:39:39
14383,108,2026-04-17T15:29:56
14384,99,2026-03-21T10:51:43
14385,488,2026-04-08T04:54:18
14386,288,2026-04-29T07:09:28
14387,303,2026-03-04T10:48:18
14388,612,2026-04-17T01:39:20
14389,645,2026-03-07T10:31:52
14390,631,2026-04-15T10:07:41
14391,549,2026-03-19T10:36:32
14392,687,2026-03-09T03:22:16
14393,504,2026-03-14T04:02:31
14394,620,2026-03-22T00:10:37
14395,379,2026-04-13T11:05:42
14396,36,2026-04-09T22:17:05
14397,572,2026-04-13T12:10:51
14398,651,2026-03-02T14:51:32
14399,219,2026-04-28T20:17:21
14400,300,2026-03-27T04:25:43
14401,401,2026-03-07T05:44:32
14402,457,2026-04-25T10:06:18
14403,473,2026-04-17T10:21:54
14404,276,2026-03-05T04:11:55
14405,599,2026-03-27T17:31:54
14406,570,2026-04-24T19:50:04
14407,660,2026-04-10T08:32:55
14408,404,2026-03-12T16:24:15
14409,55,2026-04-12T14:05:20
14410,592,2026-03-12T04:56:40
14411,56,2026-03-22T13:27:28
14412,136,2026-03-12T04:33:49
14413,200,2026-04-11T10:30:39
14414,130,2026-04-25T15:30:06
14415,507,2026-03-02T22:06:08
14416,309,2026-04-06T10:27:05
14417,154,2026-03-15T01:25:19
14418,4,2026-04-14T22:46:27
14419,152,2026-03-09T07:25:52
14420,485,2026-03-22T10:50:20
14421,557,2026-03-13T03:39:05
14422,208,2026-04-22T06:07:32
14423,52,2026-03-05T09:53:25
14424,391,2026-04-04T04:24:50
14425,549,2026-03-08T08:42:02
14426,50,2026-04-05T08:16:17
14427,557,2026-04-15T22:45:41
14428,120,2026-04-15T14:53:00
14429,181,2026-03-03T04:01:33
14430,437,2026-04-16T00:44:40
14431,36,2026-03-18T03:44:01
14432,214,2026-04-10T11:17:33
14433,98,2026-04-27T09:23:55
14434,151,2026-03-08T13:24:30
14435,542,2026-03-22T15:26:10
14436,161,2026-04-22T01:25:47
14437,31,2026-03-09T13:54:03
14438,151,2026-03-16T11:55:50
14439,61,2026-04-02T06:56:57
14440,436,2026-04-29T16:28:08
14441,681,2026-03-18T10:41:16
14442,118,2026-03-24T07:01:49
14443,511,2026-04-17T04:01:44
14444,254,2026-03-08T08:43:32
14445,51,2026-03-20T15:39:40
14446,482,2026-03-19T03:05:52
14447,147,2026-03-25T06:39:42
14448,360,2026-04-04T02:37:34
14449,355,2026-03-14T13:44:23
14450,419,2026-03-24T05:30:53
14451,95,2026-04-25T17:45:34
14452,176,2026-04-19T11:45:49
14453,517,2026-04-27T08:35:51
14454,653,2026-04-10T01:33:19
14455,9,2026-04-04T17:47:44
14456,290,2026-03-13T16:10:38
14457,617,2026-03-10T05:58:13
14458,201,2026-04-02T14:53:34
14459,314,2026-03-25T01:32:57
14460,634,2026-04-17T15:54:32
14461,679,2026-03-01T09:43:41
14462,459,2026-04-23T06:25:06
14463,486,2026-03-11T02:25:23
14464,430,2026-03-24T06:36:01
14465,199,2026-03-22T03:15:21
14466,621,2026-04-25T04:33:20
14467,24,2026-04-13T10:24:11
14468,41,2026-03-03T08:32:29
14469,422,2026-04-21T13:24:30
14470,587,2026-04-10T03:05:33
14471,570,2026-03-05T12:43:23
14472,475,2026-04-16T03:29:31
14473,264,2026-03-03T13:11:34
14474,252,2026-03-26T10:13:08
14475,298,2026-03-10T06:30:28
14476,180,2026-03-01T11:47:49
14477,294,2026-04-03T10:15:42
14478,74,2026-04-11T09:50:43
14479,224,2026-03-29T04:47:17
14480,659,2026-03-21T13:01:51
14481,495,2026-03-31T08:08:29
14482,100,2026-03-10T08:44:52
14483,201,2026-03-03T15:33:09
14484,182,2026-03-10T06:06:49
14485,198,2026-03-04T14:59:17
14486,484,2026-04-16T07:00:39
14487,627,2026-04-06T16:24:01
14488,498,2026-03-12T03:00:26
14489,342,2026-04-04T14:54:46
14490,113,2026-03-30T07:27:38
14491,101,2026-03-07T09:37:18
14492,570,2026-04-28T11:48:14
14493,475,2026-04-26T02:15:13
14494,358,2026-04-15T06:18:55
14495,405,2026-04-18T07:37:18
14496,594,2026-04-02T02:55:37
14497,570,2026-04-18T18:11:00
14498,62,2026-04-01T09:25:35
14499,277,2026-03-10T01:15:38
14500,30,2026-03-11T11:11:34
14501,270,2026-04-21T13:11:50
14502,446,2026-03-27T05:27:41
14503,146,2026-04-13T07:06:12
14504,106,2026-03-09T11:37:41
14505,344,2026-03-27T16:11:14
14506,368,2026-03-05T23:30:02
14507,500,2026-03-13T23:14:55
14508,10,2026-03-07T03:26:25
14509,174,2026-03-13T00:08:25
14510,546,2026-04-06T02:11:58
14511,478,2026-03-01T03:19:36
14512,630,2026-03-12T15:41:45
14513,571,2026-04-11T03:25:52
14514,588,2026-03-09T13:21:11
14515,358,2026-04-03T10:34:09
14516,671,2026-04-22T12:58:25
14517,292,2026-04-16T11:48:04
14518,633,2026-03-08T03:24:27
14519,275,2026-03-09T03:30:32
14520,311,2026-04-12T04:13:58
14521,480,2026-03-21T10:43:10
14522,279,2026-03-26T04:51:57
14523,103,2026-03-29T16:51:14
14524,628,2026-04-04T04:12:04
14525,318,2026-03-27T04:44:50
14526,649,2026-03-02T11:10:15
14527,280,2026-03-06T04:00:17
14528,681,2026-03-01T13:43:04
14529,423,2026-03-16T05:25:32
14530,538,2026-04-19T09:17:11
14531,529,2026-04-28T07:30:36
14532,142,2026-03-29T02:25:26
14533,571,2026-03-01T22:14:16
14534,662,2026-03-05T14:27:36
14535,463,2026-04-18T08:02:09
14536,663,2026-03-21T19:47:48
14537,593,2026-04-22T01:56:41
14538,467,2026-03-31T08:34:05
14539,335,2026-04-22T10:37:59
14540,601,2026-03-09T03:44:16
14541,130,2026-04-21T12:29:57
14542,393,2026-04-02T11:59:36
14543,572,2026-03-27T13:17:55
14544,661,2026-04-01T11:42:27
14545,187,2026-03-20T15:16:46
14546,66,2026-04-06T17:16:18
14547,234,2026-04-16T09:25:41
14548,605,2026-04-17T23:46:10
14549,367,2026-04-28T02:24:08
14550,39,2026-03-25T19:50:42
14551,84,2026-04-16T05:22:01
14552,238,2026-04-23T13:25:14
14553,240,2026-03-02T08:31:29
14554,95,2026-03-29T15:39:41
14555,346,2026-04-12T09:26:34
14556,336,2026-03-28T03:29:55
14557,140,2026-03-07T09:03:43
14558,163,2026-04-09T03:07:12
14559,466,2026-03-25T10:08:42
14560,667,2026-04-07T09:43:43
14561,698,2026-03-01T17:22:51
14562,392,2026-03-01T08:26:48
14563,27,2026-04-06T08:32:37
14564,629,2026-04-28T03:20:37
14565,666,2026-04-08T07:07:27
14566,195,2026-04-26T05:28:19
14567,281,2026-04-20T05:20:57
14568,19,2026-03-17T12:34:14
14569,561,2026-03-07T07:37:50
14570,543,2026-04-03T06:45:47
14571,15,2026-04-07T10:30:36
14572,492,2026-04-16T05:54:19
14573,289,2026-04-01T08:59:42
14574,382,2026-04-25T02:41:48
14575,153,2026-04-20T14:55:35
14576,571,2026-04-04T22:59:50
14577,284,2026-04-03T05:50:30
14578,589,2026-03-02T04:09:52
14579,104,2026-04-16T07:40:24
14580,412,2026-04-10T02:09:49
14581,218,2026-04-23T02:17:04
14582,677,2026-03-06T05:47:54
14583,390,2026-03-08T23:32:40
14584,504,2026-04-10T06:38:55
14585,61,2026-03-30T08:23:55
14586,474,2026-04-05T09:51:29
14587,71,2026-03-27T16:20:39
14588,253,2026-04-08T17:40:17
14589,156,2026-04-09T17:46:58
14590,2,2026-03-12T09:00:11
14591,411,2026-04-14T23:50:11
14592,169,2026-03-30T07:40:23
14593,359,2026-04-04T08:11:26
14594,535,2026-04-07T14:12:15
14595,125,2026-04-14T08:04:57
14596,497,2026-03-19T11:26:50
14597,208,2026-03-01T09:03:12
14598,232,2026-03-11T01:41:50
14599,404,2026-04-27T19:04:18
14600,438,2026-03-14T10:39:26
14601,459,2026-03-15T05:43:58
14602,137,2026-04-21T15:22:48
14603,406,2026-03-15T02:20:21
14604,185,2026-03-28T15:42:38
14605,194,2026-03-23T04:54:48
14606,664,2026-04-09T09:56:34
14607,71,2026-04-05T14:37:14
14608,290,2026-03-31T12:13:48
14609,308,2026-03-31T07:21:21
14610,172,2026-04-20T11:07:48
14611,550,2026-04-04T07:01:32
14612,341,2026-03-31T00:08:47
14613,504,2026-04-23T05:46:49
14614,271,2026-03-06T01:27:32
14615,628,2026-04-20T07:34:19
14616,511,2026-03-12T07:17:19
14617,234,2026-03-20T14:03:02
14618,674,2026-03-01T15:28:24
14619,606,2026-04-04T10:26:12
14620,415,2026-04-19T15:05:40
14621,12,2026-03-23T01:39:39
14622,414,2026-04-09T03:14:54
14623,484,2026-03-24T10:30:09
14624,256,2026-04-15T13:20:43
14625,101,2026-04-29T05:05:13
14626,396,2026-04-12T16:56:47
14627,562,2026-03-21T07:37:48
14628,224,2026-04-19T05:17:17
14629,320,2026-03-03T01:13:58
14630,1,2026-04-29T07:02:26
14631,493,2026-04-20T17:46:38
14632,607,2026-04-09T00:18:44
14633,544,2026-04-07T03:13:36
14634,301,2026-03-15T22:56:52
14635,32,2026-03-26T14:59:04
14636,345,2026-03-07T06:25:30
14637,659,2026-03-21T13:35:47
14638,59,2026-04-05T06:49:01
14639,150,2026-03-22T04:36:28
14640,586,2026-04-16T07:16:53
14641,398,2026-04-21T06:45:19
14642,120,2026-04-03T11:08:05
14643,17,2026-03-21T19:32:23
14644,288,2026-03-19T06:29:31
14645,417,2026-04-02T15:35:05
14646,589,2026-04-13T06:42:28
14647,619,2026-03-08T06:03:39
14648,321,2026-03-27T11:50:57
14649,296,2026-03-27T09:18:40
14650,652,2026-03-18T06:14:07
14651,544,2026-03-15T03:31:56
14652,147,2026-04-20T04:59:39
14653,477,2026-03-26T13:50:50
14654,501,2026-04-04T02:29:18
14655,164,2026-03-03T14:35:01
14656,685,2026-03-18T13:30:26
14657,208,2026-03-14T07:41:21
14658,385,2026-03-20T03:51:24
14659,346,2026-04-20T06:08:56
14660,485,2026-04-04T08:24:20
14661,632,2026-04-24T01:34:16
14662,276,2026-03-25T23:45:52
14663,270,2026-04-16T14:05:53
14664,526,2026-03-10T13:34:43
14665,667,2026-04-18T07:46:07
14666,637,2026-04-06T02:08:53
14667,527,2026-03-03T14:10:02
14668,493,2026-04-11T13:01:48
14669,539,2026-03-29T06:51:44
14670,656,2026-03-01T10:56:25
14671,8,2026-04-20T17:28:11
14672,413,2026-04-02T05:51:03
14673,24,2026-04-06T11:35:02
14674,404,2026-04-04T17:59:17
14675,277,2026-03-06T01:06:28
14676,214,2026-03-20T08:40:20
14677,624,2026-04-12T15:43:36
14678,497,2026-03-21T10:38:06
14679,398,2026-04-23T05:29:42
14680,618,2026-03-20T04:12:09
14681,69,2026-03-28T17:10:26
14682,453,2026-03-27T16:38:01
14683,110,2026-03-02T11:34:55
14684,164,2026-04-18T13:29:26
14685,130,2026-03-09T15:02:22
14686,381,2026-03-29T12:22:10
14687,441,2026-04-24T05:52:13
14688,530,2026-04-29T12:40:16
14689,309,2026-03-14T04:45:05
14690,658,2026-03-23T10:05:28
14691,262,2026-04-03T14:27:08
14692,110,2026-04-11T03:30:09
14693,26,2026-03-16T06:46:05
14694,90,2026-04-01T18:45:03
14695,312,2026-04-20T14:05:49
14696,290,2026-04-15T16:49:45
14697,598,2026-04-19T05:02:40
14698,88,2026-04-23T14:29:53
14699,184,2026-04-21T14:14:27
14700,687,2026-03-31T02:21:20
14701,20,2026-04-28T08:25:25
14702,298,2026-03-30T05:34:27
14703,139,2026-04-12T04:01:06
14704,374,2026-04-26T05:07:17
14705,682,2026-03-03T14:41:28
14706,159,2026-04-26T02:05:27
14707,260,2026-04-19T00:14:23
14708,315,2026-04-29T14:49:05
14709,559,2026-04-15T23:12:16
14710,690,2026-03-10T07:07:27
14711,68,2026-03-19T13:28:13
14712,343,2026-03-01T15:25:27
14713,527,2026-04-06T07:07:19
14714,7,2026-03-27T09:24:18
14715,565,2026-03-29T00:50:55
14716,170,2026-04-14T14:58:52
14717,363,2026-04-19T02:03:42
14718,685,2026-03-05T16:42:25
14719,445,2026-04-25T05:41:48
14720,693,2026-03-22T23:45:08
14721,423,2026-04-15T06:46:11
14722,148,2026-04-03T23:40:45
14723,485,2026-03-27T07:52:54
14724,431,2026-03-13T18:16:08
14725,218,2026-03-11T22:07:29
14726,54,2026-04-13T13:21:05
14727,454,2026-03-20T12:11:58
14728,405,2026-03-14T03:10:22
14729,542,2026-03-01T11:02:48
14730,89,2026-04-20T15:32:47
14731,378,2026-03-24T11:49:09
14732,574,2026-03-21T09:04:57
14733,624,2026-03-23T13:39:57
14734,658,2026-04-05T07:54:39
14735,149,2026-03-29T07:28:57
14736,122,2026-04-02T08:11:53
14737,404,2026-03-17T21:40:33
14738,324,2026-03-18T05:12:34
14739,165,2026-04-21T03:07:59
14740,72,2026-03-27T03:29:11
14741,101,2026-04-28T10:00:28
14742,238,2026-04-20T17:19:33
14743,518,2026-04-12T14:47:05
14744,46,2026-04-02T06:09:44
14745,74,2026-04-20T08:30:37
14746,186,2026-03-04T12:59:04
14747,612,2026-03-30T04:13:50
14748,694,2026-04-12T01:16:25
14749,309,2026-03-07T09:42:06
14750,32,2026-03-11T14:44:05
14751,9,2026-03-04T10:29:16
14752,602,2026-03-30T14:43:23
14753,312,2026-04-02T14:37:24
14754,55,2026-03-29T18:14:33
14755,584,2026-03-04T03:49:39
14756,371,2026-03-30T03:16:43
14757,245,2026-04-23T01:40:26
14758,317,2026-03-02T11:32:21
14759,158,2026-04-16T00:32:44
14760,653,2026-03-17T03:51:07
14761,552,2026-03-05T03:54:54
14762,140,2026-03-04T05:44:29
14763,515,2026-03-01T20:35:37
14764,126,2026-03-25T14:18:07
14765,318,2026-03-30T01:43:05
14766,525,2026-04-07T15:02:05
14767,26,2026-03-05T07:06:23
14768,509,2026-04-09T03:36:43
14769,159,2026-04-14T05:16:57
14770,490,2026-03-04T17:28:36
14771,350,2026-04-10T00:56:25
14772,19,2026-03-08T11:20:31
14773,534,2026-03-27T02:25:10
14774,182,2026-04-09T04:38:10
14775,667,2026-04-22T07:44:51
14776,588,2026-04-01T15:57:55
14777,135,2026-03-27T11:19:50
14778,421,2026-04-20T01:54:51
14779,254,2026-03-13T03:13:43
14780,422,2026-03-13T16:39:50
14781,390,2026-03-27T23:04:02
14782,208,2026-03-08T10:57:03
14783,456,2026-03-02T12:47:53
14784,183,2026-03-22T07:23:04
14785,636,2026-03-10T06:54:15
14786,663,2026-04-08T17:06:28
14787,117,2026-04-02T02:21:31
14788,510,2026-03-30T15:27:17
14789,651,2026-03-30T16:39:53
14790,89,2026-03-06T16:39:20
14791,518,2026-03-25T16:03:47
14792,657,2026-03-05T03:48:42
14793,158,2026-03-22T03:08:02
14794,408,2026-04-09T23:56:56
14795,559,2026-04-29T01:24:12
14796,234,2026-03-18T09:31:36
14797,167,2026-03-16T11:23:36
14798,278,2026-04-10T07:22:01
14799,235,2026-04-25T15:27:58
14800,508,2026-03-18T00:16:02
14801,260,2026-04-20T03:54:25
14802,264,2026-03-19T14:36:13
14803,662,2026-04-08T15:27:12
14804,406,2026-03-13T00:41:00
14805,651,2026-03-16T18:03:07
14806,498,2026-04-29T01:37:08
14807,620,2026-03-24T01:10:40
14808,137,2026-03-01T15:11:03
14809,657,2026-04-16T00:39:32
14810,661,2026-03-08T15:26:16
14811,29,2026-03-07T05:10:02
14812,250,2026-04-20T16:04:02
14813,290,2026-03-21T15:36:50
14814,294,2026-03-09T10:31:54
14815,545,2026-04-28T06:14:37
14816,489,2026-03-17T06:12:31
14817,150,2026-04-06T22:44:14
14818,427,2026-03-16T03:53:51
14819,683,2026-04-04T17:56:29
14820,309,2026-04-11T07:48:40
14821,650,2026-04-15T11:14:47
14822,455,2026-03-25T11:43:27
14823,648,2026-04-05T20:23:19
14824,632,2026-04-20T00:06:27
14825,12,2026-04-19T21:10:53
14826,561,2026-04-14T08:26:43
14827,133,2026-03-24T18:16:41
14828,577,2026-04-01T04:10:19
14829,566,2026-04-28T05:46:19
14830,181,2026-03-15T01:02:31
14831,47,2026-04-11T07:57:01
14832,294,2026-04-17T10:24:07
14833,213,2026-03-28T23:19:33
14834,388,2026-04-21T04:18:47
14835,58,2026-03-26T12:40:22
14836,31,2026-04-20T17:55:19
14837,306,2026-04-08T06:16:42
14838,539,2026-03-04T07:55:10
14839,221,2026-04-19T01:54:05
14840,227,2026-04-11T06:56:44
14841,115,2026-03-14T09:37:29
14842,198,2026-04-12T17:00:05
14843,210,2026-03-31T12:18:38
14844,182,2026-04-26T02:31:57
14845,241,2026-03-19T17:47:21
14846,199,2026-03-16T00:01:41
14847,477,2026-03-04T10:34:42
14848,237,2026-04-17T04:36:44
14849,529,2026-04-29T06:02:28
14850,424,2026-04-11T15:30:04
14851,449,2026-03-23T16:25:07
14852,409,2026-04-22T17:25:33
14853,647,2026-03-16T02:44:30
14854,179,2026-04-11T12:03:01
14855,688,2026-04-05T00:45:14
14856,145,2026-04-21T08:06:19
14857,97,2026-04-28T04:42:48
14858,579,2026-03-22T02:18:43
14859,628,2026-03-06T05:31:51
14860,65,2026-03-10T16:14:12
14861,420,2026-04-14T06:59:52
14862,359,2026-03-22T13:10:41
14863,155,2026-03-09T17:24:02
14864,365,2026-04-18T08:51:33
14865,481,2026-04-08T05:22:15
14866,402,2026-03-08T14:01:54
14867,364,2026-04-12T02:12:26
14868,620,2026-04-08T06:13:29
14869,158,2026-04-29T00:04:56
14870,437,2026-04-29T03:55:18
14871,222,2026-04-28T02:49:37
14872,682,2026-04-23T08:52:52
14873,177,2026-04-17T06:33:34
14874,610,2026-04-10T04:21:28
14875,443,2026-04-02T01:51:18
14876,151,2026-04-17T14:48:17
14877,532,2026-04-27T14:43:50
14878,169,2026-03-07T04:09:24
14879,184,2026-03-09T13:50:19
14880,242,2026-03-30T05:38:26
14881,478,2026-03-18T03:41:03
14882,275,2026-04-01T00:52:13
14883,399,2026-03-19T13:16:54
14884,388,2026-04-16T07:28:47
14885,138,2026-04-23T08:20:53
14886,163,2026-03-17T05:10:49
14887,215,2026-04-16T03:30:02
14888,156,2026-03-07T17:34:26
14889,644,2026-04-17T16:16:07
14890,267,2026-04-11T18:44:01
14891,284,2026-04-12T07:18:14
14892,471,2026-03-30T05:51:06
14893,552,2026-03-06T23:44:54
14894,482,2026-04-20T05:22:30
14895,386,2026-03-07T01:44:56
14896,684,2026-03-28T23:17:15
14897,630,2026-03-11T15:35:30
14898,142,2026-04-20T00:41:19
14899,113,2026-04-04T05:12:30
14900,276,2026-03-31T03:14:31
14901,585,2026-03-20T03:07:02
14902,676,2026-04-16T03:14:39
14903,492,2026-03-13T01:41:12
14904,484,2026-04-13T07:10:11
14905,164,2026-04-28T13:53:59
14906,415,2026-03-16T20:22:41
14907,130,2026-04-11T14:18:05
14908,378,2026-03-19T16:26:06
14909,136,2026-04-25T05:38:04
14910,53,2026-04-23T05:43:33
14911,678,2026-03-19T06:40:40
14912,626,2026-03-14T01:06:40
14913,480,2026-03-05T07:52:00
14914,438,2026-04-11T12:25:17
14915,168,2026-04-25T15:51:11
14916,401,2026-03-09T06:39:50
14917,524,2026-04-18T02:04:08
14918,378,2026-04-15T11:32:47
14919,198,2026-03-29T16:49:14
14920,275,2026-03-14T01:47:52
14921,589,2026-04-09T07:43:19
14922,179,2026-04-05T15:53:20
14923,673,2026-04-18T15:33:32
14924,529,2026-04-03T00:12:55
14925,624,2026-03-03T15:00:26
14926,357,2026-03-13T01:54:29
14927,157,2026-03-23T06:38:23
14928,24,2026-03-30T13:53:18
14929,375,2026-03-21T13:47:59
14930,280,2026-04-22T07:21:37
14931,80,2026-03-17T04:10:58
14932,651,2026-04-10T11:48:53
14933,680,2026-03-22T13:51:25
14934,262,2026-04-29T14:30:53
14935,468,2026-04-24T09:14:07
14936,290,2026-04-17T17:48:14
14937,348,2026-04-15T06:50:27
14938,437,2026-04-08T05:44:09
14939,292,2026-04-05T11:31:00
14940,562,2026-04-03T05:57:26
14941,133,2026-03-02T16:56:03
14942,468,2026-04-26T16:13:56
14943,689,2026-04-28T08:18:32
14944,596,2026-04-01T06:44:57
14945,33,2026-04-21T22:09:38
14946,80,2026-03-25T04:00:16
14947,441,2026-03-07T09:30:39
14948,648,2026-04-19T19:55:04
14949,591,2026-03-31T08:52:30
14950,633,2026-04-26T01:11:42
14951,105,2026-03-13T15:13:26
14952,364,2026-03-29T09:22:13
14953,509,2026-04-10T04:55:55
14954,438,2026-03-09T12:50:12
14955,544,2026-04-29T06:54:16
14956,149,2026-04-06T10:28:44
14957,320,2026-03-11T03:04:15
14958,314,2026-04-14T01:39:12
14959,658,2026-04-22T08:54:08
14960,142,2026-03-23T01:21:47
14961,229,2026-04-06T10:14:07
14962,16,2026-04-14T17:33:55
14963,107,2026-03-09T09:14:08
14964,687,2026-04-01T01:50:09
14965,594,2026-04-02T23:24:57
14966,182,2026-03-18T20:53:32
14967,492,2026-03-18T05:36:43
14968,416,2026-04-07T12:27:42
14969,635,2026-04-15T01:27:17
14970,211,2026-03-24T18:43:32
14971,697,2026-03-09T07:14:28
14972,260,2026-04-17T03:28:54
14973,502,2026-03-11T07:51:50
14974,279,2026-03-01T06:56:04
14975,471,2026-03-20T05:02:38
14976,235,2026-04-19T11:43:59
14977,591,2026-04-15T05:50:27
14978,447,2026-03-19T10:25:33
14979,203,2026-04-01T05:13:45
14980,673,2026-04-27T11:29:12
14981,497,2026-04-13T12:54:17
14982,301,2026-04-15T01:10:37
14983,96,2026-03-06T02:19:58
14984,682,2026-03-15T11:56:39
14985,529,2026-03-07T05:39:46
14986,468,2026-04-28T14:15:00
14987,584,2026-03-21T04:40:05
14988,425,2026-03-30T18:10:50
14989,163,2026-04-03T06:43:46
14990,166,2026-04-01T09:27:04
14991,56,2026-03-04T12:53:23
14992,45,2026-04-24T03:43:12
14993,511,2026-03-23T01:07:36
14994,597,2026-04-25T05:40:35
14995,115,2026-04-15T10:39:01
14996,402,2026-04-11T13:15:46
14997,87,2026-04-12T07:30:10
14998,291,2026-04-28T09:15:38
14999,554,2026-03-19T04:44:49
15000,569,2026-03-20T13:14:37
15001,665,2026-04-10T03:24:59
15002,218,2026-03-14T04:36:29
15003,665,2026-04-18T07:02:16
15004,549,2026-03-02T11:57:30
15005,238,2026-04-23T15:02:43
15006,230,2026-03-21T08:53:25
15007,76,2026-03-01T07:39:05
15008,645,2026-04-06T11:30:16
15009,143,2026-03-17T10:29:31
15010,188,2026-03-19T04:22:21
15011,290,2026-03-29T16:43:54
15012,97,2026-04-04T04:23:52
15013,565,2026-03-08T21:31:38
15014,489,2026-03-03T07:48:22
15015,110,2026-03-28T05:39:10
15016,114,2026-03-22T11:39:45
15017,16,2026-04-04T20:34:57
15018,665,2026-04-14T06:02:36
15019,306,2026-04-06T03:04:00
15020,459,2026-03-07T06:04:13
15021,105,2026-04-29T16:16:33
15022,162,2026-04-12T03:28:09
15023,380,2026-03-03T12:14:34
15024,147,2026-04-15T05:31:07
15025,430,2026-04-22T07:52:26
15026,647,2026-04-04T03:57:29
15027,214,2026-04-19T10:39:38
15028,426,2026-04-23T04:08:12
15029,641,2026-04-27T13:44:35
15030,626,2026-04-27T01:48:15
15031,6,2026-03-12T09:47:25
15032,78,2026-03-03T18:53:50
15033,691,2026-04-09T02:00:03
15034,648,2026-04-09T20:22:29
15035,226,2026-04-04T04:35:56
15036,365,2026-03-15T09:09:19
15037,401,2026-04-26T08:23:25
15038,468,2026-03-25T13:14:11
15039,526,2026-04-14T06:13:09
15040,262,2026-04-07T14:39:26
15041,623,2026-04-23T14:39:34
15042,42,2026-04-12T05:04:15
15043,23,2026-04-08T07:40:33
15044,671,2026-04-20T14:53:02
15045,125,2026-03-04T11:02:31
15046,697,2026-04-12T06:45:52
15047,201,2026-04-05T11:42:42
15048,256,2026-04-16T11:47:34
15049,20,2026-03-14T03:57:57
15050,661,2026-04-05T14:44:49
15051,252,2026-03-18T15:21:03
15052,118,2026-03-08T08:07:44
15053,339,2026-04-04T07:54:43
15054,109,2026-03-02T12:43:00
15055,553,2026-03-06T10:26:24
15056,52,2026-04-01T09:35:39
15057,350,2026-04-23T02:31:39
15058,274,2026-04-12T16:03:08
15059,27,2026-03-01T12:15:14
15060,37,2026-03-07T08:17:04
15061,364,2026-03-26T07:37:30
15062,277,2026-03-25T23:25:01
15063,91,2026-03-03T08:25:37
15064,97,2026-03-16T05:32:50
15065,564,2026-03-08T08:53:46
15066,512,2026-04-04T06:10:34
15067,426,2026-04-09T08:06:40
15068,584,2026-03-24T04:31:46
15069,49,2026-04-04T13:51:46
15070,482,2026-03-13T01:57:38
15071,527,2026-04-21T07:19:58
15072,141,2026-03-01T18:21:08
15073,376,2026-03-31T09:49:28
15074,537,2026-03-20T11:09:36
15075,423,2026-03-28T03:21:50
15076,175,2026-03-31T12:28:06
15077,466,2026-04-08T12:17:18
15078,532,2026-04-25T19:27:03
15079,7,2026-04-03T05:59:18
15080,398,2026-03-14T05:55:20
15081,354,2026-04-01T12:22:19
15082,257,2026-03-31T13:27:05
15083,31,2026-04-21T10:55:35
15084,59,2026-04-03T07:14:42
15085,526,2026-04-22T08:34:12
15086,580,2026-04-08T07:13:36
15087,294,2026-04-04T10:38:22
15088,658,2026-03-20T08:02:40
15089,650,2026-03-16T10:12:27
15090,467,2026-03-06T11:44:54
15091,407,2026-04-02T13:41:44
15092,676,2026-04-25T09:16:21
15093,427,2026-03-01T02:12:29
15094,654,2026-04-27T07:47:33
15095,686,2026-04-21T05:58:07
15096,137,2026-03-27T15:33:22
15097,463,2026-03-19T08:43:16
15098,512,2026-04-04T02:42:08
15099,575,2026-04-21T16:54:14
15100,245,2026-03-02T06:12:50
15101,604,2026-03-27T07:34:48
15102,342,2026-03-03T14:09:34
15103,271,2026-04-08T03:19:37
15104,110,2026-03-05T06:25:37
15105,225,2026-03-19T07:55:41
15106,683,2026-04-14T14:21:15
15107,502,2026-04-15T11:01:33
15108,509,2026-03-14T04:30:49
15109,627,2026-03-31T20:25:02
15110,187,2026-03-12T15:44:30
15111,464,2026-04-05T10:00:06
15112,261,2026-03-01T18:54:04
15113,594,2026-04-17T22:44:37
15114,296,2026-03-02T14:35:19
15115,599,2026-04-06T13:51:30
15116,524,2026-03-25T04:13:27
15117,541,2026-03-14T18:24:33
15118,648,2026-04-02T00:17:20
15119,554,2026-03-09T03:16:31
15120,226,2026-04-04T02:54:06
15121,366,2026-04-08T02:54:14
15122,331,2026-03-28T04:12:19
15123,46,2026-03-22T07:14:31
15124,416,2026-03-28T13:05:00
15125,307,2026-04-27T00:09:53
15126,276,2026-04-14T23:55:12
15127,77,2026-03-01T10:11:50
15128,353,2026-03-18T10:01:38
15129,406,2026-03-02T01:52:18
15130,74,2026-03-15T10:44:32
15131,445,2026-04-16T06:42:16
15132,118,2026-04-21T11:08:22
15133,102,2026-03-28T06:01:48
15134,281,2026-04-11T05:39:57
15135,273,2026-03-22T21:33:28
15136,641,2026-03-29T14:11:02
15137,48,2026-04-19T14:27:26
15138,245,2026-03-17T01:53:38
15139,515,2026-03-20T15:54:30
15140,175,2026-03-09T15:02:37
15141,688,2026-03-14T05:02:08
15142,521,2026-03-02T22:18:31
15143,663,2026-04-18T18:44:24
15144,665,2026-04-21T07:46:15
15145,77,2026-03-26T09:31:57
15146,322,2026-04-05T01:34:30
15147,522,2026-03-15T07:28:21
15148,7,2026-03-03T12:25:28
15149,317,2026-03-31T16:07:38
15150,482,2026-03-10T00:26:08
15151,556,2026-04-20T07:59:58
15152,291,2026-03-17T05:30:14
15153,605,2026-04-13T21:35:06
15154,472,2026-03-16T03:59:26
15155,32,2026-03-08T16:01:57
15156,195,2026-04-02T08:40:22
15157,657,2026-03-11T03:15:34
15158,2,2026-03-24T07:29:07
15159,76,2026-03-18T04:00:29
15160,242,2026-04-22T00:19:14
15161,696,2026-03-31T08:32:00
15162,494,2026-04-13T13:30:35
15163,104,2026-04-05T12:23:31
15164,276,2026-04-24T00:55:42
15165,658,2026-03-27T05:13:59
15166,154,2026-04-20T23:13:45
15167,403,2026-04-23T15:34:51
15168,325,2026-04-25T05:20:32
15169,533,2026-04-11T14:16:56
15170,527,2026-04-28T11:03:03
15171,584,2026-04-14T05:31:47
15172,84,2026-03-19T02:37:13
15173,318,2026-03-10T03:34:58
15174,485,2026-03-13T05:46:43
15175,294,2026-04-04T07:39:11
15176,468,2026-03-10T14:37:17
15177,446,2026-03-15T04:18:04
15178,260,2026-04-06T18:48:40
15179,71,2026-03-20T16:53:12
15180,680,2026-04-10T15:46:38
15181,579,2026-04-28T23:06:03
15182,627,2026-03-06T17:58:30
15183,210,2026-04-08T15:33:13
15184,222,2026-04-18T22:27:18
15185,227,2026-03-09T11:13:25
15186,22,2026-04-16T02:05:04
15187,119,2026-03-31T03:50:22
15188,216,2026-04-07T02:32:43
15189,692,2026-03-04T04:54:20
15190,144,2026-03-27T16:46:14
15191,356,2026-03-23T13:48:29
15192,384,2026-03-10T19:24:16
15193,252,2026-04-15T16:22:53
15194,644,2026-03-31T16:26:07
15195,66,2026-04-22T15:00:29
15196,610,2026-03-10T01:44:43
15197,521,2026-04-13T03:53:23
15198,215,2026-04-06T02:01:57
15199,538,2026-04-09T07:53:59
15200,301,2026-03-18T23:39:28
15201,680,2026-04-11T10:33:42
15202,26,2026-03-15T03:42:21
15203,21,2026-04-15T08:01:57
15204,381,2026-03-27T16:58:30
15205,653,2026-03-29T03:52:36
15206,45,2026-04-04T06:43:23
15207,545,2026-03-06T06:19:25
15208,658,2026-03-23T05:07:18
15209,341,2026-03-13T03:18:15
15210,607,2026-04-27T03:29:58
15211,530,2026-03-26T11:59:20
15212,150,2026-03-01T04:24:56
15213,598,2026-03-02T09:43:00
15214,490,2026-04-24T13:24:37
15215,9,2026-03-10T20:03:48
15216,398,2026-03-01T04:47:01
15217,459,2026-03-13T05:20:03
15218,561,2026-03-14T11:34:22
15219,540,2026-03-05T07:20:18
15220,333,2026-04-29T08:43:11
15221,210,2026-03-04T14:48:30
15222,135,2026-04-13T15:44:34
15223,63,2026-04-20T01:53:51
15224,448,2026-04-07T23:41:23
15225,672,2026-03-08T02:31:47
15226,57,2026-04-13T12:45:24
15227,492,2026-03-20T03:41:45
15228,410,2026-03-25T02:13:55
15229,121,2026-03-16T04:17:24
15230,149,2026-04-17T11:05:54
15231,200,2026-04-04T11:45:33
15232,480,2026-03-10T12:09:16
15233,210,2026-03-25T15:05:51
15234,580,2026-04-17T06:48:37
15235,259,2026-04-26T03:03:33
15236,77,2026-04-26T12:57:51
15237,67,2026-03-09T07:13:39
15238,281,2026-04-21T04:56:57
15239,286,2026-04-03T09:39:00
15240,514,2026-04-14T08:00:44
15241,336,2026-03-24T07:46:29
15242,115,2026-04-09T04:59:05
15243,150,2026-03-15T22:55:21
15244,397,2026-04-01T14:53:40
15245,234,2026-03-14T13:14:03
15246,471,2026-03-24T10:11:29
15247,647,2026-03-25T03:18:40
15248,249,2026-04-21T15:33:17
15249,387,2026-04-07T12:46:52
15250,583,2026-04-08T02:59:53
15251,148,2026-03-18T04:28:38
15252,358,2026-03-27T08:28:38
15253,214,2026-03-29T05:50:16
15254,439,2026-04-17T02:57:54
15255,521,2026-03-11T23:25:29
15256,99,2026-03-04T09:32:04
15257,132,2026-03-31T01:15:20
15258,17,2026-04-18T14:20:47
15259,9,2026-04-14T18:45:34
15260,36,2026-04-18T06:09:35
15261,495,2026-03-24T09:17:41
15262,633,2026-03-14T03:06:18
15263,287,2026-04-09T10:15:15
15264,618,2026-03-03T05:42:52
15265,511,2026-04-23T05:51:29
15266,566,2026-04-12T05:19:47
15267,518,2026-03-31T13:53:37
15268,140,2026-03-12T04:24:34
15269,367,2026-03-16T04:15:30
15270,368,2026-04-29T00:56:58
15271,450,2026-03-01T08:30:34
15272,558,2026-03-01T07:11:47
15273,79,2026-03-21T15:13:13
15274,473,2026-03-14T05:22:28
15275,584,2026-04-10T06:06:32
15276,81,2026-03-02T23:54:03
15277,291,2026-04-17T06:37:59
15278,627,2026-04-16T14:56:36
15279,18,2026-03-14T07:14:06
15280,113,2026-04-04T04:48:26
15281,563,2026-04-10T11:40:59
15282,121,2026-04-20T09:22:34
15283,492,2026-04-13T05:20:13
15284,631,2026-04-27T11:07:02
15285,349,2026-03-07T09:47:24
15286,340,2026-04-06T03:47:49
15287,301,2026-04-16T01:33:16
15288,262,2026-03-14T10:50:48
15289,267,2026-03-14T16:37:33
15290,388,2026-03-06T00:42:45
15291,627,2026-04-29T11:59:54
15292,687,2026-04-21T06:20:46
15293,607,2026-03-08T00:39:41
15294,84,2026-03-15T00:39:10
15295,215,2026-03-28T01:54:44
15296,530,2026-04-23T09:42:30
15297,382,2026-04-19T02:15:12
15298,235,2026-04-22T11:53:45
15299,218,2026-04-19T04:48:54
15300,82,2026-04-07T06:08:37
15301,233,2026-03-18T06:44:52
15302,296,2026-04-06T11:15:31
15303,292,2026-03-30T08:16:53
15304,385,2026-04-26T22:24:21
15305,192,2026-03-27T08:18:01
15306,145,2026-04-15T06:48:39
15307,622,2026-03-11T04:11:20
15308,284,2026-04-10T08:53:02
15309,179,2026-03-28T11:03:32
15310,445,2026-03-27T09:16:01
15311,380,2026-04-15T10:27:30
15312,404,2026-03-30T15:30:26
15313,156,2026-03-04T16:53:16
15314,507,2026-03-24T03:36:32
15315,135,2026-04-27T14:31:24
15316,586,2026-04-26T08:09:19
15317,297,2026-04-06T13:02:04
15318,287,2026-04-08T10:47:40
15319,272,2026-03-16T15:34:04
15320,297,2026-04-16T10:28:55
15321,466,2026-04-05T09:30:50
15322,348,2026-03-03T05:53:07
15323,89,2026-04-26T17:27:21
15324,397,2026-04-21T12:32:28
15325,187,2026-03-05T16:30:34
15326,76,2026-03-26T08:49:56
15327,588,2026-04-14T16:13:01
15328,219,2026-04-14T16:02:57
15329,417,2026-03-11T16:57:38
15330,121,2026-03-03T11:26:29
15331,238,2026-04-29T15:34:19
15332,271,2026-04-23T02:25:46
15333,94,2026-04-14T12:17:02
15334,682,2026-04-09T11:11:11
15335,219,2026-04-11T14:40:51
15336,408,2026-03-28T04:33:48
15337,396,2026-04-11T14:37:27
15338,301,2026-03-19T00:45:58
15339,410,2026-03-06T01:17:23
15340,397,2026-03-19T16:29:19
15341,57,2026-03-18T13:36:08
15342,469,2026-03-19T04:49:14
15343,80,2026-03-29T01:05:14
15344,305,2026-03-08T02:17:07
15345,256,2026-03-25T10:11:58
15346,314,2026-03-28T03:17:26
15347,51,2026-03-12T10:56:59
15348,491,2026-03-28T13:10:19
15349,293,2026-04-10T12:45:53
15350,43,2026-03-25T10:47:29
15351,3,2026-03-01T06:44:14
15352,379,2026-04-12T09:08:31
15353,467,2026-04-04T08:04:12
15354,384,2026-03-26T10:08:51
15355,505,2026-03-02T17:50:18
15356,530,2026-03-06T11:00:52
15357,611,2026-03-05T02:43:44
15358,688,2026-04-21T00:23:26
15359,620,2026-03-19T06:56:27
15360,558,2026-03-26T10:26:45
15361,302,2026-04-11T09:27:01
15362,353,2026-04-09T12:27:33
15363,432,2026-03-04T02:48:42
15364,119,2026-04-25T05:45:43
15365,475,2026-03-16T00:57:53
15366,412,2026-04-15T23:24:42
15367,365,2026-04-19T07:50:26
15368,585,2026-04-01T23:00:49
15369,482,2026-03-10T01:37:10
15370,653,2026-04-02T02:36:09
15371,684,2026-03-15T01:03:00
15372,578,2026-04-20T06:10:47
15373,209,2026-04-15T03:58:18
15374,133,2026-04-19T12:01:13
15375,210,2026-04-19T15:30:11
15376,499,2026-03-11T15:46:41
15377,606,2026-03-02T10:58:28
15378,617,2026-04-07T06:14:57
15379,479,2026-04-06T14:37:41
15380,477,2026-04-21T10:45:35
15381,667,2026-04-08T14:54:10
15382,481,2026-04-18T05:38:53
15383,99,2026-03-21T12:13:18
15384,351,2026-03-08T06:52:48
15385,252,2026-03-03T16:56:00
15386,446,2026-03-27T03:21:42
15387,446,2026-03-01T07:29:46
15388,207,2026-04-01T15:39:04
15389,210,2026-03-25T16:49:42
15390,63,2026-03-16T02:34:01
15391,206,2026-04-05T04:44:32
15392,580,2026-04-10T07:46:54
15393,459,2026-03-03T03:12:23
15394,661,2026-03-29T20:19:41
15395,649,2026-04-26T15:50:11
15396,600,2026-03-18T15:35:32
15397,126,2026-04-16T10:12:27
15398,234,2026-03-21T15:32:00
15399,41,2026-03-17T04:12:50
15400,66,2026-04-21T17:02:07
15401,162,2026-03-22T03:27:03
15402,197,2026-04-21T14:02:41
15403,11,2026-04-09T02:57:49
15404,590,2026-04-18T08:54:14
15405,369,2026-04-18T13:13:40
15406,460,2026-04-24T11:38:21
15407,458,2026-04-03T08:23:46
15408,677,2026-04-27T06:36:49
15409,104,2026-03-04T08:31:34
15410,240,2026-03-30T09:44:19
15411,216,2026-03-24T01:45:21
15412,387,2026-03-06T15:00:31
15413,369,2026-04-22T12:50:11
15414,554,2026-04-18T07:13:04
15415,393,2026-04-14T14:38:40
15416,164,2026-04-08T14:39:29
15417,396,2026-04-06T14:38:30
15418,675,2026-03-22T22:43:42
15419,406,2026-04-11T05:07:28
15420,415,2026-04-28T15:37:13
15421,124,2026-03-16T06:22:00
15422,6,2026-03-21T13:24:34
15423,147,2026-03-07T06:08:35
15424,18,2026-04-24T05:35:35
15425,317,2026-04-01T16:19:05
15426,618,2026-04-05T04:41:48
15427,313,2026-03-16T07:28:54
15428,452,2026-03-03T13:24:21
15429,599,2026-04-18T14:30:01
15430,535,2026-04-21T16:33:53
15431,456,2026-03-21T12:40:38
15432,549,2026-04-15T12:04:28
15433,197,2026-04-04T14:48:10
15434,295,2026-04-08T12:10:01
15435,280,2026-03-11T05:13:13
15436,560,2026-04-06T15:46:04
15437,287,2026-03-10T05:00:10
15438,657,2026-03-14T02:22:54
15439,131,2026-03-22T02:39:40
15440,121,2026-03-13T08:46:04
15441,502,2026-04-24T11:53:47
15442,535,2026-03-02T16:40:47
15443,476,2026-04-24T07:14:11
15444,216,2026-03-10T04:21:59
15445,7,2026-04-22T12:01:07
15446,226,2026-03-20T20:46:50
15447,327,2026-04-25T05:00:18
15448,289,2026-04-02T19:07:24
15449,646,2026-03-30T01:58:26
15450,605,2026-03-08T01:09:13
15451,543,2026-03-27T05:17:50
15452,16,2026-04-03T16:24:09
15453,90,2026-04-29T05:08:36
15454,304,2026-03-16T08:39:22
15455,436,2026-03-05T10:18:58
15456,477,2026-03-16T13:17:29
15457,208,2026-03-15T08:34:52
15458,78,2026-04-26T18:19:28
15459,230,2026-03-10T07:13:42
15460,555,2026-04-28T23:51:37
15461,691,2026-03-07T01:34:22
15462,660,2026-04-18T13:53:47
15463,416,2026-03-25T18:21:19
15464,64,2026-03-04T12:54:09
15465,678,2026-04-06T06:53:40
15466,108,2026-04-13T21:01:19
15467,188,2026-04-20T04:07:42
15468,682,2026-03-11T11:47:44
15469,353,2026-04-07T09:17:43
15470,139,2026-04-04T06:45:53
15471,352,2026-03-27T11:26:46
15472,56,2026-04-23T11:15:50
15473,221,2026-03-26T01:13:56
15474,667,2026-03-23T09:13:58
15475,209,2026-04-01T05:39:02
15476,625,2026-04-25T07:02:47
15477,381,2026-04-22T17:11:51
15478,460,2026-04-12T09:49:58
15479,493,2026-03-05T14:19:12
15480,387,2026-03-19T13:36:56
15481,25,2026-03-01T00:17:59
15482,644,2026-03-06T11:00:39
15483,333,2026-04-19T09:26:23
15484,459,2026-04-18T06:13:42
15485,388,2026-03-07T02:44:07
15486,461,2026-03-28T06:49:18
15487,249,2026-03-17T14:52:33
15488,591,2026-03-05T04:36:53
15489,158,2026-03-23T01:04:27
15490,458,2026-03-07T07:51:41
15491,405,2026-04-14T07:50:33
15492,353,2026-04-28T09:08:53
15493,16,2026-03-26T12:24:52
15494,273,2026-03-15T01:57:12
15495,34,2026-03-30T07:48:28
15496,353,2026-04-27T09:12:22
15497,482,2026-03-10T00:37:39
15498,366,2026-04-09T23:18:05
15499,530,2026-03-06T09:52:14
15500,253,2026-03-19T15:55:55
15501,215,2026-03-26T23:46:47
15502,314,2026-03-24T01:18:48
15503,161,2026-03-11T04:23:38
15504,562,2026-04-16T06:35:45
15505,567,2026-04-10T11:56:28
15506,292,2026-03-27T05:20:26
15507,555,2026-03-26T06:33:25
15508,18,2026-03-05T11:44:00
15509,109,2026-04-09T16:22:19
15510,199,2026-03-14T04:18:58
15511,272,2026-03-19T17:23:46
15512,163,2026-04-21T07:26:23
15513,359,2026-04-08T07:05:08
15514,556,2026-04-11T12:05:14
15515,320,2026-03-16T00:41:36
15516,315,2026-03-31T14:55:51
15517,42,2026-03-01T08:48:20
15518,197,2026-03-15T15:54:12
15519,566,2026-04-18T07:50:24
15520,568,2026-03-29T11:48:10
15521,73,2026-04-08T08:03:27
15522,14,2026-04-17T10:52:28
15523,582,2026-04-26T05:26:18
15524,122,2026-03-05T07:36:27
15525,403,2026-04-04T19:53:35
15526,579,2026-04-29T01:05:53
15527,552,2026-03-12T06:15:46
15528,386,2026-04-20T23:04:59
15529,264,2026-04-04T14:25:34
15530,542,2026-03-20T11:47:15
15531,487,2026-04-16T12:29:04
15532,587,2026-04-22T04:31:12
15533,360,2026-03-09T03:14:21
15534,660,2026-04-10T16:16:28
15535,539,2026-04-26T08:33:34
15536,45,2026-04-09T04:02:26
15537,206,2026-04-02T02:26:19
15538,560,2026-03-09T09:59:49
15539,82,2026-03-28T07:34:36
15540,497,2026-04-24T12:05:05
15541,239,2026-04-17T16:25:31
15542,145,2026-03-28T07:21:09
15543,378,2026-03-19T13:41:47
15544,653,2026-04-18T03:40:12
15545,629,2026-04-28T01:58:31
15546,283,2026-03-18T07:37:04
15547,3,2026-04-17T23:14:56
15548,622,2026-03-19T00:07:03
15549,629,2026-04-19T03:09:38
15550,424,2026-04-27T13:37:30
15551,440,2026-04-09T05:35:03
15552,369,2026-03-30T16:20:53
15553,9,2026-03-19T16:44:24
15554,112,2026-03-04T00:10:49
15555,101,2026-03-04T10:42:27
15556,641,2026-04-20T12:37:11
15557,35,2026-04-09T01:10:17
15558,390,2026-03-14T00:54:08
15559,254,2026-04-03T07:52:24
15560,5,2026-04-21T20:45:36
15561,644,2026-04-08T18:39:32
15562,13,2026-04-24T10:09:19
15563,600,2026-03-08T13:58:21
15564,545,2026-03-05T04:10:30
15565,556,2026-04-09T10:48:17
15566,114,2026-04-04T12:28:43
15567,617,2026-04-11T04:40:19
15568,420,2026-04-28T03:01:53
15569,282,2026-03-07T15:19:14
15570,477,2026-04-25T11:01:11
15571,240,2026-03-04T08:43:56
15572,196,2026-04-01T03:15:04
15573,202,2026-04-19T08:18:00
15574,399,2026-04-10T14:06:13
15575,421,2026-03-14T04:07:10
15576,169,2026-04-06T07:32:33
15577,172,2026-04-24T17:20:51
15578,663,2026-03-13T19:02:05
15579,361,2026-04-26T11:50:31
15580,603,2026-04-09T03:14:19
15581,232,2026-03-06T01:02:46
15582,202,2026-03-20T11:03:18
15583,198,2026-04-21T12:24:18
15584,371,2026-03-21T11:31:06
15585,546,2026-04-26T03:07:00
15586,351,2026-03-26T06:21:58
15587,207,2026-03-21T19:20:25
15588,673,2026-04-21T14:04:51
15589,401,2026-04-17T01:39:58
15590,276,2026-03-14T23:21:35
15591,7,2026-04-16T09:42:32
15592,394,2026-03-16T02:00:53
15593,435,2026-04-23T15:02:44
15594,651,2026-03-01T15:49:17
15595,162,2026-04-08T22:19:59
15596,114,2026-03-10T14:21:50
15597,700,2026-04-10T00:25:01
15598,386,2026-04-28T04:39:40
15599,19,2026-04-10T16:42:02
15600,74,2026-03-27T07:42:13
15601,333,2026-04-19T07:52:37
15602,433,2026-03-12T06:33:40
15603,171,2026-04-02T00:15:13
15604,256,2026-04-27T12:35:30
15605,516,2026-03-22T13:17:05
15606,678,2026-03-02T07:25:29
15607,344,2026-03-27T14:01:15
15608,291,2026-03-30T13:24:55
15609,253,2026-04-18T15:35:47
15610,96,2026-04-18T04:18:23
15611,37,2026-03-21T13:06:25
15612,584,2026-04-16T03:04:55
15613,26,2026-03-09T03:07:52
15614,575,2026-03-12T14:20:49
15615,174,2026-04-05T22:59:32
15616,487,2026-04-12T11:27:25
15617,667,2026-04-18T09:54:36
15618,525,2026-04-07T14:08:46
15619,511,2026-03-08T04:58:06
15620,186,2026-04-10T13:54:06
15621,419,2026-03-26T01:05:26
15622,450,2026-03-16T09:00:30
15623,298,2026-03-21T08:38:11
15624,27,2026-04-18T13:13:03
15625,639,2026-03-11T06:38:30
15626,138,2026-04-03T08:40:11
15627,682,2026-03-05T09:03:08
15628,653,2026-04-13T00:49:21
15629,14,2026-03-09T11:51:54
15630,518,2026-04-26T14:28:05
15631,444,2026-04-22T10:55:27
15632,162,2026-04-21T03:35:53
15633,569,2026-03-21T12:43:00
15634,78,2026-04-16T14:16:52
15635,175,2026-03-09T17:37:47
15636,665,2026-03-18T07:57:00
15637,520,2026-03-08T02:46:24
15638,79,2026-03-04T12:38:05
15639,101,2026-03-23T04:24:22
15640,180,2026-04-04T14:07:56
15641,50,2026-04-21T10:20:50
15642,128,2026-03-03T08:44:00
15643,401,2026-03-25T05:31:49
15644,6,2026-04-12T13:07:57
15645,202,2026-03-13T08:14:38
15646,220,2026-04-14T12:24:34
15647,680,2026-04-04T13:02:39
15648,682,2026-04-03T07:29:33
15649,592,2026-03-08T04:54:14
15650,240,2026-03-11T07:43:02
15651,370,2026-04-22T03:56:02
15652,354,2026-04-22T14:59:21
15653,603,2026-03-27T23:03:44
15654,523,2026-04-04T22:22:50
15655,635,2026-04-02T02:12:13
15656,386,2026-03-30T22:40:19
15657,644,2026-04-12T17:02:00
15658,521,2026-04-03T23:40:54
15659,518,2026-03-08T20:23:09
15660,464,2026-03-05T08:11:30
15661,235,2026-04-21T14:12:03
15662,426,2026-04-14T03:38:50
15663,250,2026-03-12T16:28:52
15664,455,2026-03-04T13:52:46
15665,179,2026-03-14T16:58:10
15666,560,2026-04-04T12:33:27
15667,400,2026-04-05T03:41:57
15668,498,2026-03-11T06:28:50
15669,156,2026-03-11T15:23:09
15670,555,2026-03-13T03:38:51
15671,562,2026-03-27T06:00:28
15672,102,2026-03-14T08:48:57
15673,246,2026-03-28T14:41:25
15674,475,2026-03-01T04:13:04
15675,612,2026-04-26T03:00:29
15676,516,2026-04-23T16:09:48
15677,331,2026-03-21T04:42:49
15678,210,2026-04-18T12:39:39
15679,637,2026-04-02T04:39:52
15680,613,2026-03-02T19:02:42
15681,628,2026-03-18T07:00:34
15682,214,2026-03-04T09:49:55
15683,306,2026-04-12T02:27:16
15684,171,2026-04-16T00:18:02
15685,669,2026-04-07T04:04:56
15686,607,2026-02-28T23:06:45
15687,122,2026-03-15T05:44:46
15688,173,2026-03-29T15:45:22
15689,387,2026-03-09T12:16:30
15690,291,2026-03-07T07:13:36
15691,322,2026-03-19T00:18:38
15692,258,2026-04-05T05:24:14
15693,472,2026-03-06T06:50:23
15694,629,2026-04-29T05:24:17
15695,643,2026-03-28T13:46:26
15696,319,2026-03-11T14:49:36
15697,580,2026-03-02T06:35:15
15698,487,2026-04-27T15:15:22
15699,138,2026-04-05T06:59:21
15700,556,2026-04-21T04:37:17
15701,246,2026-04-16T11:41:48
15702,440,2026-04-29T08:59:02
15703,505,2026-04-23T13:36:35
15704,661,2026-04-15T15:35:09
15705,664,2026-04-21T13:49:29
15706,562,2026-04-21T08:08:36
15707,355,2026-03-16T10:57:28
15708,281,2026-04-05T06:16:24
15709,309,2026-04-29T06:58:35
15710,666,2026-04-22T11:32:01
15711,144,2026-03-07T17:52:54
15712,368,2026-03-07T03:19:21
15713,476,2026-03-13T07:45:02
15714,16,2026-04-14T11:30:21
15715,445,2026-03-24T08:38:21
15716,183,2026-04-07T05:32:13
15717,197,2026-03-09T19:59:36
15718,436,2026-03-04T13:44:09
15719,7,2026-04-16T08:15:20
15720,110,2026-03-18T06:37:00
15721,319,2026-03-03T16:21:13
15722,409,2026-03-13T17:41:37
15723,77,2026-03-20T09:28:16
15724,254,2026-03-25T08:13:46
15725,216,2026-04-23T03:13:30
15726,375,2026-03-12T16:25:13
15727,211,2026-04-06T13:28:15
15728,2,2026-03-17T15:49:19
15729,372,2026-03-30T18:38:32
15730,594,2026-03-18T03:45:53
15731,410,2026-03-21T05:08:14
15732,254,2026-04-05T08:10:57
15733,338,2026-04-05T02:02:39
15734,99,2026-03-09T04:03:33
15735,166,2026-03-10T03:08:18
15736,307,2026-03-15T08:39:23
15737,415,2026-04-23T19:27:45
15738,341,2026-03-20T01:26:59
15739,675,2026-04-03T22:44:30
15740,447,2026-03-27T07:24:03
15741,17,2026-03-22T14:00:34
15742,368,2026-03-03T03:01:17
15743,408,2026-03-27T00:10:46
15744,31,2026-04-29T13:22:31
15745,270,2026-04-26T17:52:08
15746,611,2026-03-19T05:10:14
15747,250,2026-04-01T15:44:54
15748,320,2026-03-17T23:02:55
15749,155,2026-04-25T17:06:22
15750,54,2026-04-03T10:23:31
15751,223,2026-04-25T10:38:20
15752,541,2026-04-21T16:49:53
15753,689,2026-03-20T14:44:50
15754,463,2026-03-28T05:53:19
15755,582,2026-04-04T03:26:14
15756,455,2026-03-15T13:14:09
15757,462,2026-04-19T13:25:46
15758,299,2026-04-03T09:16:54
15759,43,2026-03-13T09:21:31
15760,288,2026-03-29T06:05:28
15761,606,2026-04-19T11:46:22
15762,376,2026-03-26T09:54:47
15763,534,2026-04-12T04:05:02
15764,36,2026-04-29T02:03:18
15765,141,2026-03-21T13:48:36
15766,210,2026-04-29T19:56:06
15767,252,2026-03-25T09:00:21
15768,692,2026-04-03T05:38:38
15769,324,2026-04-16T07:24:20
15770,464,2026-03-05T10:47:15
15771,452,2026-04-12T05:30:43
15772,294,2026-04-04T07:13:55
15773,677,2026-04-09T06:17:12
15774,156,2026-04-27T19:36:17
15775,25,2026-03-30T01:15:12
15776,522,2026-04-25T05:06:17
15777,458,2026-04-04T03:31:55
15778,183,2026-03-13T10:39:45
15779,608,2026-04-09T17:47:48
15780,114,2026-03-12T04:36:22
15781,176,2026-04-23T09:24:07
15782,109,2026-03-10T15:49:08
15783,131,2026-03-30T03:27:55
15784,511,2026-04-19T04:38:14
15785,493,2026-03-01T16:54:06
15786,450,2026-03-30T07:58:39
15787,603,2026-03-31T01:26:19
15788,49,2026-03-21T14:29:07
15789,435,2026-04-10T15:52:20
15790,81,2026-03-20T00:33:41
15791,669,2026-03-23T02:45:20
15792,444,2026-03-17T09:04:56
15793,532,2026-04-07T15:49:26
15794,400,2026-04-22T03:06:08
15795,269,2026-03-11T06:23:53
15796,481,2026-03-25T03:10:16
15797,586,2026-03-14T06:55:21
15798,125,2026-03-15T10:07:20
15799,611,2026-04-28T05:32:29
15800,509,2026-04-12T09:08:35
15801,61,2026-04-26T06:01:33
15802,656,2026-04-08T07:15:38
15803,127,2026-04-09T09:04:16
15804,421,2026-04-12T03:16:57
15805,91,2026-04-09T12:09:28
15806,138,2026-04-19T04:41:59
15807,451,2026-03-20T11:10:04
15808,476,2026-03-07T05:29:19
15809,481,2026-03-30T04:00:49
15810,241,2026-03-01T15:55:12
15811,575,2026-03-03T17:26:38
15812,35,2026-03-04T09:20:14
15813,599,2026-03-05T16:19:49
15814,212,2026-04-12T09:03:36
15815,435,2026-04-05T14:15:29
15816,634,2026-04-26T13:50:16
15817,179,2026-03-18T12:23:55
15818,288,2026-03-20T06:50:48
15819,580,2026-03-30T01:10:27
15820,606,2026-04-16T10:21:27
15821,165,2026-04-25T04:37:45
15822,357,2026-04-12T22:04:00
15823,234,2026-03-31T12:21:46
15824,362,2026-04-28T03:52:47
15825,266,2026-03-11T13:29:44
15826,4,2026-03-29T00:56:25
15827,648,2026-03-15T02:08:27
15828,446,2026-03-10T02:59:59
15829,324,2026-03-24T06:52:41
15830,76,2026-04-15T07:23:45
15831,50,2026-03-20T12:33:27
15832,336,2026-04-19T10:07:33
15833,455,2026-04-06T13:09:22
15834,183,2026-04-12T06:22:07
15835,522,2026-03-15T10:19:48
15836,275,2026-04-21T01:35:31
15837,8,2026-03-13T17:54:31
15838,376,2026-03-23T09:02:36
15839,127,2026-04-16T14:50:40
15840,11,2026-04-11T03:16:51
15841,92,2026-03-18T16:39:44
15842,200,2026-03-16T10:56:48
15843,361,2026-03-26T08:44:42
15844,693,2026-03-27T06:02:56
15845,153,2026-03-04T09:35:07
15846,41,2026-03-15T06:09:42
15847,134,2026-03-10T05:15:07
15848,224,2026-03-10T08:34:28
15849,144,2026-03-22T18:34:02
15850,225,2026-03-03T06:57:24
15851,679,2026-04-10T05:17:22
15852,266,2026-04-10T10:56:28
15853,445,2026-03-14T04:26:50
15854,480,2026-04-22T08:15:18
15855,92,2026-04-05T12:37:06
15856,174,2026-03-19T04:36:08
15857,292,2026-03-12T07:53:48
15858,323,2026-03-26T02:57:15
15859,10,2026-04-27T03:39:22
15860,452,2026-03-01T07:37:41
15861,211,2026-03-02T18:17:53
15862,226,2026-03-25T04:13:04
15863,423,2026-04-25T03:35:46
15864,665,2026-03-17T05:41:23
15865,606,2026-04-14T12:22:31
15866,686,2026-04-04T04:30:10
15867,290,2026-03-12T15:34:07
15868,84,2026-04-24T00:29:41
15869,152,2026-03-10T07:02:37
15870,241,2026-03-31T17:29:20
15871,211,2026-04-09T14:12:21
15872,146,2026-04-10T12:06:31
15873,106,2026-04-21T13:28:26
15874,131,2026-04-12T03:47:50
15875,461,2026-04-09T10:47:13
15876,344,2026-03-10T18:20:31
15877,27,2026-03-19T08:34:39
15878,395,2026-03-21T19:11:17
15879,590,2026-03-23T07:16:11
15880,298,2026-03-07T10:26:35
15881,224,2026-03-06T05:23:23
15882,191,2026-03-27T06:38:58
15883,266,2026-04-13T07:44:12
15884,196,2026-04-23T04:33:34
15885,647,2026-04-26T01:01:25
15886,695,2026-03-29T00:49:20
15887,241,2026-04-23T18:27:34
15888,647,2026-03-28T00:50:46
15889,598,2026-03-29T08:16:17
15890,54,2026-03-13T11:37:37
15891,344,2026-04-07T18:14:50
15892,460,2026-03-19T12:33:58
15893,296,2026-03-30T13:50:37
15894,320,2026-04-25T23:34:09
15895,346,2026-04-02T13:59:50
15896,483,2026-03-18T23:23:59
15897,206,2026-04-09T23:07:56
15898,418,2026-04-13T06:28:41
15899,171,2026-04-06T00:49:07
15900,623,2026-03-03T16:31:36
15901,60,2026-03-14T01:36:10
15902,47,2026-03-08T08:48:45
15903,27,2026-04-27T04:15:02
15904,245,2026-03-19T02:44:09
15905,425,2026-03-29T11:57:41
15906,690,2026-04-24T07:11:15
15907,319,2026-04-29T14:11:05
15908,128,2026-03-14T09:58:07
15909,258,2026-04-21T09:58:18
15910,90,2026-04-13T01:57:29
15911,331,2026-04-06T04:51:42
15912,511,2026-03-11T07:16:30
15913,25,2026-04-11T06:33:25
15914,545,2026-04-06T06:59:54
15915,160,2026-03-27T00:42:46
15916,471,2026-04-05T03:31:26
15917,571,2026-03-13T02:36:59
15918,544,2026-04-07T05:13:43
15919,469,2026-03-10T05:21:21
15920,486,2026-03-18T01:43:24
15921,132,2026-03-30T01:57:04
15922,96,2026-03-09T23:02:47
15923,267,2026-04-24T16:24:36
15924,426,2026-04-23T05:41:06
15925,433,2026-03-29T04:27:09
15926,544,2026-04-04T04:50:06
15927,216,2026-03-18T05:38:09
15928,606,2026-03-13T07:21:19
15929,315,2026-04-27T15:45:45
15930,173,2026-03-25T17:20:59
15931,515,2026-04-27T16:24:25
15932,90,2026-03-05T04:16:32
15933,284,2026-03-07T05:59:32
15934,547,2026-03-29T02:24:39
15935,540,2026-04-16T07:57:41
15936,180,2026-03-26T20:34:05
15937,117,2026-04-20T02:07:34
15938,23,2026-03-08T07:45:23
15939,63,2026-04-21T03:11:48
15940,578,2026-03-27T06:53:55
15941,549,2026-03-18T12:57:21
15942,355,2026-04-08T11:32:34
15943,400,2026-04-16T02:23:15
15944,229,2026-04-25T11:28:03
15945,135,2026-03-06T17:46:08
15946,9,2026-04-12T12:22:51
15947,471,2026-03-19T03:03:19
15948,25,2026-03-31T00:35:06
15949,74,2026-03-28T11:44:14
15950,555,2026-04-16T03:08:37
15951,408,2026-03-24T00:21:25
15952,343,2026-03-17T19:28:09
15953,153,2026-03-30T14:36:28
15954,105,2026-04-10T16:30:52
15955,327,2026-04-20T01:45:27
15956,251,2026-03-01T18:37:58
15957,374,2026-04-04T06:42:22
15958,116,2026-03-05T20:04:15
15959,163,2026-04-07T04:55:35
15960,80,2026-04-06T22:25:50
15961,298,2026-04-21T03:25:48
15962,194,2026-03-12T04:45:54
15963,157,2026-04-17T08:24:03
15964,385,2026-04-11T04:47:45
15965,349,2026-04-09T09:49:01
15966,148,2026-04-08T05:32:46
15967,490,2026-04-02T13:33:15
15968,241,2026-03-04T18:52:42
15969,239,2026-04-18T18:44:23
15970,335,2026-03-24T07:45:04
15971,98,2026-03-07T06:41:41
15972,295,2026-04-06T11:47:21
15973,408,2026-04-26T03:46:09
15974,91,2026-04-12T12:47:18
15975,396,2026-03-15T15:24:11
15976,28,2026-04-18T14:43:12
15977,423,2026-04-20T05:30:26
15978,25,2026-03-19T23:51:27
15979,123,2026-04-01T01:29:19
15980,246,2026-04-20T12:05:15
15981,431,2026-03-10T16:48:49
15982,504,2026-03-22T09:30:31
15983,329,2026-03-28T07:02:13
15984,92,2026-03-01T08:49:28
15985,272,2026-03-11T14:03:59
15986,551,2026-04-06T11:06:00
15987,64,2026-03-16T13:42:55
15988,501,2026-03-15T04:09:07
15989,271,2026-03-17T23:16:15
15990,3,2026-03-08T02:24:35
15991,487,2026-04-08T14:58:13
15992,19,2026-03-16T15:33:58
15993,259,2026-04-09T01:58:44
15994,137,2026-04-19T15:43:34
15995,409,2026-03-29T19:17:23
15996,40,2026-04-24T10:33:55
15997,64,2026-03-12T14:20:21
15998,372,2026-04-27T11:12:59
15999,696,2026-03-20T12:32:59
16000,28,2026-03-19T11:50:41
16001,323,2026-04-28T03:47:41
16002,562,2026-03-28T08:15:35
16003,204,2026-04-14T03:15:57
16004,346,2026-04-18T11:51:34
16005,588,2026-03-27T16:37:56
16006,510,2026-03-20T11:29:12
16007,206,2026-03-30T03:49:25
16008,526,2026-03-24T02:02:09
16009,474,2026-03-25T16:45:00
16010,355,2026-03-15T18:28:17
16011,309,2026-04-24T08:29:56
16012,648,2026-04-04T06:39:19
16013,612,2026-04-16T22:13:49
16014,694,2026-04-09T03:52:16
16015,473,2026-03-22T06:05:40
16016,252,2026-03-20T15:34:11
16017,77,2026-04-28T07:28:28
16018,89,2026-03-02T16:59:45
16019,666,2026-03-18T11:39:53
16020,255,2026-04-14T03:22:22
16021,78,2026-04-02T15:25:34
16022,157,2026-04-06T06:14:34
16023,15,2026-03-02T07:03:26
16024,372,2026-03-14T17:26:23
16025,414,2026-04-05T04:01:55
16026,265,2026-03-19T09:39:26
16027,521,2026-03-29T03:54:44
16028,337,2026-04-27T06:05:25
16029,672,2026-04-08T00:58:32
16030,535,2026-04-07T17:05:34
16031,53,2026-03-12T04:28:11
16032,192,2026-04-05T04:37:13
16033,528,2026-04-27T12:38:40
16034,377,2026-04-07T23:23:58
16035,528,2026-04-17T11:02:40
16036,235,2026-04-27T11:46:36
16037,27,2026-04-24T09:27:59
16038,550,2026-03-21T10:15:41
16039,550,2026-03-18T06:27:53
16040,448,2026-03-16T22:26:20
16041,284,2026-04-16T07:35:48
16042,6,2026-03-23T14:30:51
16043,510,2026-04-19T11:35:49
16044,463,2026-04-18T06:56:22
16045,468,2026-04-09T15:55:44
16046,120,2026-03-08T12:00:50
16047,512,2026-04-12T01:38:35
16048,508,2026-03-13T02:13:13
16049,601,2026-04-03T02:04:11
16050,398,2026-03-14T06:05:50
16051,513,2026-03-04T10:38:10
16052,282,2026-04-08T15:59:57
16053,488,2026-03-28T04:46:35
16054,486,2026-04-07T23:07:12
16055,546,2026-03-30T06:12:12
16056,600,2026-03-23T15:49:02
16057,3,2026-03-01T03:36:35
16058,546,2026-03-17T04:31:49
16059,555,2026-04-22T02:10:44
16060,382,2026-04-15T00:46:35
16061,364,2026-03-28T09:50:35
16062,506,2026-03-02T09:18:14
16063,319,2026-04-29T16:59:49
16064,290,2026-04-14T19:28:32
16065,563,2026-03-02T14:02:50
16066,553,2026-03-13T09:58:59
16067,145,2026-03-11T12:11:52
16068,581,2026-04-24T09:05:56
16069,229,2026-04-27T05:27:45
16070,97,2026-03-25T03:37:18
16071,615,2026-03-11T13:37:17
16072,167,2026-04-08T12:57:41
16073,143,2026-03-17T13:27:14
16074,189,2026-03-08T17:07:30
16075,345,2026-03-16T07:27:41
16076,117,2026-03-16T02:50:17
16077,112,2026-03-03T22:00:06
16078,275,2026-04-12T03:16:08
16079,153,2026-03-22T16:40:41
16080,136,2026-04-03T02:12:07
16081,639,2026-04-03T06:29:47
16082,417,2026-04-16T16:09:01
16083,10,2026-04-15T05:07:46
16084,72,2026-04-03T08:44:38
16085,570,2026-04-20T18:46:15
16086,189,2026-04-04T16:02:16
16087,107,2026-03-02T12:32:31
16088,466,2026-04-21T12:25:35
16089,587,2026-04-16T02:22:50
16090,279,2026-03-26T02:41:45
16091,521,2026-03-24T03:38:31
16092,296,2026-04-23T08:08:00
16093,77,2026-03-26T10:58:55
16094,559,2026-03-22T23:13:26
16095,644,2026-04-13T17:32:50
16096,690,2026-03-20T11:09:16
16097,71,2026-03-25T13:36:22
16098,396,2026-04-16T13:01:36
16099,437,2026-03-14T00:16:43
16100,56,2026-03-01T15:27:08
16101,667,2026-03-21T13:05:47
16102,73,2026-03-11T08:29:34
16103,189,2026-03-22T08:34:48
16104,678,2026-03-05T10:56:35
16105,390,2026-04-05T01:22:32
16106,476,2026-03-31T07:43:38
16107,346,2026-03-17T12:15:30
16108,527,2026-04-07T09:58:06
16109,58,2026-03-09T05:57:20
16110,474,2026-03-01T12:45:58
16111,47,2026-03-29T08:12:15
16112,126,2026-03-10T15:58:26
16113,355,2026-04-21T19:23:13
16114,314,2026-03-19T03:14:27
16115,107,2026-03-26T10:24:46
16116,559,2026-03-18T04:10:43
16117,212,2026-03-27T08:21:06
16118,607,2026-03-06T06:23:55
16119,11,2026-04-26T04:59:38
16120,167,2026-03-11T09:29:41
16121,208,2026-03-24T05:44:46
16122,418,2026-04-20T09:49:40
16123,281,2026-03-26T02:56:52
16124,110,2026-04-12T07:32:41
16125,400,2026-03-04T21:35:59
16126,671,2026-03-18T12:57:40
16127,94,2026-04-15T06:40:50
16128,177,2026-03-16T08:17:32
16129,335,2026-03-25T07:35:19
16130,509,2026-03-04T22:34:30
16131,96,2026-03-31T01:35:09
16132,162,2026-03-20T22:39:28
16133,165,2026-04-21T02:25:43
16134,432,2026-03-24T04:09:45
16135,58,2026-04-19T02:21:23
16136,462,2026-04-24T15:47:28
16137,298,2026-04-20T04:59:34
16138,230,2026-04-14T08:38:08
16139,604,2026-04-05T06:46:37
16140,574,2026-03-29T08:11:29
16141,563,2026-03-05T16:47:44
16142,620,2026-03-08T22:24:38
16143,164,2026-03-23T16:42:10
16144,599,2026-04-09T12:38:33
16145,124,2026-03-01T08:45:20
16146,232,2026-04-25T23:44:37
16147,389,2026-04-29T14:38:37
16148,522,2026-03-05T04:25:22
16149,405,2026-03-06T06:48:36
16150,392,2026-04-20T06:43:10
16151,264,2026-03-12T10:08:22
16152,415,2026-03-11T17:15:43
16153,333,2026-03-12T08:16:31
16154,335,2026-04-12T14:18:02
16155,411,2026-03-08T03:42:27
16156,421,2026-03-12T05:00:15
16157,231,2026-03-24T02:15:53
16158,95,2026-04-06T10:29:55
16159,210,2026-04-29T14:10:04
16160,287,2026-03-15T14:11:22
16161,113,2026-03-16T12:25:35
16162,125,2026-04-02T06:36:20
16163,666,2026-03-26T09:20:43
16164,197,2026-04-06T16:57:07
16165,518,2026-03-15T15:25:50
16166,90,2026-04-07T01:59:15
16167,681,2026-04-25T14:33:14
16168,149,2026-04-10T16:22:20
16169,276,2026-04-14T04:06:56
16170,548,2026-03-05T20:44:16
16171,142,2026-04-23T21:32:15
16172,385,2026-04-12T03:57:14
16173,550,2026-04-07T05:58:08
16174,17,2026-03-10T19:31:55
16175,18,2026-04-03T11:14:39
16176,552,2026-04-10T03:20:33
16177,184,2026-04-07T13:04:08
16178,637,2026-03-08T01:09:02
16179,650,2026-03-03T09:24:18
16180,617,2026-03-29T07:10:55
16181,698,2026-04-13T16:51:31
16182,577,2026-03-24T08:51:48
16183,269,2026-04-11T11:10:18
16184,695,2026-04-28T01:15:06
16185,243,2026-04-23T14:49:13
16186,411,2026-04-07T02:16:14
16187,4,2026-04-13T01:15:36
16188,674,2026-03-06T12:44:11
16189,415,2026-03-06T17:24:58
16190,665,2026-04-12T05:50:41
16191,247,2026-04-18T13:31:24
16192,220,2026-03-12T14:12:36
16193,366,2026-04-04T23:09:42
16194,605,2026-03-18T01:41:45
16195,385,2026-03-06T22:26:01
16196,555,2026-03-23T03:26:30
16197,151,2026-03-27T16:40:23
16198,544,2026-04-16T06:16:18
16199,513,2026-04-21T12:59:38
16200,628,2026-04-26T07:31:14
16201,41,2026-03-07T04:51:15
16202,269,2026-04-25T11:46:39
16203,63,2026-03-31T21:36:03
16204,281,2026-03-11T03:05:22
16205,532,2026-04-08T13:44:45
16206,449,2026-03-04T18:04:24
16207,528,2026-03-28T15:44:17
16208,517,2026-04-19T13:54:12
16209,695,2026-04-28T03:31:29
16210,616,2026-03-18T13:57:47
16211,411,2026-03-10T21:37:05
16212,614,2026-04-04T12:31:36
16213,34,2026-03-10T04:31:47
16214,505,2026-04-28T14:08:13
16215,366,2026-03-20T04:03:41
16216,670,2026-03-12T09:04:25
16217,353,2026-03-15T09:53:01
16218,126,2026-03-23T12:09:42
16219,507,2026-04-13T21:38:43
16220,666,2026-04-22T05:16:41
16221,12,2026-04-14T03:22:04
16222,45,2026-04-08T08:41:27
16223,463,2026-03-17T08:52:10
16224,389,2026-04-26T15:06:39
16225,385,2026-04-28T23:31:26
16226,64,2026-04-07T17:08:37
16227,401,2026-04-16T02:12:52
16228,398,2026-03-19T02:42:05
16229,595,2026-03-27T13:01:14
16230,274,2026-04-18T15:15:34
16231,244,2026-03-26T15:33:55
16232,58,2026-04-15T05:12:02
16233,397,2026-04-21T16:23:50
16234,454,2026-04-26T12:34:47
16235,197,2026-03-18T15:54:11
16236,512,2026-03-29T06:04:49
16237,657,2026-03-24T00:30:35
16238,122,2026-03-31T08:37:03
16239,401,2026-04-14T06:28:03
16240,487,2026-03-20T09:01:19
16241,13,2026-03-14T06:45:32
16242,126,2026-03-17T13:13:46
16243,277,2026-04-15T00:05:05
16244,97,2026-04-29T03:27:39
16245,249,2026-03-07T16:11:40
16246,104,2026-04-28T08:37:23
16247,628,2026-03-02T02:32:15
16248,420,2026-04-01T10:12:15
16249,231,2026-03-09T09:55:27
16250,546,2026-04-27T08:52:17
16251,13,2026-04-15T08:18:34
16252,418,2026-03-22T08:55:07
16253,479,2026-04-11T07:19:42
16254,567,2026-04-20T14:28:59
16255,156,2026-03-14T15:33:13
16256,415,2026-04-08T14:16:40
16257,538,2026-03-18T09:36:43
16258,559,2026-04-13T01:06:32
16259,123,2026-04-04T05:36:18
16260,684,2026-04-13T02:56:59
16261,192,2026-04-08T01:19:37
16262,274,2026-04-08T11:08:22
16263,135,2026-03-06T20:34:15
16264,105,2026-04-21T15:17:52
16265,179,2026-03-11T15:44:43
16266,95,2026-03-24T14:19:53
16267,513,2026-03-31T13:03:44
16268,419,2026-04-20T00:16:07
16269,274,2026-04-07T18:49:46
16270,383,2026-03-12T06:00:59
16271,423,2026-03-18T04:53:01
16272,129,2026-03-12T10:12:44
16273,208,2026-04-05T06:16:47
16274,618,2026-04-13T01:44:20
16275,9,2026-04-12T16:55:52
16276,670,2026-04-15T08:12:24
16277,676,2026-04-12T08:54:25
16278,178,2026-04-24T03:45:04
16279,225,2026-04-24T06:01:22
16280,145,2026-03-17T10:24:47
16281,393,2026-03-19T15:15:32
16282,150,2026-03-04T02:04:18
16283,554,2026-03-17T03:55:43
16284,272,2026-03-31T18:49:20
16285,678,2026-04-09T07:52:23
16286,598,2026-04-22T10:38:31
16287,281,2026-04-05T06:43:05
16288,418,2026-04-28T04:36:30
16289,18,2026-04-03T07:02:43
16290,48,2026-04-21T12:09:12
16291,355,2026-04-18T16:53:33
16292,332,2026-03-30T15:37:00
16293,279,2026-04-22T03:19:49
16294,64,2026-04-21T12:47:42
16295,588,2026-03-19T15:31:43
16296,285,2026-03-13T03:59:26
16297,330,2026-03-08T15:29:35
16298,283,2026-04-25T09:40:43
16299,349,2026-03-27T11:58:21
16300,454,2026-04-04T15:25:23
16301,535,2026-03-17T11:55:19
16302,385,2026-03-24T01:49:22
16303,117,2026-03-25T02:02:40
16304,613,2026-04-04T15:03:54
16305,200,2026-03-11T11:05:13
16306,12,2026-04-17T01:25:16
16307,28,2026-03-24T14:48:02
16308,542,2026-03-15T16:43:22
16309,271,2026-03-01T04:44:47
16310,16,2026-03-07T11:21:21
16311,569,2026-03-17T10:02:00
16312,214,2026-04-13T08:03:11
16313,685,2026-04-21T16:08:12
16314,616,2026-04-27T11:06:12
16315,34,2026-03-18T06:56:49
16316,484,2026-04-08T13:10:56
16317,423,2026-03-17T03:19:27
16318,121,2026-03-09T14:49:05
16319,241,2026-04-02T13:12:57
16320,344,2026-04-08T14:43:42
16321,103,2026-04-15T13:27:49
16322,506,2026-03-07T07:45:06
16323,195,2026-04-14T01:18:08
16324,657,2026-03-19T01:54:09
16325,562,2026-03-17T07:43:59
16326,445,2026-03-02T05:18:43
16327,84,2026-03-13T00:39:50
16328,18,2026-03-30T11:44:37
16329,103,2026-03-12T17:59:21
16330,350,2026-03-20T00:21:21
16331,547,2026-04-01T05:58:05
16332,108,2026-03-06T11:47:14
16333,496,2026-04-22T15:26:38
16334,34,2026-03-19T06:41:25
16335,186,2026-04-15T12:33:32
16336,419,2026-04-08T04:59:52
16337,580,2026-04-15T06:03:07
16338,544,2026-03-18T03:45:43
16339,373,2026-03-11T11:49:58
16340,26,2026-03-09T05:00:53
16341,206,2026-03-14T00:30:11
16342,549,2026-04-02T06:41:17
16343,57,2026-04-07T08:50:37
16344,495,2026-04-15T14:06:27
16345,493,2026-04-27T16:16:38
16346,527,2026-04-19T12:32:40
16347,153,2026-03-22T11:38:09
16348,172,2026-03-29T12:09:52
16349,139,2026-04-27T04:49:06
16350,276,2026-04-12T02:29:36
16351,367,2026-03-26T05:24:55
16352,84,2026-04-18T23:47:02
16353,398,2026-03-09T01:30:25
16354,168,2026-04-10T15:17:26
16355,394,2026-04-25T21:26:24
16356,212,2026-04-01T08:09:51
16357,669,2026-04-06T04:50:04
16358,224,2026-03-04T08:18:47
16359,610,2026-04-06T06:20:00
16360,123,2026-03-18T00:10:57
16361,60,2026-04-29T03:22:58
16362,133,2026-03-20T11:11:44
16363,294,2026-03-19T11:02:50
16364,632,2026-03-23T23:41:09
16365,124,2026-04-11T06:22:09
16366,549,2026-04-27T11:42:12
16367,488,2026-03-21T03:13:20
16368,242,2026-03-12T23:31:20
16369,236,2026-04-15T06:12:09
16370,664,2026-04-02T09:15:06
16371,501,2026-03-28T05:58:49
16372,168,2026-04-29T18:31:41
16373,639,2026-03-30T11:00:49
16374,285,2026-04-06T23:56:21
16375,56,2026-04-28T14:49:51
16376,570,2026-03-13T13:23:11
16377,609,2026-04-24T10:14:45
16378,311,2026-04-27T07:25:14
16379,493,2026-03-29T18:46:31
16380,165,2026-03-21T03:29:56
16381,596,2026-03-10T05:10:05
16382,258,2026-03-03T07:10:46
16383,188,2026-04-29T05:59:33
16384,351,2026-03-26T04:14:19
16385,188,2026-04-10T01:34:58
16386,435,2026-03-15T13:41:46
16387,524,2026-03-20T06:09:49
16388,284,2026-04-19T07:09:55
16389,549,2026-04-09T10:18:51
16390,302,2026-03-14T08:36:46
16391,680,2026-03-01T12:50:10
16392,185,2026-04-19T16:23:23
16393,494,2026-03-05T12:17:23
16394,375,2026-03-03T11:18:10
16395,661,2026-03-19T17:46:17
16396,154,2026-04-25T05:32:47
16397,138,2026-04-08T03:37:35
16398,608,2026-03-03T14:13:03
16399,631,2026-04-25T13:38:40
16400,524,2026-04-25T23:18:17
16401,333,2026-04-11T08:53:03
16402,288,2026-03-05T16:31:04
16403,467,2026-03-01T09:09:05
16404,524,2026-04-22T01:39:14
16405,194,2026-04-19T05:01:38
16406,5,2026-04-19T05:50:18
16407,52,2026-03-30T09:24:52
16408,242,2026-04-04T22:49:21
16409,478,2026-03-11T07:56:03
16410,309,2026-03-03T08:29:08
16411,433,2026-03-14T04:06:14
16412,329,2026-04-07T11:04:36
16413,177,2026-03-25T10:19:32
16414,525,2026-04-07T17:11:57
16415,507,2026-03-27T00:42:08
16416,674,2026-04-03T05:00:06
16417,578,2026-04-27T06:42:32
16418,266,2026-04-07T06:11:42
16419,494,2026-04-27T08:07:24
16420,246,2026-04-28T15:01:10
16421,611,2026-04-07T04:48:25
16422,428,2026-04-29T03:42:38
16423,585,2026-03-15T00:53:28
16424,197,2026-04-01T15:32:09
16425,11,2026-03-05T03:35:03
16426,99,2026-03-06T07:02:53
16427,372,2026-03-08T18:01:20
16428,674,2026-03-09T07:37:01
16429,439,2026-03-24T23:30:25
16430,567,2026-04-13T11:48:13
16431,329,2026-04-29T08:33:12
16432,671,2026-04-28T12:01:39
16433,659,2026-03-11T13:38:40
16434,153,2026-03-27T14:07:40
16435,604,2026-03-26T09:53:52
16436,13,2026-03-06T05:28:27
16437,415,2026-03-03T17:26:44
16438,307,2026-03-22T06:02:14
16439,211,2026-04-21T15:18:39
16440,654,2026-03-24T04:01:37
16441,464,2026-03-24T14:06:21
16442,97,2026-04-29T02:34:59
16443,98,2026-03-23T05:29:55
16444,83,2026-04-11T14:33:38
16445,213,2026-04-28T01:48:11
16446,49,2026-03-08T15:48:10
16447,185,2026-03-31T16:52:38
16448,536,2026-03-21T16:04:54
16449,612,2026-03-08T04:04:09
16450,551,2026-03-03T10:53:42
16451,348,2026-04-08T03:52:34
16452,487,2026-04-09T11:01:35
16453,661,2026-04-03T17:01:08
16454,38,2026-04-10T03:18:10
16455,634,2026-04-13T18:32:26
16456,507,2026-03-04T01:02:17
16457,271,2026-03-02T23:26:38
16458,315,2026-03-21T15:14:28
16459,307,2026-04-04T01:55:38
16460,111,2026-04-24T13:48:35
16461,162,2026-04-27T22:31:57
16462,207,2026-04-19T15:07:21
16463,5,2026-03-17T22:15:22
16464,351,2026-04-04T03:12:38
16465,334,2026-03-07T05:51:33
16466,231,2026-03-30T05:36:09
16467,124,2026-03-06T05:20:15
16468,679,2026-04-29T06:01:49
16469,475,2026-03-28T05:49:05
16470,333,2026-04-13T08:36:10
16471,506,2026-03-07T13:14:43
16472,261,2026-04-27T15:53:57
16473,151,2026-04-01T14:45:51
16474,472,2026-03-05T07:04:43
16475,540,2026-03-23T11:00:16
16476,456,2026-03-13T11:00:46
16477,397,2026-03-05T17:16:22
16478,2,2026-03-02T08:24:19
16479,447,2026-04-12T05:55:16
16480,433,2026-04-22T04:50:18
16481,289,2026-04-09T14:59:38
16482,171,2026-04-10T23:56:48
16483,686,2026-03-03T05:00:39
16484,263,2026-03-11T12:48:50
16485,191,2026-03-03T05:55:16
16486,495,2026-04-28T08:38:35
16487,338,2026-04-14T04:57:40
16488,391,2026-04-27T05:25:23
16489,454,2026-04-24T16:47:47
16490,259,2026-03-14T02:47:33
16491,107,2026-03-31T14:13:16
16492,118,2026-04-08T08:45:42
16493,658,2026-04-14T05:28:03
16494,354,2026-04-10T13:11:47
16495,292,2026-03-28T10:06:11
16496,224,2026-03-01T05:42:27
16497,506,2026-04-26T13:48:45
16498,640,2026-04-11T09:47:47
16499,539,2026-04-20T06:58:21
16500,375,2026-03-14T16:54:38
16501,333,2026-03-07T05:11:05
16502,607,2026-04-24T05:43:50
16503,600,2026-04-18T18:13:14
16504,274,2026-04-20T15:43:48
16505,676,2026-03-27T08:25:30
16506,580,2026-04-24T05:54:24
16507,593,2026-03-13T22:07:20
16508,40,2026-04-15T14:11:46
16509,92,2026-03-30T13:37:18
16510,209,2026-03-10T02:33:36
16511,533,2026-04-13T12:51:01
16512,55,2026-03-22T13:53:39
16513,59,2026-03-10T05:15:07
16514,23,2026-04-12T08:37:13
16515,135,2026-04-16T16:45:43
16516,644,2026-03-20T17:55:46
16517,505,2026-04-28T16:21:06
16518,502,2026-04-12T12:03:06
16519,205,2026-03-02T13:21:07
16520,438,2026-03-21T12:12:11
16521,546,2026-04-28T02:02:15
16522,373,2026-03-11T07:13:21
16523,600,2026-04-27T14:11:31
16524,399,2026-04-01T17:04:45
16525,228,2026-04-10T11:46:04
16526,448,2026-04-11T04:37:24
16527,661,2026-03-31T12:09:02
16528,579,2026-04-01T00:24:37
16529,349,2026-04-04T06:50:54
16530,418,2026-04-08T09:14:55
16531,684,2026-04-14T01:14:04
16532,525,2026-03-27T17:43:42
16533,352,2026-03-27T13:23:47
16534,197,2026-04-16T10:40:49
16535,635,2026-04-14T22:11:02
16536,684,2026-04-08T02:02:08
16537,50,2026-03-28T10:32:22
16538,23,2026-04-04T00:26:03
16539,81,2026-04-04T01:50:20
16540,271,2026-03-27T00:43:14
16541,112,2026-03-10T23:20:51
16542,618,2026-04-02T04:06:53
16543,640,2026-03-27T10:32:17
16544,127,2026-03-04T08:47:43
16545,581,2026-04-27T04:18:01
16546,99,2026-04-10T10:36:22
16547,552,2026-03-07T01:01:54
16548,256,2026-03-13T08:43:54
16549,29,2026-04-04T04:50:23
16550,300,2026-04-21T00:15:39
16551,576,2026-03-30T13:40:03
16552,654,2026-04-18T04:44:48
16553,85,2026-03-08T03:14:14
16554,586,2026-04-01T03:10:05
16555,206,2026-04-19T03:23:32
16556,325,2026-04-20T06:51:49
16557,77,2026-03-15T10:22:37
16558,682,2026-04-10T09:12:29
16559,554,2026-03-03T01:17:16
16560,450,2026-03-09T09:16:05
16561,509,2026-04-24T02:31:01
16562,612,2026-04-14T07:40:02
16563,101,2026-03-13T13:16:20
16564,173,2026-04-29T15:20:33
16565,27,2026-04-29T06:29:00
16566,343,2026-03-03T16:18:35
16567,346,2026-03-02T15:27:43
16568,21,2026-03-15T06:03:10
16569,464,2026-04-17T14:22:26
16570,7,2026-04-05T04:49:18
16571,556,2026-03-31T05:26:46
16572,494,2026-03-25T14:27:23
16573,571,2026-03-29T03:36:47
16574,83,2026-04-08T13:23:00
16575,610,2026-03-04T04:25:54
16576,384,2026-04-05T17:14:58
16577,605,2026-03-14T04:45:40
16578,488,2026-04-17T01:33:49
16579,460,2026-03-12T08:00:43
16580,23,2026-03-05T07:33:15
16581,485,2026-03-27T08:21:08
16582,315,2026-03-27T16:00:50
16583,595,2026-04-01T12:30:00
16584,479,2026-04-21T11:05:36
16585,53,2026-04-11T00:11:01
16586,623,2026-03-22T17:36:10
16587,45,2026-04-13T06:30:19
16588,210,2026-03-31T15:17:47
16589,152,2026-03-14T09:52:05
16590,682,2026-03-02T08:59:05
16591,108,2026-03-01T16:05:14
16592,592,2026-03-14T06:14:25
16593,156,2026-04-19T14:00:17
16594,456,2026-03-28T10:09:45
16595,64,2026-03-28T18:21:29
16596,275,2026-03-24T02:02:53
16597,437,2026-03-16T00:55:53
16598,498,2026-04-12T01:41:17
16599,611,2026-03-01T03:04:44
16600,572,2026-04-06T11:17:36
16601,364,2026-04-26T10:42:38
16602,213,2026-04-22T01:16:50
16603,183,2026-03-23T10:28:11
16604,695,2026-04-21T01:06:51
16605,426,2026-03-15T05:51:34
16606,637,2026-03-15T02:03:00
16607,304,2026-03-21T08:05:23
16608,340,2026-03-02T03:13:05
16609,579,2026-03-16T05:21:19
16610,506,2026-04-21T14:23:11
16611,141,2026-04-15T12:41:39
16612,367,2026-03-20T06:39:00
16613,150,2026-03-18T22:00:05
16614,533,2026-03-21T14:06:53
16615,21,2026-03-08T04:19:24
16616,579,2026-03-10T00:21:03
16617,651,2026-04-29T14:46:46
16618,17,2026-04-11T18:59:54
16619,442,2026-04-10T19:15:19
16620,56,2026-03-17T17:40:18
16621,253,2026-04-21T19:16:33
16622,236,2026-03-11T04:59:04
16623,364,2026-04-28T09:37:59
16624,643,2026-03-31T15:04:22
16625,324,2026-03-20T04:05:15
16626,279,2026-04-15T06:24:43
16627,65,2026-03-26T18:26:23
16628,622,2026-03-17T05:13:08
16629,221,2026-04-10T21:04:28
16630,324,2026-04-13T08:56:57
16631,65,2026-04-06T18:41:29
16632,203,2026-03-28T06:54:10
16633,388,2026-03-20T01:17:13
16634,631,2026-03-25T07:34:53
16635,231,2026-04-22T03:38:46
16636,393,2026-03-22T15:18:00
16637,613,2026-04-28T15:38:13
16638,253,2026-03-09T15:32:44
16639,207,2026-03-10T19:51:18
16640,32,2026-03-20T13:52:29
16641,636,2026-03-01T09:55:52
16642,78,2026-04-22T19:34:46
16643,151,2026-03-21T12:03:40
16644,98,2026-03-07T05:45:39
16645,496,2026-04-07T14:24:14
16646,256,2026-04-27T12:41:11
16647,494,2026-04-29T08:40:49
16648,426,2026-03-07T05:05:02
16649,11,2026-04-17T04:11:38
16650,216,2026-03-22T01:45:24
16651,3,2026-04-20T02:33:01
16652,46,2026-04-06T09:12:34
16653,332,2026-04-13T15:51:07
16654,186,2026-04-20T17:52:50
16655,63,2026-04-23T01:13:14
16656,287,2026-03-09T11:18:14
16657,317,2026-04-13T16:11:40
16658,695,2026-03-09T02:33:18
16659,464,2026-04-26T12:46:22
16660,276,2026-04-07T02:17:20
16661,332,2026-03-12T11:01:30
16662,63,2026-03-18T04:00:43
16663,271,2026-04-23T01:15:46
16664,407,2026-04-08T12:46:07
16665,15,2026-03-14T07:21:28
16666,644,2026-04-19T17:42:31
16667,361,2026-04-13T09:54:57
16668,551,2026-03-05T10:55:35
16669,193,2026-03-17T14:18:49
16670,586,2026-04-19T22:34:31
16671,257,2026-03-22T08:43:30
16672,650,2026-03-03T08:11:32
16673,366,2026-04-06T02:41:05
16674,446,2026-04-23T05:10:26
16675,143,2026-04-03T11:33:56
16676,697,2026-04-28T07:23:59
16677,135,2026-03-07T15:22:10
16678,24,2026-04-10T07:19:27
16679,308,2026-04-08T09:29:48
16680,585,2026-04-29T03:24:50
16681,645,2026-04-01T09:15:38
16682,600,2026-04-19T17:13:33
16683,388,2026-03-09T01:29:52
16684,642,2026-03-02T22:59:36
16685,345,2026-04-12T11:39:47
16686,335,2026-03-01T10:05:48
16687,127,2026-04-22T12:04:16
16688,552,2026-03-02T01:44:58
16689,222,2026-04-11T05:32:22
16690,137,2026-03-28T10:34:08
16691,259,2026-04-08T01:22:14
16692,423,2026-04-07T06:33:34
16693,190,2026-03-27T07:35:55
16694,252,2026-03-29T16:36:10
16695,232,2026-03-31T03:56:40
16696,418,2026-04-10T08:54:02
16697,500,2026-04-12T00:50:30
16698,473,2026-03-27T07:40:53
16699,99,2026-03-22T14:41:38
16700,243,2026-03-03T13:16:59
16701,454,2026-04-16T16:51:57
16702,152,2026-03-14T09:16:41
16703,49,2026-03-27T13:07:01
16704,226,2026-04-29T02:49:24
16705,476,2026-04-17T07:24:07
16706,465,2026-03-21T11:28:45
16707,91,2026-03-29T11:37:09
16708,474,2026-03-20T11:42:59
16709,137,2026-04-07T14:04:37
16710,519,2026-03-10T12:22:54
16711,397,2026-04-27T19:47:48
16712,89,2026-04-29T14:44:51
16713,246,2026-03-18T18:37:02
16714,573,2026-03-14T13:25:30
16715,303,2026-04-02T10:21:54
16716,482,2026-04-08T05:29:12
16717,524,2026-04-07T23:10:22
16718,22,2026-03-03T02:55:08
16719,653,2026-04-12T02:11:30
16720,235,2026-03-04T14:29:04
16721,556,2026-03-21T08:45:05
16722,327,2026-04-13T01:13:20
16723,404,2026-04-23T18:59:47
16724,253,2026-04-08T16:31:02
16725,598,2026-03-10T12:09:50
16726,83,2026-04-10T14:00:40
16727,628,2026-03-03T08:18:56
16728,146,2026-03-14T12:16:49
16729,619,2026-03-08T03:02:44
16730,18,2026-04-29T10:36:47
16731,10,2026-03-23T05:31:42
16732,66,2026-04-03T12:04:05
16733,384,2026-04-17T14:49:39
16734,187,2026-04-28T13:27:12
16735,419,2026-04-29T05:35:10
16736,574,2026-03-10T06:35:58
16737,20,2026-03-24T05:50:54
16738,369,2026-03-25T17:13:59
16739,518,2026-04-17T18:02:00
16740,298,2026-03-21T06:13:58
16741,648,2026-03-14T03:40:00
16742,464,2026-04-15T10:40:55
16743,25,2026-03-29T23:18:07
16744,380,2026-04-14T06:58:08
16745,269,2026-03-23T07:41:02
16746,93,2026-03-30T15:18:47
16747,666,2026-03-01T10:59:48
16748,156,2026-03-01T19:12:12
16749,59,2026-03-01T11:01:48
16750,156,2026-03-11T14:59:15
16751,577,2026-03-21T10:26:52
16752,420,2026-03-04T02:50:29
16753,574,2026-03-10T11:51:34
16754,324,2026-04-20T07:56:48
16755,82,2026-04-21T04:45:28
16756,272,2026-03-18T16:02:26
16757,140,2026-04-26T02:32:34
16758,390,2026-03-08T04:56:13
16759,189,2026-03-02T13:45:27
16760,680,2026-03-22T12:50:54
16761,265,2026-03-16T04:47:38
16762,220,2026-03-05T13:17:17
16763,690,2026-04-20T06:46:55
16764,365,2026-04-28T08:37:46
16765,120,2026-03-17T15:34:58
16766,337,2026-03-19T02:10:45
16767,179,2026-04-13T18:06:01
16768,502,2026-04-25T10:25:05
16769,402,2026-03-18T17:14:00
16770,512,2026-04-10T07:36:26
16771,659,2026-03-02T19:18:27
16772,511,2026-04-03T07:06:07
16773,239,2026-04-29T14:02:05
16774,142,2026-03-28T23:57:43
16775,371,2026-04-08T07:06:42
16776,315,2026-04-11T17:55:44
16777,220,2026-04-07T15:33:36
16778,568,2026-04-11T10:52:18
16779,637,2026-04-23T02:54:33
16780,268,2026-03-01T06:07:40
16781,477,2026-04-23T10:32:44
16782,689,2026-04-24T11:40:24
16783,9,2026-04-24T15:37:11
16784,256,2026-03-23T12:53:33
16785,517,2026-04-04T10:10:52
16786,349,2026-03-22T09:08:41
16787,555,2026-04-20T03:50:42
16788,333,2026-03-25T07:38:50
16789,46,2026-03-19T03:55:40
16790,304,2026-04-11T07:12:29
16791,284,2026-03-03T05:03:40
16792,592,2026-03-23T06:41:42
16793,104,2026-03-13T12:45:26
16794,109,2026-03-23T15:38:16
16795,100,2026-03-27T04:02:22
16796,398,2026-03-04T04:52:28
16797,697,2026-04-21T12:15:40
16798,434,2026-03-25T09:29:05
16799,572,2026-03-22T10:01:40
16800,596,2026-03-09T03:45:28
16801,421,2026-04-29T01:49:06
16802,427,2026-04-21T01:11:22
16803,171,2026-03-29T00:04:45
16804,673,2026-03-21T14:38:55
16805,552,2026-03-29T01:33:48
16806,611,2026-04-26T20:52:15
16807,689,2026-03-14T12:17:34
16808,245,2026-04-11T03:43:59
16809,101,2026-04-24T06:50:29
16810,602,2026-04-15T08:52:12
16811,332,2026-04-22T17:05:30
16812,671,2026-04-26T15:37:35
16813,487,2026-03-04T16:20:13
16814,181,2026-03-15T04:33:19
16815,249,2026-03-09T17:40:58
16816,428,2026-04-04T10:54:54
16817,277,2026-03-25T00:28:52
16818,198,2026-03-03T16:19:28
16819,147,2026-04-02T21:11:50
16820,455,2026-03-07T10:44:15
16821,25,2026-03-25T03:20:18
16822,66,2026-03-22T16:41:10
16823,30,2026-04-23T14:16:41
16824,514,2026-04-10T05:48:44
16825,21,2026-04-07T08:40:37
16826,294,2026-04-19T10:29:53
16827,85,2026-03-10T22:59:12
16828,412,2026-03-16T05:29:46
16829,25,2026-04-15T02:32:58
16830,19,2026-04-14T14:02:31
16831,288,2026-03-02T06:38:30
16832,487,2026-03-14T10:55:55
16833,77,2026-03-14T08:34:07
16834,348,2026-03-01T08:23:30
16835,568,2026-04-09T09:38:31
16836,438,2026-03-04T11:33:13
16837,526,2026-04-20T07:12:06
16838,221,2026-04-05T02:11:14
16839,660,2026-04-15T09:53:46
16840,103,2026-03-30T14:36:38
16841,424,2026-04-28T13:53:47
16842,305,2026-03-17T05:20:48
16843,23,2026-04-03T09:57:49
16844,661,2026-03-01T16:35:41
16845,492,2026-04-19T01:51:04
16846,160,2026-04-04T01:44:07
16847,37,2026-03-11T06:55:08
16848,474,2026-04-19T16:36:27
16849,382,2026-04-28T22:46:06
16850,35,2026-03-05T04:01:03
16851,691,2026-04-20T01:32:38
16852,503,2026-04-14T09:48:55
16853,324,2026-03-22T04:49:17
16854,167,2026-04-08T07:33:06
16855,190,2026-04-17T07:56:09
16856,317,2026-03-29T16:14:54
16857,41,2026-04-09T08:47:58
16858,258,2026-03-03T07:19:21
16859,153,2026-04-25T12:15:29
16860,79,2026-04-25T15:48:35
16861,89,2026-03-13T13:48:29
16862,242,2026-03-29T03:56:42
16863,268,2026-03-15T11:25:34
16864,246,2026-03-24T08:48:50
16865,483,2026-03-17T02:46:29
16866,366,2026-04-21T01:53:42
16867,135,2026-04-11T16:18:15
16868,681,2026-04-20T16:29:30
16869,512,2026-04-17T01:42:40
16870,330,2026-04-13T12:25:15
16871,35,2026-03-10T05:59:35
16872,641,2026-04-19T08:49:12
16873,522,2026-04-16T07:01:50
16874,324,2026-03-08T09:23:40
16875,114,2026-03-06T11:32:24
16876,76,2026-04-15T06:42:23
16877,203,2026-03-24T05:32:46
16878,162,2026-03-20T00:36:43
16879,147,2026-03-24T01:35:58
16880,286,2026-04-22T10:09:46
16881,33,2026-03-22T00:21:23
16882,228,2026-03-23T13:18:15
16883,610,2026-03-24T01:22:42
16884,607,2026-03-04T04:12:01
16885,6,2026-03-03T14:57:02
16886,476,2026-03-25T04:07:29
16887,694,2026-03-02T04:19:54
16888,405,2026-04-15T09:25:19
16889,274,2026-03-26T12:37:42
16890,344,2026-03-31T15:11:06
16891,150,2026-03-21T01:42:37
16892,279,2026-04-14T22:04:25
16893,656,2026-03-26T05:03:06
16894,429,2026-03-03T14:12:23
16895,302,2026-03-30T05:13:58
16896,88,2026-03-11T11:37:13
16897,635,2026-04-04T23:48:54
16898,114,2026-04-03T10:48:19
16899,506,2026-03-29T08:10:18
16900,213,2026-03-24T03:27:02
16901,196,2026-04-05T04:10:03
16902,120,2026-04-10T17:36:57
16903,263,2026-04-22T09:15:24
16904,474,2026-04-27T12:39:43
16905,292,2026-03-05T10:46:01
16906,18,2026-04-09T09:39:10
16907,185,2026-03-06T15:00:32
16908,113,2026-03-26T06:59:33
16909,282,2026-04-14T14:27:44
16910,632,2026-04-02T00:36:39
16911,674,2026-04-18T15:41:26
16912,699,2026-04-24T07:32:31
16913,79,2026-04-28T15:57:50
16914,342,2026-04-10T12:52:36
16915,32,2026-04-10T13:39:53
16916,347,2026-04-18T03:37:52
16917,404,2026-03-14T18:20:58
16918,542,2026-03-19T13:27:53
16919,236,2026-03-21T04:00:31
16920,26,2026-04-14T01:44:01
16921,318,2026-03-22T01:07:32
16922,299,2026-03-09T14:13:30
16923,437,2026-04-17T00:34:55
16924,70,2026-04-14T09:40:27
16925,430,2026-04-05T06:02:45
16926,281,2026-04-22T01:46:02
16927,518,2026-04-17T15:08:11
16928,689,2026-04-24T06:38:54
16929,160,2026-03-16T04:46:05
16930,528,2026-03-07T15:11:59
16931,90,2026-03-21T04:23:34
16932,690,2026-04-19T06:30:42
16933,337,2026-04-25T01:33:51
16934,523,2026-03-07T01:48:16
16935,545,2026-04-21T07:57:24
16936,426,2026-03-28T23:24:03
16937,270,2026-04-19T17:35:35
16938,528,2026-04-10T15:55:16
16939,334,2026-03-04T04:36:40
16940,462,2026-03-30T13:02:36
16941,430,2026-03-06T04:18:20
16942,325,2026-03-21T00:39:17
16943,82,2026-04-15T01:59:23
16944,205,2026-04-11T15:13:44
16945,657,2026-04-12T00:12:00
16946,365,2026-04-09T09:38:58
16947,446,2026-03-01T07:06:27
16948,181,2026-04-04T03:56:12
16949,495,2026-03-30T07:54:12
16950,341,2026-04-01T02:34:59
16951,154,2026-03-13T04:20:33
16952,103,2026-04-12T16:26:29
16953,277,2026-04-05T23:33:30
16954,396,2026-03-25T10:51:25
16955,197,2026-03-04T13:43:14
16956,172,2026-03-05T13:27:11
16957,189,2026-03-22T18:38:07
16958,206,2026-04-01T23:33:04
16959,518,2026-04-29T14:07:39
16960,350,2026-04-13T03:18:44
16961,329,2026-03-30T06:12:24
16962,114,2026-03-18T14:32:40
16963,382,2026-03-11T01:58:22
16964,674,2026-03-09T13:42:45
16965,522,2026-03-05T08:39:49
16966,313,2026-04-24T07:30:13
16967,215,2026-03-01T01:21:38
16968,247,2026-04-21T13:12:44
16969,19,2026-04-05T14:54:36
16970,21,2026-04-07T11:01:37
16971,544,2026-04-27T07:54:11
16972,591,2026-04-17T03:13:23
16973,678,2026-03-09T08:48:02
16974,439,2026-04-28T02:51:10
16975,651,2026-03-11T14:55:35
16976,292,2026-04-04T11:57:39
16977,178,2026-04-08T06:30:23
16978,172,2026-03-15T12:33:54
16979,166,2026-04-07T10:01:28
16980,522,2026-04-08T05:49:48
16981,7,2026-04-28T11:34:24
16982,662,2026-04-24T15:02:59
16983,543,2026-03-24T02:20:52
16984,267,2026-04-11T19:51:09
16985,492,2026-04-19T01:23:56
16986,95,2026-03-02T17:17:38
16987,302,2026-04-11T08:16:46
16988,77,2026-04-25T09:10:21
16989,79,2026-03-08T12:32:05
16990,5,2026-04-15T06:16:20
16991,558,2026-03-04T10:35:12
16992,521,2026-03-25T00:29:20
16993,626,2026-04-19T03:39:26
16994,687,2026-04-29T03:35:39
16995,676,2026-04-13T06:03:13
16996,695,2026-04-13T05:00:47
16997,12,2026-03-16T00:18:08
16998,549,2026-04-19T05:20:33
16999,507,2026-04-09T02:27:51
17000,114,2026-04-26T10:42:41
17001,96,2026-04-06T01:58:27
17002,685,2026-03-03T11:45:21
17003,618,2026-03-31T02:21:38
17004,230,2026-04-16T09:14:29
17005,53,2026-04-17T00:21:52
17006,234,2026-03-24T15:14:09
17007,4,2026-03-11T02:33:46
17008,482,2026-04-22T01:40:03
17009,267,2026-04-19T17:15:56
17010,35,2026-04-22T05:36:27
17011,686,2026-04-10T06:22:00
17012,579,2026-04-19T01:29:58
17013,634,2026-03-25T17:14:12
17014,699,2026-04-16T07:32:55
17015,10,2026-03-30T04:05:43
17016,543,2026-04-17T04:29:53
17017,552,2026-03-09T04:26:37
17018,548,2026-03-18T17:24:21
17019,186,2026-03-13T12:54:28
17020,274,2026-03-25T14:47:44
17021,651,2026-04-18T13:34:27
17022,47,2026-03-07T07:53:56
17023,449,2026-04-13T14:39:32
17024,555,2026-04-19T01:38:03
17025,559,2026-04-10T03:28:04
17026,419,2026-04-08T08:16:26
17027,537,2026-03-09T14:17:01
17028,637,2026-04-06T02:58:22
17029,537,2026-03-14T13:40:15
17030,82,2026-03-15T08:05:50
17031,172,2026-04-21T14:14:52
17032,214,2026-04-06T07:57:34
17033,241,2026-04-29T16:12:48
17034,253,2026-03-28T13:33:59
17035,154,2026-03-22T02:21:56
17036,479,2026-04-29T08:42:03
17037,78,2026-04-07T16:51:26
17038,552,2026-04-21T00:25:18
17039,462,2026-03-03T15:00:15
17040,673,2026-04-01T13:21:33
17041,5,2026-04-19T00:01:03
17042,207,2026-04-18T15:13:13
17043,629,2026-04-12T10:23:12
17044,346,2026-03-10T05:06:58
17045,393,2026-04-02T15:02:55
17046,21,2026-03-07T07:18:41
17047,534,2026-04-18T04:01:26
17048,178,2026-04-07T04:15:36
17049,675,2026-03-12T01:07:39
17050,262,2026-04-13T16:32:08
17051,133,2026-04-13T16:47:12
17052,416,2026-03-04T14:51:47
17053,335,2026-03-06T07:37:55
17054,330,2026-03-13T14:05:58
17055,665,2026-03-05T05:04:15
17056,256,2026-04-02T10:44:48
17057,279,2026-04-21T23:44:40
17058,437,2026-03-04T03:16:33
17059,120,2026-04-06T19:59:09
17060,581,2026-03-26T07:38:41
17061,161,2026-04-20T04:26:06
17062,170,2026-03-29T13:37:31
17063,8,2026-04-10T15:01:20
17064,241,2026-04-25T14:44:02
17065,408,2026-03-09T02:13:22
17066,494,2026-03-19T11:00:52
17067,629,2026-03-17T06:37:46
17068,545,2026-03-11T05:00:14
17069,225,2026-04-08T05:01:44
17070,578,2026-03-01T06:10:18
17071,137,2026-03-24T11:57:24
17072,147,2026-03-08T01:58:54
17073,251,2026-04-06T16:25:30
17074,378,2026-04-15T10:20:44
17075,143,2026-03-29T16:25:59
17076,631,2026-03-27T12:37:33
17077,190,2026-03-27T07:34:29
17078,275,2026-03-12T02:18:15
17079,424,2026-03-23T15:15:36
17080,301,2026-04-25T01:29:49
17081,283,2026-03-03T11:17:57
17082,690,2026-04-17T07:26:32
17083,306,2026-03-10T09:01:15
17084,80,2026-03-06T22:11:32
17085,512,2026-03-18T02:58:59
17086,494,2026-03-17T17:21:11
17087,154,2026-03-19T00:26:36
17088,596,2026-04-20T01:11:26
17089,275,2026-04-24T02:52:44
17090,106,2026-04-11T11:16:21
17091,121,2026-03-09T06:17:28
17092,501,2026-04-26T02:25:17
17093,152,2026-04-20T03:48:57
17094,329,2026-03-05T06:47:28
17095,514,2026-03-24T08:10:54
17096,598,2026-04-16T08:11:50
17097,343,2026-03-06T12:15:30
17098,636,2026-03-05T08:11:18
17099,212,2026-04-06T09:30:33
17100,611,2026-03-21T03:14:14
17101,176,2026-03-27T15:04:29
17102,46,2026-04-15T08:47:52
17103,508,2026-04-02T01:20:40
17104,530,2026-04-12T09:14:46
17105,649,2026-03-08T11:08:32
17106,646,2026-03-01T06:49:33
17107,72,2026-03-16T08:36:35
17108,435,2026-03-13T13:19:40
17109,494,2026-03-20T11:49:16
17110,421,2026-04-16T00:18:05
17111,14,2026-03-10T12:14:13
17112,32,2026-03-08T16:22:44
17113,470,2026-03-13T08:02:57
17114,600,2026-03-20T15:26:53
17115,126,2026-03-12T14:45:56
17116,33,2026-03-12T02:25:28
17117,283,2026-04-04T04:34:17
17118,220,2026-03-07T17:23:50
17119,689,2026-03-10T09:49:24
17120,649,2026-04-20T12:59:34
17121,391,2026-03-02T07:32:55
17122,665,2026-03-04T03:41:02
17123,161,2026-03-05T02:36:46
17124,695,2026-04-02T02:52:00
17125,313,2026-04-11T05:54:35
17126,334,2026-04-11T10:53:07
17127,36,2026-04-11T04:04:45
17128,125,2026-03-04T08:25:57
17129,137,2026-03-21T13:30:32
17130,342,2026-04-08T09:46:57
17131,133,2026-04-10T13:33:41
17132,72,2026-03-21T05:28:02
17133,424,2026-04-20T12:31:21
17134,611,2026-04-19T22:35:22
17135,49,2026-04-15T17:36:56
17136,393,2026-04-17T18:44:56
17137,673,2026-04-28T11:24:46
17138,284,2026-04-17T09:34:33
17139,129,2026-04-05T11:07:03
17140,56,2026-03-24T11:30:47
17141,656,2026-03-22T08:22:24
17142,284,2026-04-19T11:00:12
17143,74,2026-03-18T08:12:50
17144,607,2026-04-07T02:58:06
17145,562,2026-03-31T11:32:37
17146,493,2026-03-23T15:02:19
17147,60,2026-03-28T06:53:49
17148,58,2026-03-05T04:07:41
17149,154,2026-04-12T01:37:10
17150,112,2026-03-05T03:02:55
17151,373,2026-03-05T06:50:03
17152,275,2026-03-16T02:37:46
17153,536,2026-04-01T15:51:30
17154,71,2026-03-18T13:18:24
17155,510,2026-04-22T18:53:28
17156,654,2026-04-25T07:53:22
17157,92,2026-03-24T13:28:46
17158,457,2026-04-29T09:35:52
17159,357,2026-03-06T05:22:50
17160,67,2026-03-09T04:46:31
17161,205,2026-03-21T12:38:56
17162,552,2026-04-26T05:08:27
17163,609,2026-03-31T04:24:27
17164,258,2026-04-12T08:24:17
17165,75,2026-04-09T13:26:48
17166,172,2026-03-30T11:37:41
17167,591,2026-04-25T04:16:34
17168,399,2026-04-27T14:11:09
17169,302,2026-03-27T10:27:21
17170,10,2026-04-12T04:22:23
17171,548,2026-04-07T13:54:34
17172,326,2026-04-05T06:45:45
17173,382,2026-03-07T02:14:10
17174,591,2026-03-13T06:40:40
17175,394,2026-04-29T03:36:34
17176,650,2026-03-15T11:54:07
17177,392,2026-04-09T10:44:12
17178,240,2026-04-24T08:33:21
17179,646,2026-04-06T02:15:33
17180,450,2026-03-13T07:12:23
17181,533,2026-04-21T13:22:44
17182,159,2026-03-02T02:52:14
17183,470,2026-04-13T06:53:25
17184,393,2026-03-16T13:57:12
17185,74,2026-04-08T11:58:13
17186,178,2026-03-29T04:29:30
17187,639,2026-04-04T07:36:12
17188,400,2026-03-23T01:05:20
17189,543,2026-04-01T00:09:39
17190,121,2026-04-26T07:15:36
17191,153,2026-04-19T12:10:43
17192,659,2026-03-26T16:45:38
17193,295,2026-04-26T11:50:56
17194,621,2026-04-23T03:00:57
17195,566,2026-04-07T05:41:24
17196,236,2026-04-05T00:17:35
17197,665,2026-03-03T10:29:05
17198,544,2026-04-01T01:22:49
17199,90,2026-03-13T02:09:35
17200,67,2026-03-10T05:47:54
17201,89,2026-04-21T14:18:07
17202,519,2026-03-17T14:26:25
17203,101,2026-04-06T06:35:31
17204,198,2026-04-22T16:31:10
17205,305,2026-04-04T23:11:17
17206,95,2026-04-16T15:40:16
17207,232,2026-04-16T01:09:39
17208,475,2026-03-27T02:47:41
17209,681,2026-04-25T12:38:38
17210,329,2026-04-24T07:20:19
17211,523,2026-03-21T03:21:07
17212,372,2026-04-19T15:10:07
17213,327,2026-03-11T03:26:47
17214,365,2026-03-07T12:10:08
17215,671,2026-04-01T14:30:50
17216,42,2026-04-06T10:09:20
17217,360,2026-04-05T08:53:37
17218,36,2026-04-17T00:06:08
17219,613,2026-03-24T18:43:49
17220,421,2026-04-18T05:26:55
17221,34,2026-04-24T07:20:56
17222,437,2026-03-06T05:10:00
17223,306,2026-03-27T10:38:54
17224,34,2026-03-14T05:46:13
17225,685,2026-04-09T12:38:34
17226,265,2026-03-25T08:00:55
17227,17,2026-03-17T14:49:38
17228,429,2026-03-16T22:57:48
17229,263,2026-03-22T15:42:14
17230,460,2026-03-07T10:00:55
17231,114,2026-03-07T07:30:38
17232,580,2026-04-07T07:19:52
17233,295,2026-04-26T07:39:00
17234,295,2026-03-31T12:45:25
17235,563,2026-04-25T09:53:49
17236,384,2026-03-10T18:52:05
17237,1,2026-04-28T03:57:13
17238,405,2026-04-05T03:05:49
17239,453,2026-04-14T15:07:57
17240,219,2026-03-04T16:48:22
17241,127,2026-04-06T10:42:09
17242,38,2026-03-23T10:45:06
17243,593,2026-04-23T02:14:49
17244,3,2026-04-17T03:27:46
17245,409,2026-04-21T15:38:39
17246,586,2026-04-23T04:37:01
17247,247,2026-04-13T10:51:21
17248,141,2026-03-15T16:22:13
17249,501,2026-03-17T00:50:33
17250,442,2026-04-21T18:18:39
17251,11,2026-04-06T04:45:52
17252,404,2026-04-23T17:01:14
17253,1,2026-04-17T05:12:34
17254,280,2026-04-06T10:00:03
17255,213,2026-03-09T22:12:10
17256,584,2026-04-28T05:31:40
17257,685,2026-03-15T11:52:33
17258,489,2026-03-15T03:00:18
17259,515,2026-03-09T14:35:28
17260,16,2026-03-05T17:07:55
17261,45,2026-03-23T06:10:19
17262,544,2026-04-20T06:05:03
17263,300,2026-04-21T03:35:06
17264,355,2026-03-30T15:37:20
17265,485,2026-03-19T08:16:32
17266,243,2026-03-21T14:40:53
17267,478,2026-04-25T07:24:33
17268,509,2026-03-04T03:45:04
17269,169,2026-03-04T06:31:11
17270,481,2026-03-04T01:58:52
17271,119,2026-04-23T03:40:08
17272,218,2026-03-06T05:58:50
17273,547,2026-04-26T04:54:47
17274,689,2026-03-12T08:12:07
17275,46,2026-04-02T12:20:33
17276,455,2026-04-28T16:21:33
17277,399,2026-03-07T14:36:06
17278,425,2026-03-17T11:33:07
17279,551,2026-04-13T06:28:11
17280,49,2026-04-19T18:02:55
17281,518,2026-04-24T18:26:03
17282,196,2026-03-02T05:11:59
17283,109,2026-04-16T11:56:36
17284,313,2026-03-20T05:51:20
17285,19,2026-04-03T12:10:18
17286,442,2026-04-24T15:24:57
17287,396,2026-04-24T17:38:25
17288,359,2026-03-12T12:29:16
17289,22,2026-03-29T03:10:55
17290,535,2026-03-18T16:44:36
17291,25,2026-04-06T03:54:44
17292,184,2026-04-19T13:48:14
17293,278,2026-03-20T04:21:58
17294,492,2026-03-08T02:51:01
17295,286,2026-03-04T07:52:57
17296,572,2026-03-04T11:53:21
17297,655,2026-03-22T02:49:00
17298,536,2026-04-27T12:17:26
17299,28,2026-03-16T14:30:24
17300,540,2026-03-25T11:38:11
17301,145,2026-04-10T08:48:51
17302,622,2026-04-09T02:06:31
17303,686,2026-03-17T07:04:01
17304,59,2026-03-08T08:58:55
17305,70,2026-03-10T11:41:28
17306,489,2026-03-14T10:16:48
17307,101,2026-03-06T09:59:06
17308,679,2026-03-28T06:23:24
17309,379,2026-04-08T07:37:41
17310,402,2026-04-10T13:55:25
17311,603,2026-04-24T00:51:01
17312,153,2026-03-18T15:37:52
17313,390,2026-04-09T00:33:36
17314,700,2026-04-23T02:17:34
17315,16,2026-03-02T12:10:10
17316,123,2026-04-16T00:05:25
17317,103,2026-03-06T18:00:52
17318,235,2026-04-03T15:29:16
17319,91,2026-04-19T08:20:10
17320,121,2026-03-28T06:35:56
17321,597,2026-04-03T06:30:21
17322,326,2026-04-07T05:40:29
17323,251,2026-04-04T17:11:00
17324,294,2026-04-13T10:09:19
17325,680,2026-04-21T11:07:55
17326,344,2026-03-09T15:42:53
17327,329,2026-03-25T10:54:59
17328,650,2026-04-21T08:21:40
17329,27,2026-03-23T10:08:44
17330,335,2026-03-30T12:56:53
17331,524,2026-04-14T00:13:04
17332,361,2026-04-26T07:39:18
17333,608,2026-03-16T12:52:05
17334,621,2026-04-27T05:55:58
17335,236,2026-04-12T02:13:35
17336,573,2026-03-02T10:01:52
17337,171,2026-04-20T23:25:36
17338,168,2026-03-24T15:54:38
17339,685,2026-03-17T10:28:40
17340,10,2026-04-01T02:52:58
17341,248,2026-04-04T16:50:52
17342,441,2026-04-02T07:30:26
17343,290,2026-03-04T13:52:37
17344,592,2026-04-19T05:58:30
17345,177,2026-03-21T11:40:10
17346,387,2026-03-09T16:44:35
17347,88,2026-04-03T13:26:22
17348,148,2026-04-07T05:59:46
17349,122,2026-03-07T08:21:52
17350,519,2026-04-26T10:45:42
17351,142,2026-04-05T21:56:10
17352,469,2026-04-29T05:54:55
17353,242,2026-04-09T23:52:19
17354,396,2026-03-01T14:11:28
17355,612,2026-03-13T01:58:37
17356,605,2026-04-28T02:11:34
17357,8,2026-04-03T17:14:46
17358,549,2026-03-08T12:30:24
17359,669,2026-03-05T02:08:39
17360,468,2026-04-02T14:43:47
17361,132,2026-04-04T23:55:31
17362,466,2026-03-15T12:15:43
17363,446,2026-03-12T08:19:51
17364,464,2026-04-06T12:25:57
17365,301,2026-03-27T01:05:31
17366,368,2026-03-03T02:10:58
17367,457,2026-03-04T07:56:27
17368,325,2026-03-14T23:55:33
17369,542,2026-04-03T14:30:08
17370,497,2026-03-19T16:44:02
17371,213,2026-02-28T22:02:27
17372,428,2026-04-24T07:02:35
17373,530,2026-04-11T11:53:29
17374,343,2026-04-05T14:01:38
17375,501,2026-03-15T01:42:17
17376,89,2026-04-12T16:59:04
17377,271,2026-04-26T02:47:42
17378,492,2026-04-10T02:23:10
17379,627,2026-03-18T14:32:19
17380,453,2026-03-24T15:36:52
17381,465,2026-04-25T15:26:00
17382,240,2026-03-01T06:56:25
17383,491,2026-03-14T14:02:38
17384,250,2026-03-07T16:57:55
17385,37,2026-04-08T07:51:20
17386,173,2026-03-28T15:05:19
17387,428,2026-03-08T06:34:12
17388,674,2026-04-26T08:38:58
17389,348,2026-04-03T01:59:13
17390,603,2026-03-15T03:59:40
17391,545,2026-04-26T08:28:52
17392,393,2026-04-11T13:10:44
17393,564,2026-03-08T11:48:31
17394,282,2026-04-19T13:39:35
17395,310,2026-03-04T12:30:20
17396,516,2026-04-24T13:46:32
17397,448,2026-03-24T00:04:45
17398,370,2026-03-18T03:04:43
17399,304,2026-03-04T06:28:09
17400,684,2026-04-25T01:23:12
17401,46,2026-04-03T09:09:43
17402,39,2026-04-06T15:12:29
17403,336,2026-04-21T06:29:26
17404,25,2026-03-31T03:03:57
17405,239,2026-03-18T17:42:09
17406,399,2026-04-16T16:05:53
17407,284,2026-04-01T04:40:32
17408,143,2026-03-15T10:20:55
17409,200,2026-04-20T12:09:29
17410,424,2026-04-18T13:34:48
17411,666,2026-03-15T05:37:13
17412,547,2026-04-08T02:57:47
17413,384,2026-04-25T14:26:12
17414,97,2026-04-17T03:56:55
17415,170,2026-03-12T15:28:34
17416,309,2026-04-21T04:52:45
17417,173,2026-03-04T17:16:54
17418,483,2026-04-07T02:46:05
17419,257,2026-03-31T07:13:20
17420,584,2026-03-03T04:02:34
17421,189,2026-04-13T16:07:00
17422,348,2026-03-18T05:24:02
17423,501,2026-04-21T03:07:39
17424,145,2026-04-22T06:46:10
17425,534,2026-04-05T02:05:29
17426,411,2026-04-07T00:58:40
17427,454,2026-03-04T21:21:46
17428,319,2026-04-23T12:27:55
17429,655,2026-04-10T13:44:01
17430,541,2026-03-24T13:42:00
17431,135,2026-03-06T18:50:02
17432,389,2026-03-31T17:59:45
17433,633,2026-04-24T03:18:04
17434,196,2026-04-21T05:37:27
17435,376,2026-03-06T08:40:00
17436,529,2026-04-15T05:46:49
17437,192,2026-03-05T07:17:48
17438,363,2026-03-23T02:57:38
17439,388,2026-03-27T01:14:58
17440,125,2026-03-02T09:42:35
17441,125,2026-03-09T06:53:41
17442,395,2026-04-22T14:07:25
17443,126,2026-04-07T15:32:58
17444,664,2026-04-17T10:58:20
17445,367,2026-04-04T02:08:14
17446,494,2026-03-27T11:48:30
17447,278,2026-03-01T22:50:10
17448,210,2026-04-02T17:15:40
17449,341,2026-04-16T03:42:35
17450,498,2026-03-13T02:59:22
17451,279,2026-03-30T04:23:01
17452,198,2026-03-25T19:04:29
17453,101,2026-04-22T04:15:31
17454,380,2026-03-10T08:56:35
17455,476,2026-03-07T04:55:02
17456,369,2026-03-13T17:50:00
17457,179,2026-03-10T14:34:46
17458,174,2026-04-20T01:16:12
17459,264,2026-03-16T14:37:53
17460,244,2026-03-22T14:51:11
17461,143,2026-03-16T12:49:21
17462,660,2026-04-18T11:03:52
17463,231,2026-04-09T05:42:07
17464,176,2026-03-29T13:57:53
17465,425,2026-04-17T13:07:01
17466,561,2026-03-05T08:36:10
17467,326,2026-04-10T04:37:17
17468,468,2026-03-22T14:31:41
17469,67,2026-03-23T02:45:35
17470,373,2026-03-10T10:59:24
17471,47,2026-03-06T07:39:33
17472,97,2026-04-11T03:01:32
17473,415,2026-04-21T14:31:47
17474,144,2026-04-24T20:30:24
17475,26,2026-03-15T08:16:55
17476,126,2026-04-15T17:44:28
17477,541,2026-03-07T15:34:50
17478,411,2026-04-16T02:06:41
17479,268,2026-04-03T13:46:24
17480,682,2026-04-21T09:00:17
17481,271,2026-03-05T03:52:30
17482,615,2026-04-16T16:36:01
17483,242,2026-03-29T06:59:20
17484,18,2026-04-04T11:20:30
17485,78,2026-04-02T15:13:21
17486,192,2026-04-12T10:28:05
17487,131,2026-04-05T02:48:35
17488,111,2026-03-25T13:37:57
17489,269,2026-03-27T06:26:26
17490,683,2026-03-05T15:23:20
17491,141,2026-04-13T13:47:42
17492,165,2026-04-12T03:12:01
17493,697,2026-04-04T04:02:53
17494,141,2026-04-13T13:14:28
17495,582,2026-03-17T05:12:45
17496,435,2026-03-14T17:11:19
17497,650,2026-04-25T12:18:12
17498,390,2026-04-27T02:42:41
17499,416,2026-04-21T11:14:17
17500,159,2026-03-03T23:08:42
17501,403,2026-04-02T16:23:41
17502,470,2026-04-14T09:58:41
17503,691,2026-03-03T00:56:47
17504,68,2026-04-28T06:00:23
17505,110,2026-04-17T10:00:58
17506,14,2026-03-19T08:18:51
17507,554,2026-03-31T02:08:27
17508,58,2026-04-24T07:48:02
17509,641,2026-04-21T13:08:02
17510,256,2026-04-19T09:05:28
17511,202,2026-04-29T08:13:01
17512,683,2026-04-14T13:35:56
17513,505,2026-04-26T14:09:25
17514,384,2026-04-27T15:17:25
17515,623,2026-03-02T12:30:31
17516,529,2026-04-09T06:57:58
17517,447,2026-03-21T03:51:35
17518,226,2026-03-30T00:13:42
17519,691,2026-03-11T03:17:33
17520,504,2026-04-10T08:04:24
17521,662,2026-04-20T14:17:05
17522,677,2026-03-25T00:36:40
17523,385,2026-04-11T00:31:29
17524,251,2026-03-20T16:22:56
17525,664,2026-04-14T09:01:08
17526,700,2026-03-05T04:54:50
17527,86,2026-04-22T09:23:40
17528,447,2026-03-23T07:54:11
17529,422,2026-03-31T14:44:31
17530,525,2026-04-18T18:47:48
17531,683,2026-03-02T14:25:42
17532,177,2026-04-26T01:07:13
17533,684,2026-04-05T23:13:41
17534,451,2026-04-28T05:39:05
17535,58,2026-04-03T05:35:08
17536,358,2026-03-13T09:05:24
17537,94,2026-04-04T03:51:03
17538,670,2026-04-04T05:01:35
17539,535,2026-04-25T13:28:10
17540,634,2026-04-04T13:11:18
17541,422,2026-03-25T13:10:35
17542,278,2026-03-11T05:29:50
17543,300,2026-03-20T01:19:08
17544,663,2026-04-04T20:27:19
17545,107,2026-03-23T09:56:25
17546,620,2026-03-22T07:46:07
17547,296,2026-03-01T10:19:11
17548,414,2026-04-26T01:31:29
17549,467,2026-04-20T13:22:23
17550,58,2026-03-16T02:15:38
17551,105,2026-03-09T15:27:52
17552,113,2026-04-20T03:08:16
17553,546,2026-04-20T01:14:10
17554,54,2026-04-23T08:34:53
17555,428,2026-04-02T08:44:20
17556,76,2026-04-14T03:40:03
17557,538,2026-04-13T07:59:55
17558,684,2026-03-13T04:12:35
17559,290,2026-04-01T16:07:58
17560,149,2026-03-16T11:37:50
17561,312,2026-04-15T17:34:37
17562,484,2026-04-28T12:51:48
17563,510,2026-03-05T10:07:08
17564,446,2026-03-05T06:14:39
17565,408,2026-03-16T01:24:09
17566,442,2026-03-08T15:49:02
17567,153,2026-03-01T10:11:49
17568,145,2026-04-28T06:57:04
17569,652,2026-04-04T06:06:00
17570,406,2026-04-16T06:56:28
17571,603,2026-04-02T22:40:22
17572,438,2026-04-14T04:08:56
17573,319,2026-04-11T15:59:41
17574,400,2026-03-09T22:02:04
17575,485,2026-03-10T07:23:09
17576,131,2026-03-30T03:43:51
17577,324,2026-03-23T07:20:47
17578,507,2026-04-20T00:22:48
17579,61,2026-03-19T06:17:16
17580,52,2026-03-20T12:10:57
17581,113,2026-04-01T04:34:28
17582,414,2026-03-12T04:26:09
17583,167,2026-04-21T08:48:52
17584,306,2026-03-01T07:32:06
17585,94,2026-04-20T04:30:07
17586,176,2026-04-07T15:09:22
17587,13,2026-04-23T10:15:49
17588,566,2026-03-18T06:02:31
17589,327,2026-04-24T03:58:09
17590,124,2026-04-21T05:46:51
17591,369,2026-03-28T15:16:31
17592,654,2026-03-18T06:27:55
17593,578,2026-03-12T05:33:36
17594,620,2026-03-10T04:14:19
17595,285,2026-04-04T03:07:07
17596,253,2026-04-27T15:57:49
17597,222,2026-04-03T06:21:06
17598,214,2026-04-27T08:45:50
17599,644,2026-04-15T13:37:45
17600,97,2026-04-11T02:24:24
17601,597,2026-04-13T04:36:34
17602,642,2026-04-25T03:16:27
17603,591,2026-04-21T02:15:02
17604,440,2026-03-10T04:43:52
17605,599,2026-04-05T14:46:45
17606,23,2026-03-28T02:43:52
17607,573,2026-04-22T11:41:35
17608,358,2026-03-13T09:53:57
17609,671,2026-04-19T12:18:03
17610,61,2026-03-29T05:00:36
17611,652,2026-04-25T04:16:54
17612,402,2026-04-17T16:37:29
17613,73,2026-03-21T06:35:28
17614,357,2026-04-20T04:16:49
17615,26,2026-03-12T07:46:21
17616,58,2026-03-01T05:58:04
17617,373,2026-03-31T05:07:16
17618,572,2026-03-24T11:01:52
17619,76,2026-03-08T07:41:18
17620,184,2026-04-29T19:29:12
17621,274,2026-03-03T20:40:26
17622,380,2026-04-05T05:42:28
17623,1,2026-03-16T07:02:56
17624,448,2026-03-18T01:45:41
17625,349,2026-03-13T11:10:46
17626,674,2026-03-24T12:37:01
17627,211,2026-04-10T17:59:51
17628,346,2026-03-20T12:28:23
17629,58,2026-04-13T05:20:05
17630,643,2026-03-27T12:54:17
17631,584,2026-04-17T08:25:39
17632,249,2026-03-27T13:34:04
17633,323,2026-03-22T07:12:45
17634,601,2026-03-31T01:31:10
17635,207,2026-04-11T15:04:50
17636,166,2026-03-28T06:51:09
17637,170,2026-04-24T10:36:53
17638,496,2026-03-31T11:26:45
17639,148,2026-03-18T05:44:11
17640,63,2026-03-01T22:36:24
17641,116,2026-03-24T22:25:05
17642,691,2026-03-04T01:19:02
17643,611,2026-03-02T23:04:21
17644,668,2026-03-23T02:12:13
17645,195,2026-03-18T00:24:46
17646,310,2026-04-23T12:27:43
17647,344,2026-04-13T15:59:17
17648,367,2026-04-17T02:20:13
17649,19,2026-04-02T12:28:53
17650,419,2026-03-07T07:02:26
17651,28,2026-04-21T13:05:39
17652,193,2026-03-30T15:29:39
17653,205,2026-03-26T11:20:41
17654,473,2026-04-06T03:39:57
17655,628,2026-03-10T06:50:42
17656,489,2026-03-29T03:03:03
17657,305,2026-04-06T00:09:24
17658,368,2026-04-10T22:34:13
17659,359,2026-03-31T06:05:14
17660,104,2026-04-29T11:18:13
17661,671,2026-04-29T13:42:50
17662,644,2026-03-06T14:02:53
17663,169,2026-03-05T05:37:12
17664,81,2026-03-30T21:05:33
17665,116,2026-04-19T13:45:27
17666,441,2026-03-31T09:42:45
17667,21,2026-03-14T14:03:51
17668,73,2026-04-03T11:32:27
17669,454,2026-04-26T16:28:25
17670,103,2026-03-11T14:57:28
17671,49,2026-03-27T15:02:29
17672,15,2026-04-08T08:40:58
17673,495,2026-03-24T13:32:07
17674,255,2026-03-03T06:57:09
17675,200,2026-04-10T12:44:23
17676,448,2026-04-13T23:17:23
17677,120,2026-04-09T16:06:29
17678,366,2026-04-09T00:34:59
17679,339,2026-04-09T08:50:35
17680,473,2026-03-20T07:33:15
17681,437,2026-03-01T00:34:15
17682,473,2026-04-29T04:31:06
17683,150,2026-03-13T02:22:01
17684,99,2026-04-19T10:53:17
17685,374,2026-04-02T05:10:42
17686,41,2026-04-02T07:31:50
17687,318,2026-03-02T08:52:41
17688,438,2026-04-29T10:15:59
17689,575,2026-04-01T17:25:14
17690,458,2026-04-19T06:42:37
17691,697,2026-04-16T06:07:46
17692,390,2026-03-09T02:15:59
17693,313,2026-04-26T04:43:17
17694,173,2026-04-05T16:05:10
17695,472,2026-03-12T04:22:58
17696,568,2026-04-04T14:35:37
17697,225,2026-04-06T07:51:47
17698,53,2026-04-09T02:08:35
17699,8,2026-03-20T15:32:08
17700,443,2026-04-26T05:42:07
17701,465,2026-03-15T13:23:19
17702,85,2026-03-30T01:26:36
17703,16,2026-04-20T16:27:57
17704,459,2026-03-05T07:51:32
17705,279,2026-03-25T02:36:31
17706,293,2026-03-29T12:24:45
17707,184,2026-04-16T14:00:41
17708,503,2026-04-17T15:23:49
17709,522,2026-04-17T10:48:18
17710,37,2026-03-22T10:25:13
17711,63,2026-03-30T04:23:40
17712,389,2026-03-02T14:42:06
17713,423,2026-04-19T05:58:46
17714,102,2026-03-19T03:09:55
17715,111,2026-03-29T14:56:39
17716,478,2026-04-10T06:20:44
17717,319,2026-04-16T19:35:32
17718,84,2026-03-06T04:16:21
17719,427,2026-04-16T00:01:13
17720,52,2026-03-23T08:23:32
17721,162,2026-03-25T23:52:54
17722,500,2026-03-08T01:54:49
17723,156,2026-04-13T19:22:22
17724,45,2026-03-29T07:37:09
17725,672,2026-03-07T02:46:59
17726,158,2026-03-09T03:30:00
17727,361,2026-04-13T05:48:10
17728,578,2026-03-07T04:07:32
17729,693,2026-04-01T03:55:50
17730,567,2026-04-11T12:34:05
17731,238,2026-04-24T12:09:14
17732,598,2026-03-10T08:47:57
17733,9,2026-03-18T17:55:04
17734,229,2026-03-10T09:21:12
17735,140,2026-04-22T04:27:02
17736,370,2026-04-05T00:54:44
17737,625,2026-04-28T07:32:19
17738,542,2026-03-03T12:21:42
17739,699,2026-04-12T07:38:01
17740,96,2026-03-02T01:09:09
17741,527,2026-03-07T11:20:06
17742,508,2026-03-26T00:49:01
17743,320,2026-03-23T01:05:00
17744,69,2026-03-22T14:33:13
17745,74,2026-03-05T10:40:51
17746,640,2026-04-02T11:31:32
17747,207,2026-03-21T15:23:45
17748,447,2026-04-29T06:55:07
17749,662,2026-04-17T14:48:53
17750,346,2026-03-27T11:49:56
17751,147,2026-04-15T02:05:35
17752,340,2026-04-04T05:59:46
17753,161,2026-03-30T01:30:24
17754,127,2026-04-25T11:41:13
17755,568,2026-04-05T07:22:52
17756,243,2026-03-29T10:34:06
17757,480,2026-04-03T06:42:23
17758,509,2026-04-16T04:32:04
17759,385,2026-04-13T20:34:18
17760,379,2026-04-02T10:21:49
17761,127,2026-03-11T10:59:44
17762,371,2026-04-08T01:10:52
17763,527,2026-03-26T08:22:48
17764,137,2026-04-25T12:49:31
17765,163,2026-04-24T03:28:57
17766,484,2026-03-01T10:00:33
17767,688,2026-04-29T03:06:38
17768,275,2026-04-24T03:53:25
17769,580,2026-04-24T04:59:17
17770,128,2026-03-30T08:15:47
17771,399,2026-03-17T13:12:55
17772,661,2026-04-06T15:14:52
17773,310,2026-04-22T14:54:44
17774,355,2026-03-28T15:00:18
17775,109,2026-04-29T17:05:49
17776,370,2026-03-16T02:21:54
17777,410,2026-04-21T02:58:27
17778,687,2026-03-04T05:05:14
17779,141,2026-04-20T17:19:39
17780,257,2026-04-26T10:11:13
17781,454,2026-04-12T18:19:58
17782,661,2026-04-07T14:41:51
17783,167,2026-03-25T10:11:39
17784,487,2026-04-22T13:24:31
17785,616,2026-03-08T15:09:10
17786,444,2026-03-18T12:00:03
17787,299,2026-03-08T11:29:00
17788,165,2026-03-17T02:19:06
17789,202,2026-04-01T08:44:25
17790,37,2026-03-21T12:00:17
17791,107,2026-03-26T12:02:20
17792,307,2026-03-14T04:54:10
17793,99,2026-03-22T13:25:43
17794,8,2026-03-30T16:51:59
17795,485,2026-03-13T05:06:00
17796,50,2026-04-26T08:21:43
17797,99,2026-04-23T10:41:53
17798,417,2026-04-22T14:14:26
17799,646,2026-03-01T06:13:34
17800,508,2026-03-30T03:06:48
17801,23,2026-04-17T01:20:38
17802,118,2026-03-21T08:42:17
17803,519,2026-03-14T08:17:18
17804,513,2026-04-06T10:07:01
17805,274,2026-03-01T15:37:48
17806,665,2026-04-06T10:40:21
17807,622,2026-03-28T06:24:52
17808,521,2026-04-11T03:15:21
17809,524,2026-04-09T23:43:30
17810,550,2026-04-02T05:43:08
17811,104,2026-04-05T08:35:04
17812,491,2026-03-02T18:23:37
17813,658,2026-04-28T06:30:43
17814,158,2026-03-05T00:08:23
17815,11,2026-04-28T02:00:37
17816,253,2026-04-28T13:16:17
17817,189,2026-04-13T16:31:41
17818,665,2026-04-14T06:41:36
17819,313,2026-03-02T00:14:50
17820,463,2026-04-26T04:41:43
17821,688,2026-04-01T04:18:52
17822,553,2026-03-21T08:35:59
17823,525,2026-04-10T14:06:21
17824,679,2026-04-02T07:19:53
17825,483,2026-03-21T22:11:27
17826,163,2026-03-20T06:38:00
17827,509,2026-03-08T05:42:57
17828,226,2026-04-24T01:02:09
17829,232,2026-04-09T03:23:07
17830,452,2026-03-18T05:36:32
17831,221,2026-04-13T00:44:41
17832,18,2026-04-11T04:46:27
17833,700,2026-03-08T20:46:36
17834,400,2026-03-11T00:08:52
17835,470,2026-03-14T08:38:34
17836,567,2026-03-07T14:48:48
17837,445,2026-04-19T10:33:36
17838,428,2026-03-10T06:54:31
17839,555,2026-04-17T21:49:30
17840,207,2026-04-01T17:57:56
17841,580,2026-03-08T04:56:20
17842,507,2026-04-20T01:01:21
17843,128,2026-03-11T02:23:47
17844,103,2026-04-29T14:53:39
17845,616,2026-03-01T17:04:08
17846,627,2026-04-07T17:03:41
17847,696,2026-03-19T13:16:01
17848,71,2026-04-02T15:22:30
17849,627,2026-04-20T15:37:19
17850,605,2026-04-17T00:32:12
17851,538,2026-03-17T09:44:37
17852,349,2026-03-04T08:13:09
17853,356,2026-03-18T14:28:21
17854,301,2026-04-17T22:20:09
17855,21,2026-03-31T10:54:07
17856,351,2026-04-15T03:54:23
17857,167,2026-03-30T07:49:37
17858,141,2026-04-01T17:10:40
17859,40,2026-03-04T15:05:55
17860,321,2026-03-02T13:32:18
17861,34,2026-04-12T08:42:21
17862,595,2026-03-13T12:49:51
17863,623,2026-03-22T12:47:10
17864,561,2026-03-23T10:14:35
17865,211,2026-04-07T13:20:44
17866,115,2026-04-26T14:56:27
17867,354,2026-04-15T12:42:51
17868,472,2026-04-08T01:58:19
17869,15,2026-04-20T12:13:06
17870,600,2026-03-31T16:15:06
17871,307,2026-03-09T03:39:31
17872,574,2026-03-30T08:28:33
17873,55,2026-04-28T13:58:31
17874,298,2026-04-16T00:00:22
17875,321,2026-03-21T19:37:28
17876,34,2026-03-20T02:57:57
17877,496,2026-04-25T17:31:28
17878,652,2026-03-06T08:08:44
17879,379,2026-04-25T09:03:51
17880,278,2026-04-10T02:25:08
17881,446,2026-04-18T10:45:14
17882,253,2026-03-20T14:40:33
17883,252,2026-04-08T12:06:44
17884,532,2026-03-20T16:39:52
17885,414,2026-03-02T00:54:43
17886,185,2026-03-28T14:39:56
17887,286,2026-04-28T09:15:59
17888,585,2026-03-15T02:01:55
17889,371,2026-03-10T10:33:36
17890,54,2026-04-25T17:44:49
17891,600,2026-04-24T12:52:57
17892,519,2026-04-20T16:44:16
17893,187,2026-04-28T13:27:33
17894,677,2026-04-29T02:32:37
17895,667,2026-04-25T09:11:22
17896,698,2026-04-27T14:43:42
17897,265,2026-04-14T05:39:42
17898,647,2026-03-18T22:00:50
17899,565,2026-03-28T04:18:13
17900,610,2026-03-23T05:09:53
17901,383,2026-03-31T03:58:57
17902,196,2026-04-11T02:04:31
17903,159,2026-03-15T04:31:26
17904,677,2026-03-01T04:18:19
17905,352,2026-04-06T12:55:44
17906,650,2026-04-29T06:12:31
17907,389,2026-04-21T16:56:38
17908,375,2026-03-01T15:11:55
17909,52,2026-04-05T10:02:42
17910,282,2026-04-01T15:25:31
17911,390,2026-03-26T02:29:09
17912,77,2026-04-10T10:37:08
17913,114,2026-03-26T09:31:43
17914,414,2026-04-24T03:32:26
17915,174,2026-04-24T04:18:00
17916,491,2026-04-08T18:50:45
17917,323,2026-03-28T00:32:44
17918,283,2026-04-05T09:23:58
17919,83,2026-04-24T09:04:15
17920,285,2026-03-19T04:24:25
17921,380,2026-04-22T08:26:36
17922,402,2026-04-05T18:00:47
17923,190,2026-03-04T11:48:12
17924,20,2026-04-14T05:45:16
17925,655,2026-03-13T07:14:38
17926,671,2026-03-31T13:36:21
17927,633,2026-04-27T04:08:57
17928,203,2026-04-16T08:07:17
17929,422,2026-04-11T15:40:01
17930,99,2026-03-05T05:11:40
17931,634,2026-04-21T15:55:45
17932,4,2026-03-21T03:10:55
17933,330,2026-03-04T15:39:15
17934,600,2026-04-27T14:24:49
17935,508,2026-03-11T22:04:58
17936,605,2026-03-19T23:02:35
17937,348,2026-03-09T05:08:15
17938,67,2026-04-07T01:46:32
17939,6,2026-04-22T15:59:39
17940,107,2026-04-01T10:19:51
17941,41,2026-04-22T09:16:28
17942,314,2026-04-26T04:55:56
17943,36,2026-04-22T01:24:18
17944,130,2026-03-10T12:16:46
17945,294,2026-03-13T08:33:43
17946,516,2026-03-18T17:21:39
17947,472,2026-04-08T07:18:39
17948,41,2026-04-21T07:55:47
17949,633,2026-03-19T04:43:05
17950,385,2026-04-09T02:10:29
17951,245,2026-03-11T22:35:56
17952,268,2026-04-02T12:50:25
17953,594,2026-04-15T22:29:07
17954,326,2026-03-23T23:09:57
17955,173,2026-03-10T20:29:45
17956,298,2026-03-25T05:29:33
17957,48,2026-04-15T13:12:56
17958,108,2026-04-26T11:52:34
17959,221,2026-04-06T03:02:51
17960,155,2026-04-10T17:09:07
17961,245,2026-03-26T01:06:26
17962,46,2026-04-25T09:02:30
17963,428,2026-04-22T10:17:31
17964,81,2026-04-28T02:14:22
17965,152,2026-04-21T02:48:01
17966,685,2026-04-02T10:15:16
17967,5,2026-04-27T07:14:48
17968,196,2026-04-06T04:24:57
17969,351,2026-04-06T04:05:04
17970,215,2026-04-08T23:44:55
17971,225,2026-03-12T06:48:58
17972,89,2026-04-20T18:02:58
17973,297,2026-03-22T13:38:15
17974,529,2026-04-09T06:34:20
17975,412,2026-04-20T05:58:11
17976,647,2026-03-07T04:43:39
17977,490,2026-03-19T15:54:09
17978,553,2026-04-26T05:48:18
17979,303,2026-03-22T07:36:33
17980,429,2026-04-09T19:57:26
17981,405,2026-04-03T07:36:23
17982,570,2026-04-22T17:49:15
17983,351,2026-03-31T04:26:13
17984,283,2026-03-26T08:06:35
17985,50,2026-03-01T10:39:10
17986,602,2026-03-29T10:10:17
17987,305,2026-04-05T00:30:04
17988,559,2026-04-11T05:43:17
17989,475,2026-04-16T01:52:17
17990,2,2026-04-16T11:12:25
17991,456,2026-03-28T10:53:16
17992,342,2026-03-05T15:14:01
17993,168,2026-03-16T14:47:21
17994,186,2026-03-25T13:50:53
17995,447,2026-04-28T08:39:34
17996,61,2026-04-16T06:27:13
17997,425,2026-04-23T17:35:56
17998,593,2026-04-29T03:23:37
17999,61,2026-03-08T05:06:40
18000,6,2026-03-01T14:28:04
18001,43,2026-04-04T08:01:15
18002,512,2026-03-16T07:15:22
18003,594,2026-04-21T22:59:41
18004,692,2026-03-28T06:05:02
18005,21,2026-03-01T06:03:13
18006,338,2026-03-14T04:58:59
18007,34,2026-03-21T08:43:17
18008,260,2026-03-02T03:17:52
18009,216,2026-03-19T22:06:10
18010,425,2026-04-02T09:30:51
18011,637,2026-04-23T03:56:23
18012,564,2026-04-08T05:03:12
18013,45,2026-03-06T07:59:39
18014,169,2026-03-25T06:08:34
18015,193,2026-04-16T16:58:08
18016,176,2026-03-23T13:06:52
18017,248,2026-04-03T16:15:45
18018,426,2026-04-29T05:03:22
18019,518,2026-03-09T12:26:54
18020,658,2026-03-29T10:39:02
18021,493,2026-04-06T19:08:58
18022,209,2026-04-17T08:01:25
18023,129,2026-04-20T08:07:48
18024,264,2026-03-18T15:27:53
18025,560,2026-03-29T13:30:50
18026,696,2026-04-19T17:39:06
18027,275,2026-04-20T04:56:24
18028,124,2026-04-19T03:21:05
18029,4,2026-04-10T02:35:14
18030,54,2026-03-17T14:09:35
18031,446,2026-03-23T07:20:41
18032,413,2026-04-09T06:13:13
18033,451,2026-03-16T13:11:03
18034,17,2026-04-10T11:09:23
18035,306,2026-03-31T07:02:35
18036,127,2026-03-27T11:17:23
18037,236,2026-03-22T06:03:57
18038,436,2026-04-16T17:21:41
18039,194,2026-03-28T01:03:38
18040,462,2026-03-19T17:23:01
18041,203,2026-03-24T08:48:55
18042,358,2026-03-30T09:13:39
18043,322,2026-04-06T23:04:58
18044,269,2026-04-29T07:14:29
18045,89,2026-03-21T16:25:40
18046,404,2026-03-11T17:38:30
18047,694,2026-04-28T00:37:51
18048,451,2026-03-09T11:01:42
18049,523,2026-04-24T01:55:23
18050,563,2026-03-09T18:26:38
18051,27,2026-03-22T14:18:06
18052,555,2026-04-29T00:55:40
18053,170,2026-03-10T13:11:27
18054,466,2026-03-10T12:45:17
18055,689,2026-04-06T10:59:51
18056,626,2026-03-11T23:19:51
18057,291,2026-03-02T10:25:03
18058,587,2026-04-11T01:32:36
18059,434,2026-04-27T14:49:02
18060,94,2026-04-15T05:58:27
18061,168,2026-04-27T17:33:57
18062,670,2026-04-01T06:42:30
18063,641,2026-04-06T15:51:08
18064,625,2026-04-28T06:35:14
18065,269,2026-03-31T06:47:01
18066,225,2026-03-03T08:33:47
18067,565,2026-03-14T23:32:53
18068,15,2026-04-07T12:53:16
18069,629,2026-04-21T05:22:16
18070,423,2026-04-06T03:11:34
18071,443,2026-03-25T00:43:47
18072,307,2026-03-20T03:34:56
18073,686,2026-04-10T09:33:58
18074,525,2026-04-23T13:21:33
18075,38,2026-03-17T06:42:38
18076,368,2026-04-03T01:28:02
18077,602,2026-03-26T11:39:04
18078,54,2026-03-15T15:02:58
18079,516,2026-03-25T17:55:14
18080,172,2026-03-06T13:47:33
18081,355,2026-04-01T18:29:17
18082,618,2026-03-07T08:11:10
18083,345,2026-03-29T08:59:48
18084,27,2026-04-23T12:33:29
18085,15,2026-03-09T07:27:06
18086,516,2026-03-16T18:55:22
18087,652,2026-04-13T06:54:25
18088,205,2026-04-24T14:15:25
18089,655,2026-04-27T08:40:46
18090,317,2026-03-08T12:19:29
18091,42,2026-03-15T08:02:36
18092,372,2026-04-29T15:24:49
18093,682,2026-03-31T10:14:55
18094,176,2026-04-20T14:32:14
18095,673,2026-03-01T16:26:37
18096,457,2026-03-07T08:13:39
18097,278,2026-03-13T00:27:40
18098,486,2026-03-06T02:44:43
18099,281,2026-04-23T05:37:06
18100,60,2026-04-18T05:37:58
18101,610,2026-03-24T04:07:44
18102,262,2026-03-05T16:05:18
18103,397,2026-03-07T16:38:24
18104,522,2026-03-16T06:30:12
18105,59,2026-04-13T05:37:36
18106,506,2026-04-18T07:21:56
18107,256,2026-04-02T10:06:24
18108,382,2026-04-24T03:21:57
18109,320,2026-04-25T02:38:43
18110,545,2026-04-16T06:58:46
18111,132,2026-03-04T23:34:03
18112,76,2026-04-23T12:24:23
18113,288,2026-04-24T04:21:29
18114,83,2026-04-03T13:01:58
18115,170,2026-04-05T15:11:48
18116,461,2026-04-16T10:21:35
18117,574,2026-04-05T05:36:51
18118,486,2026-03-21T05:35:13
18119,223,2026-04-11T10:19:09
18120,571,2026-04-17T05:31:49
18121,285,2026-03-09T03:13:47
18122,127,2026-04-10T09:04:28
18123,530,2026-03-11T07:17:19
18124,362,2026-04-03T22:10:03
18125,260,2026-03-07T02:32:08
18126,463,2026-04-29T11:46:46
18127,508,2026-04-10T02:10:36
18128,157,2026-03-29T10:00:48
18129,83,2026-03-31T14:03:03
18130,362,2026-04-07T06:13:51
18131,37,2026-03-08T08:09:33
18132,447,2026-03-31T09:58:09
18133,308,2026-04-12T06:14:57
18134,151,2026-03-16T11:39:20
18135,420,2026-03-29T06:41:21
18136,263,2026-03-20T13:14:47
18137,272,2026-03-10T17:08:28
18138,152,2026-04-28T02:11:45
18139,474,2026-04-05T13:52:34
18140,633,2026-03-24T04:24:53
18141,434,2026-03-21T12:00:15
18142,166,2026-04-10T03:38:32
18143,584,2026-03-07T04:25:11
18144,85,2026-04-04T02:10:18
18145,203,2026-03-14T05:09:59
18146,25,2026-04-22T22:44:24
18147,594,2026-04-17T01:18:42
18148,32,2026-04-15T14:02:17
18149,383,2026-03-08T23:45:02
18150,135,2026-03-05T14:11:38
18151,149,2026-03-28T08:59:13
18152,426,2026-03-22T05:35:29
18153,563,2026-04-13T14:32:45
18154,13,2026-04-12T07:42:34
18155,112,2026-03-23T23:13:03
18156,201,2026-03-10T09:40:40
18157,661,2026-03-20T18:10:24
18158,41,2026-03-31T09:15:14
18159,125,2026-03-16T11:34:41
18160,283,2026-03-20T06:23:53
18161,228,2026-03-15T13:54:13
18162,35,2026-03-04T06:02:02
18163,379,2026-04-06T07:05:50
18164,426,2026-04-29T04:00:14
18165,124,2026-04-27T07:54:18
18166,482,2026-04-25T02:24:07
18167,40,2026-04-09T16:52:04
18168,512,2026-04-14T05:32:24
18169,182,2026-03-04T00:51:36
18170,158,2026-03-13T04:49:56
18171,138,2026-04-12T06:05:28
18172,608,2026-04-29T15:57:49
18173,352,2026-04-24T13:30:55
18174,484,2026-04-07T08:35:29
18175,143,2026-03-07T10:14:33
18176,40,2026-04-27T13:48:24
18177,27,2026-03-20T15:04:45
18178,309,2026-03-03T02:07:02
18179,229,2026-04-16T11:13:56
18180,538,2026-03-11T09:48:29
18181,552,2026-03-19T04:48:07
18182,218,2026-04-10T04:15:15
18183,304,2026-04-27T11:32:32
18184,268,2026-04-24T11:24:00
18185,473,2026-03-10T09:32:46
18186,441,2026-03-11T09:01:50
18187,456,2026-04-18T16:26:34
18188,39,2026-03-20T15:28:43
18189,237,2026-03-05T03:00:05
18190,677,2026-04-05T03:39:56
18191,240,2026-04-09T07:23:24
18192,123,2026-04-29T01:15:28
18193,140,2026-03-29T23:47:16
18194,19,2026-04-17T13:48:29
18195,547,2026-04-02T06:15:01
18196,4,2026-04-24T22:55:33
18197,418,2026-03-30T06:00:16
18198,280,2026-04-10T09:34:52
18199,67,2026-04-27T08:42:11
18200,619,2026-04-22T03:14:12
18201,520,2026-03-25T02:21:38
18202,574,2026-03-31T07:42:04
18203,656,2026-04-05T13:21:39
18204,639,2026-03-08T06:17:39
18205,491,2026-03-15T14:38:31
18206,374,2026-04-12T08:09:30
18207,488,2026-03-05T00:33:46
18208,315,2026-04-06T14:17:35
18209,127,2026-03-30T10:19:48
18210,271,2026-03-30T05:26:53
18211,327,2026-04-19T22:43:16
18212,33,2026-03-17T01:13:54
18213,594,2026-04-17T02:40:34
18214,637,2026-04-17T04:20:22
18215,294,2026-04-29T10:53:49
18216,348,2026-04-19T05:23:41
18217,589,2026-03-31T04:25:42
18218,319,2026-03-22T12:45:29
18219,482,2026-04-16T02:02:03
18220,361,2026-04-25T10:51:33
18221,190,2026-03-17T05:19:46
18222,556,2026-03-23T06:49:48
18223,135,2026-03-30T14:22:04
18224,158,2026-03-07T00:11:16
18225,484,2026-03-19T12:06:43
18226,497,2026-03-10T11:48:05
18227,669,2026-04-16T02:01:52
18228,498,2026-03-30T06:38:40
18229,18,2026-04-06T07:36:47
18230,595,2026-03-05T15:14:18
18231,290,2026-04-04T15:45:36
18232,7,2026-04-13T09:22:17
18233,406,2026-04-11T00:47:07
18234,120,2026-04-17T16:20:07
18235,292,2026-03-07T10:46:10
18236,330,2026-04-02T14:26:57
18237,52,2026-03-29T07:27:05
18238,596,2026-04-23T04:50:50
18239,358,2026-04-11T11:05:31
18240,676,2026-04-27T06:24:43
18241,326,2026-03-02T02:02:39
18242,417,2026-03-27T17:03:32
18243,569,2026-04-12T18:08:55
18244,149,2026-03-06T12:44:01
18245,637,2026-04-09T03:47:30
18246,130,2026-03-14T15:47:58
18247,698,2026-03-05T15:59:36
18248,448,2026-04-08T22:34:11
18249,364,2026-03-26T08:11:14
18250,148,2026-03-25T05:28:42
18251,399,2026-03-20T14:33:37
18252,388,2026-04-11T01:46:32
18253,689,2026-04-07T07:28:02
18254,585,2026-04-10T01:01:16
18255,339,2026-04-17T05:50:26
18256,273,2026-04-05T23:35:27
18257,271,2026-03-05T05:06:35
18258,265,2026-03-10T05:57:34
18259,10,2026-04-29T03:27:27
18260,26,2026-03-18T04:47:42
18261,526,2026-03-26T08:43:39
18262,178,2026-03-23T02:16:44
18263,288,2026-04-29T08:53:18
18264,489,2026-04-19T05:55:02
18265,426,2026-03-30T07:56:59
18266,253,2026-04-10T15:12:52
18267,527,2026-04-03T09:08:15
18268,111,2026-04-08T18:32:43
18269,331,2026-04-27T03:14:19
18270,75,2026-04-10T14:37:46
18271,373,2026-03-07T09:40:09
18272,67,2026-03-31T03:02:20
18273,660,2026-04-19T09:45:32
18274,462,2026-03-03T13:07:41
18275,172,2026-03-22T11:34:17
18276,429,2026-03-13T16:32:36
18277,245,2026-04-13T03:01:24
18278,363,2026-03-09T02:10:20
18279,118,2026-04-07T10:32:49
18280,351,2026-03-04T07:25:10
18281,75,2026-04-25T14:28:43
18282,108,2026-03-20T16:42:34
18283,409,2026-03-25T15:41:40
18284,351,2026-04-16T22:37:46
18285,206,2026-03-23T02:44:48
18286,42,2026-03-07T10:52:20
18287,297,2026-04-24T11:12:24
18288,649,2026-03-07T15:55:52
18289,496,2026-03-30T13:28:31
18290,41,2026-03-08T07:55:52
18291,657,2026-04-11T04:38:59
18292,297,2026-03-17T11:23:45
18293,404,2026-04-25T19:02:49
18294,1,2026-03-13T07:07:07
18295,218,2026-04-10T00:37:44
18296,551,2026-03-01T12:40:30
18297,232,2026-03-07T01:08:31
18298,117,2026-03-16T23:55:58
18299,64,2026-04-23T13:19:15
18300,648,2026-04-29T05:46:15
18301,570,2026-04-06T15:46:11
18302,31,2026-03-21T10:41:02
18303,648,2026-03-18T22:54:10
18304,575,2026-03-13T17:48:31
18305,252,2026-03-21T12:09:21
18306,460,2026-03-30T06:24:15
18307,181,2026-04-11T00:34:59
18308,175,2026-03-14T15:30:44
18309,501,2026-03-03T04:31:11
18310,142,2026-04-03T00:11:56
18311,249,2026-03-15T16:58:38
18312,251,2026-03-25T18:40:25
18313,106,2026-04-12T06:48:21
18314,580,2026-04-23T06:20:47
18315,472,2026-04-02T05:39:25
18316,604,2026-04-25T09:16:42
18317,367,2026-03-17T04:35:28
18318,123,2026-04-11T22:15:40
18319,196,2026-04-28T04:55:45
18320,248,2026-03-13T17:30:01
18321,660,2026-04-14T11:29:07
18322,167,2026-03-29T12:32:43
18323,486,2026-04-22T05:13:17
18324,86,2026-03-19T05:49:46
18325,670,2026-04-27T06:17:22
18326,453,2026-04-17T13:54:04
18327,302,2026-04-12T05:50:26
18328,243,2026-03-02T16:18:54
18329,249,2026-03-05T14:33:59
18330,158,2026-04-08T21:19:27
18331,420,2026-03-29T09:08:39
18332,607,2026-03-20T03:16:46
18333,169,2026-04-20T06:52:24
18334,524,2026-03-29T00:18:41
18335,397,2026-03-28T13:55:52
18336,542,2026-03-20T14:43:47
18337,539,2026-04-28T08:26:33
18338,28,2026-03-22T12:37:01
18339,15,2026-03-16T11:52:42
18340,641,2026-04-10T15:04:38
18341,109,2026-03-03T16:48:28
18342,403,2026-04-05T14:34:19
18343,528,2026-04-03T12:58:27
18344,353,2026-03-15T13:50:22
18345,5,2026-04-15T22:53:08
18346,8,2026-03-03T16:03:08
18347,469,2026-04-28T07:27:19
18348,629,2026-04-21T04:54:34
18349,241,2026-03-11T15:16:01
18350,381,2026-03-30T14:15:43
18351,654,2026-03-12T04:40:01
18352,578,2026-04-07T08:19:14
18353,379,2026-03-22T10:35:54
18354,459,2026-03-30T06:23:09
18355,673,2026-04-27T11:27:14
18356,558,2026-04-07T07:08:57
18357,292,2026-04-22T15:50:04
18358,486,2026-04-07T01:05:14
18359,231,2026-03-29T09:10:33
18360,645,2026-03-01T06:14:19
18361,66,2026-03-06T13:16:35
18362,158,2026-04-01T00:00:52
18363,243,2026-03-31T15:57:27
18364,142,2026-03-31T01:34:25
18365,417,2026-04-20T18:29:18
18366,499,2026-03-06T15:08:19
18367,624,2026-04-09T13:38:34
18368,351,2026-04-14T03:05:04
18369,435,2026-04-08T19:16:08
18370,420,2026-03-15T04:33:47
18371,3,2026-03-25T00:58:26
18372,496,2026-03-04T12:35:44
18373,17,2026-03-11T16:28:51
18374,384,2026-04-18T12:39:16
18375,700,2026-04-07T05:43:22
18376,552,2026-04-21T02:30:36
18377,355,2026-04-11T16:20:41
18378,224,2026-03-15T08:53:03
18379,587,2026-04-18T02:18:33
18380,602,2026-04-11T08:07:13
18381,258,2026-03-12T08:17:27
18382,76,2026-03-01T07:47:48
18383,408,2026-04-15T00:04:09
18384,444,2026-04-13T11:24:56
18385,654,2026-03-06T07:02:20
18386,624,2026-03-28T13:54:46
18387,161,2026-04-23T21:19:10
18388,177,2026-04-17T06:14:43
18389,698,2026-04-19T18:41:50
18390,229,2026-03-24T10:56:40
18391,321,2026-03-08T14:03:55
18392,214,2026-03-22T04:52:04
18393,276,2026-04-11T00:23:54
18394,395,2026-04-20T13:10:33
18395,205,2026-04-08T14:04:14
18396,290,2026-03-03T15:26:40
18397,247,2026-04-05T12:14:29
18398,76,2026-03-12T04:14:45
18399,551,2026-04-06T13:11:43
18400,624,2026-03-25T11:08:42
18401,345,2026-04-01T04:47:50
18402,144,2026-04-05T15:23:19
18403,451,2026-04-08T10:48:13
18404,374,2026-03-01T06:32:34
18405,386,2026-04-27T04:04:13
18406,417,2026-04-04T17:24:48
18407,503,2026-03-31T20:05:54
18408,29,2026-03-23T01:19:29
18409,70,2026-03-07T09:49:47
18410,67,2026-04-07T04:19:24
18411,109,2026-03-22T19:14:52
18412,681,2026-04-24T13:09:05
18413,512,2026-04-09T01:07:59
18414,466,2026-03-27T11:13:32
18415,490,2026-03-02T16:54:57
18416,24,2026-04-03T15:31:42
18417,150,2026-04-19T23:46:43
18418,556,2026-03-28T09:09:21
18419,324,2026-04-09T06:36:39
18420,356,2026-03-08T14:49:45
18421,526,2026-03-25T10:46:44
18422,53,2026-04-17T02:44:59
18423,560,2026-03-26T12:45:03
18424,477,2026-04-23T10:59:12
18425,283,2026-03-25T08:23:25
18426,350,2026-04-17T22:19:37
18427,52,2026-04-08T13:05:35
18428,144,2026-04-26T14:10:20
18429,173,2026-04-01T17:24:08
18430,615,2026-03-29T17:04:14
18431,79,2026-03-22T15:45:46
18432,204,2026-04-09T03:20:33
18433,93,2026-04-28T08:19:00
18434,200,2026-03-11T09:55:23
18435,8,2026-04-26T18:03:23
18436,191,2026-04-28T09:35:37
18437,507,2026-04-16T01:35:48
18438,538,2026-04-04T03:57:39
18439,266,2026-04-21T09:24:59
18440,495,2026-03-16T10:54:24
18441,434,2026-04-08T16:40:49
18442,633,2026-04-18T05:22:00
18443,564,2026-04-18T07:31:18
18444,161,2026-04-05T03:26:54
18445,413,2026-03-24T06:36:03
18446,551,2026-04-26T08:17:57
18447,214,2026-04-10T09:19:30
18448,402,2026-04-16T15:44:16
18449,281,2026-04-07T02:58:01
18450,217,2026-04-22T07:34:51
18451,140,2026-03-29T03:19:10
18452,25,2026-04-02T04:03:54
18453,525,2026-04-18T11:56:59
18454,574,2026-04-01T09:55:13
18455,457,2026-03-15T10:12:41
18456,169,2026-04-15T03:47:29
18457,14,2026-03-23T10:40:34
18458,443,2026-03-06T23:55:04
18459,140,2026-03-23T00:30:26
18460,385,2026-03-03T23:14:26
18461,680,2026-04-22T09:20:33
18462,4,2026-04-28T22:45:18
18463,405,2026-03-16T03:12:26
18464,697,2026-04-24T10:38:09
18465,235,2026-04-12T10:49:19
18466,571,2026-04-27T01:07:33
18467,580,2026-03-10T08:31:37
18468,341,2026-03-04T03:15:07
18469,215,2026-04-25T00:29:36
18470,477,2026-03-17T09:11:21
18471,434,2026-04-05T14:19:14
18472,334,2026-04-24T12:09:51
18473,135,2026-03-21T16:23:46
18474,522,2026-03-06T08:38:40
18475,148,2026-04-17T08:18:25
18476,95,2026-03-28T15:51:48
18477,48,2026-03-02T16:36:24
18478,313,2026-03-21T06:59:13
18479,85,2026-04-01T04:40:28
18480,235,2026-04-22T11:12:33
18481,170,2026-03-14T11:34:37
18482,322,2026-04-01T00:40:17
18483,545,2026-03-11T08:28:32
18484,316,2026-03-18T09:04:27
18485,390,2026-03-16T04:10:14
18486,101,2026-04-01T07:14:36
18487,80,2026-04-09T02:24:18
18488,684,2026-03-07T03:50:22
18489,434,2026-03-05T14:01:57
18490,11,2026-04-13T03:56:31
18491,396,2026-03-18T10:31:32
18492,8,2026-04-07T16:58:35
18493,55,2026-03-05T16:40:08
18494,262,2026-04-06T16:27:07
18495,460,2026-04-24T13:06:25
18496,435,2026-03-27T15:44:01
18497,554,2026-04-04T09:36:17
18498,126,2026-03-18T13:22:05
18499,135,2026-03-18T17:48:37
18500,374,2026-03-04T05:42:52
18501,609,2026-03-29T04:17:01
18502,506,2026-04-26T09:09:59
18503,469,2026-03-07T10:39:28
18504,66,2026-03-25T14:07:08
18505,615,2026-04-20T15:31:18
18506,690,2026-03-30T08:59:21
18507,408,2026-04-15T01:44:20
18508,236,2026-03-23T07:18:19
18509,464,2026-04-06T14:57:57
18510,450,2026-04-29T08:53:35
18511,651,2026-04-05T16:29:10
18512,78,2026-04-17T17:01:18
18513,361,2026-04-11T07:53:20
18514,497,2026-03-06T11:49:57
18515,245,2026-03-10T00:58:52
18516,589,2026-04-06T05:56:10
18517,46,2026-03-21T08:29:42
18518,74,2026-03-30T06:00:28
18519,554,2026-03-30T03:23:13
18520,89,2026-04-17T13:23:13
18521,293,2026-04-29T15:18:39
18522,197,2026-04-29T13:48:24
18523,482,2026-03-05T01:48:00
18524,9,2026-04-14T14:00:12
18525,250,2026-04-13T18:54:00
18526,691,2026-04-21T03:18:05
18527,259,2026-03-26T03:10:10
18528,419,2026-03-31T06:15:54
18529,692,2026-03-28T08:03:20
18530,426,2026-03-23T01:08:34
18531,529,2026-03-15T05:17:54
18532,672,2026-04-08T00:05:40
18533,433,2026-03-02T02:10:57
18534,583,2026-04-14T00:14:24
18535,356,2026-04-20T17:46:01
18536,570,2026-03-14T19:11:09
18537,450,2026-03-13T05:55:56
18538,238,2026-03-31T16:58:58
18539,391,2026-04-20T10:20:36
18540,235,2026-03-07T17:01:20
18541,278,2026-03-25T19:17:09
18542,205,2026-03-13T18:07:44
18543,344,2026-04-21T17:01:22
18544,243,2026-04-22T08:48:54
18545,439,2026-03-06T01:06:41
18546,259,2026-03-09T05:45:33
18547,344,2026-03-10T16:40:50
18548,99,2026-04-18T09:28:24
18549,271,2026-04-24T02:19:38
18550,250,2026-03-23T17:23:15
18551,673,2026-03-10T12:18:59
18552,313,2026-04-09T05:20:03
18553,16,2026-04-23T16:16:14
18554,217,2026-04-24T06:58:04
18555,511,2026-03-27T02:55:56
18556,116,2026-04-16T15:52:40
18557,115,2026-04-27T05:50:15
18558,262,2026-04-19T13:15:55
18559,250,2026-03-29T12:52:43
18560,337,2026-03-16T05:27:45
18561,24,2026-03-23T15:09:31
18562,505,2026-03-22T13:44:18
18563,150,2026-04-29T00:57:55
18564,498,2026-04-13T04:49:06
18565,396,2026-04-21T11:01:14
18566,142,2026-04-16T03:07:12
18567,329,2026-03-29T05:07:45
18568,26,2026-04-17T02:57:51
18569,492,2026-04-08T00:31:50
18570,213,2026-04-14T03:49:15
18571,269,2026-03-19T06:08:32
18572,110,2026-03-14T11:30:32
18573,256,2026-03-11T11:22:57
18574,278,2026-03-18T06:30:59
18575,158,2026-04-28T00:40:19
18576,686,2026-04-26T05:30:59
18577,196,2026-03-09T04:04:53
18578,127,2026-04-03T09:48:12
18579,384,2026-04-26T11:54:44
18580,224,2026-04-15T09:32:57
18581,318,2026-04-06T05:10:15
18582,508,2026-04-04T23:48:18
18583,55,2026-03-20T17:35:52
18584,357,2026-04-25T01:51:49
18585,16,2026-03-05T17:36:48
18586,31,2026-04-22T15:42:14
18587,65,2026-04-22T16:47:15
18588,114,2026-03-16T12:02:02
18589,245,2026-03-31T01:14:43
18590,655,2026-04-23T07:26:48
18591,635,2026-03-29T05:42:48
18592,73,2026-03-19T06:15:27
18593,694,2026-03-04T23:26:05
18594,445,2026-03-27T06:02:59
18595,388,2026-03-17T01:37:51
18596,555,2026-04-21T05:38:21
18597,340,2026-04-21T04:32:43
18598,186,2026-03-20T13:30:21
18599,371,2026-03-13T05:59:51
18600,508,2026-03-18T05:03:33
18601,478,2026-03-25T08:42:59
18602,119,2026-04-10T04:37:47
18603,657,2026-03-10T03:27:38
18604,200,2026-04-29T07:11:01
18605,574,2026-04-12T11:56:26
18606,219,2026-03-08T14:56:38
18607,45,2026-03-19T09:20:30
18608,698,2026-04-12T16:41:14
18609,413,2026-03-31T06:06:35
18610,151,2026-04-01T16:00:13
18611,1,2026-03-03T06:57:57
18612,91,2026-03-25T09:52:05
18613,119,2026-04-06T02:00:16
18614,648,2026-04-14T01:03:00
18615,124,2026-03-27T07:09:12
18616,114,2026-04-03T11:00:18
18617,587,2026-03-14T04:22:56
18618,616,2026-04-17T16:23:38
18619,147,2026-04-11T02:39:08
18620,456,2026-04-14T12:09:25
18621,375,2026-04-10T17:52:09
18622,404,2026-04-29T12:49:06
18623,218,2026-04-22T01:42:35
18624,526,2026-04-18T10:56:29
18625,617,2026-03-21T07:11:10
18626,509,2026-03-05T04:47:49
18627,633,2026-03-01T05:26:58
18628,78,2026-04-16T16:22:50
18629,460,2026-04-23T11:40:52
18630,700,2026-04-08T01:17:34
18631,375,2026-04-13T14:01:13
18632,660,2026-03-06T11:20:33
18633,244,2026-04-03T19:46:11
18634,628,2026-04-06T05:05:21
18635,658,2026-03-10T08:51:23
18636,436,2026-04-15T13:54:29
18637,494,2026-03-21T18:28:48
18638,366,2026-03-11T23:14:46
18639,222,2026-04-11T03:48:40
18640,376,2026-03-27T08:15:25
18641,674,2026-04-02T07:12:02
18642,11,2026-04-02T01:42:50
18643,144,2026-04-07T17:19:11
18644,350,2026-03-25T03:37:36
18645,238,2026-04-18T14:13:08
18646,437,2026-04-22T04:57:24
18647,253,2026-03-30T11:13:09
18648,462,2026-03-11T11:58:55
18649,75,2026-03-17T11:45:24
18650,233,2026-04-16T09:25:53
18651,485,2026-03-16T06:41:26
18652,330,2026-04-16T15:55:23
18653,500,2026-04-09T03:37:22
18654,446,2026-03-27T08:57:44
18655,230,2026-03-08T12:55:46
18656,300,2026-04-02T01:51:55
18657,676,2026-04-11T07:55:03
18658,674,2026-03-10T12:55:35
18659,25,2026-04-19T06:01:14
18660,494,2026-03-12T14:35:56
18661,344,2026-03-25T14:40:15
18662,1,2026-04-01T05:06:04
18663,444,2026-04-14T14:39:21
18664,17,2026-03-14T14:51:56
18665,224,2026-03-21T09:44:35
18666,484,2026-04-18T09:18:40
18667,569,2026-03-20T17:29:35
18668,289,2026-04-06T11:55:09
18669,567,2026-03-24T10:16:54
18670,588,2026-03-04T14:31:07
18671,314,2026-03-31T02:50:18
18672,122,2026-03-22T04:29:43
18673,462,2026-03-16T13:06:55
18674,10,2026-04-21T08:49:14
18675,626,2026-04-16T03:20:57
18676,272,2026-03-17T16:23:02
18677,533,2026-04-01T12:50:30
18678,516,2026-04-13T17:06:12
18679,332,2026-03-04T13:44:52
18680,681,2026-03-06T13:47:06
18681,558,2026-04-02T08:53:34
18682,619,2026-04-25T04:17:10
18683,66,2026-04-25T18:01:06
18684,339,2026-03-27T09:50:31
18685,667,2026-04-12T11:09:16
18686,569,2026-03-30T14:54:31
18687,318,2026-04-24T06:42:17
18688,50,2026-04-04T09:23:26
18689,198,2026-04-23T15:22:12
18690,401,2026-03-22T05:40:44
18691,450,2026-04-25T07:51:54
18692,648,2026-04-12T23:01:00
18693,66,2026-04-16T14:01:25
18694,278,2026-03-01T02:47:53
18695,191,2026-04-18T09:24:56
18696,673,2026-03-10T15:27:59
18697,117,2026-04-26T01:00:04
18698,155,2026-03-12T14:15:56
18699,209,2026-04-19T07:36:04
18700,74,2026-04-08T14:52:15
18701,451,2026-03-24T12:07:28
18702,368,2026-04-22T21:24:52
18703,391,2026-03-24T08:44:26
18704,636,2026-03-04T12:49:44
18705,304,2026-03-05T12:29:34
18706,218,2026-04-21T02:25:29
18707,263,2026-03-24T13:50:06
18708,561,2026-04-19T09:56:59
18709,370,2026-03-02T00:46:05
18710,119,2026-03-05T01:40:13
18711,483,2026-04-29T02:41:51
18712,522,2026-03-09T04:40:35
18713,175,2026-04-11T12:31:19
18714,390,2026-03-22T03:07:12
18715,395,2026-03-31T17:53:08
18716,123,2026-03-07T04:44:15
18717,7,2026-03-17T09:20:48
18718,503,2026-04-15T15:31:49
18719,431,2026-04-02T19:04:40
18720,500,2026-03-31T01:43:38
18721,265,2026-04-26T06:24:17
18722,361,2026-03-25T07:52:42
18723,688,2026-04-18T04:13:56
18724,158,2026-04-13T01:42:21
18725,457,2026-03-28T07:20:33
18726,93,2026-03-18T12:29:55
18727,46,2026-03-22T07:19:08
18728,671,2026-04-22T13:51:27
18729,91,2026-03-19T08:12:42
18730,460,2026-04-09T11:44:19
18731,360,2026-03-08T00:01:05
18732,567,2026-03-21T15:45:11
18733,383,2026-04-26T07:28:52
18734,488,2026-04-02T01:54:15
18735,626,2026-04-19T02:24:52
18736,581,2026-03-16T07:08:47
18737,506,2026-04-15T09:40:37
18738,114,2026-04-29T08:29:19
18739,119,2026-04-25T07:02:25
18740,348,2026-03-27T06:07:19
18741,462,2026-04-10T13:29:22
18742,467,2026-04-23T06:44:23
18743,551,2026-04-18T10:59:23
18744,73,2026-04-28T04:25:19
18745,122,2026-03-02T10:57:23
18746,105,2026-04-02T15:43:31
18747,379,2026-04-17T10:32:31
18748,444,2026-04-13T14:07:58
18749,81,2026-03-10T03:50:10
18750,609,2026-04-04T08:37:56
18751,213,2026-03-10T03:47:50
18752,463,2026-03-06T09:06:56
18753,527,2026-03-07T09:56:48
18754,26,2026-04-27T08:21:36
18755,606,2026-03-17T11:24:25
18756,680,2026-03-28T13:32:59
18757,672,2026-03-15T23:01:49
18758,98,2026-04-23T05:41:21
18759,275,2026-04-23T03:15:17
18760,163,2026-04-09T07:30:11
18761,316,2026-04-19T11:31:41
18762,683,2026-03-07T14:43:54
18763,535,2026-04-29T17:48:52
18764,540,2026-03-26T06:10:49
18765,296,2026-03-25T15:48:50
18766,656,2026-03-12T07:38:23
18767,645,2026-04-22T15:54:48
18768,565,2026-03-11T01:23:14
18769,571,2026-04-20T20:33:33
18770,457,2026-04-12T13:09:22
18771,67,2026-04-16T05:21:15
18772,200,2026-03-02T09:51:25
18773,539,2026-04-14T08:46:45
18774,229,2026-04-27T11:58:50
18775,121,2026-03-24T09:51:35
18776,664,2026-03-27T11:14:23
18777,342,2026-03-07T16:19:38
18778,603,2026-03-30T02:09:28
18779,199,2026-04-10T00:30:20
18780,252,2026-03-18T16:45:11
18781,241,2026-04-14T14:49:27
18782,262,2026-03-06T12:59:43
18783,307,2026-04-10T03:20:34
18784,209,2026-04-05T05:25:37
18785,570,2026-03-14T18:34:45
18786,229,2026-03-21T07:47:08
18787,310,2026-03-15T15:57:49
18788,603,2026-04-07T00:08:16
18789,307,2026-04-07T22:20:16
18790,8,2026-04-03T13:13:18
18791,1,2026-03-12T03:14:46
18792,306,2026-03-14T07:08:36
18793,454,2026-04-18T15:35:03
18794,660,2026-03-28T07:39:01
18795,92,2026-03-27T12:26:40
18796,380,2026-03-19T06:35:35
18797,203,2026-04-25T07:41:20
18798,316,2026-03-15T07:39:15
18799,310,2026-04-16T14:56:44
18800,219,2026-04-16T12:10:54
18801,13,2026-03-15T09:57:52
18802,52,2026-03-01T14:04:49
18803,366,2026-03-15T02:01:01
18804,158,2026-03-17T00:32:33
18805,229,2026-04-14T08:28:16
18806,64,2026-04-01T16:31:17
18807,35,2026-03-26T08:59:52
18808,89,2026-03-29T12:25:15
18809,265,2026-04-27T05:50:40
18810,115,2026-04-26T08:40:03
18811,163,2026-03-02T08:03:43
18812,212,2026-04-20T11:25:22
18813,204,2026-03-22T05:07:06
18814,8,2026-04-15T14:51:08
18815,83,2026-04-29T13:21:21
18816,666,2026-03-31T12:46:37
18817,468,2026-04-07T15:04:49
18818,87,2026-03-26T08:20:51
18819,199,2026-03-05T00:48:49
18820,269,2026-03-03T06:53:04
18821,634,2026-03-22T17:01:47
18822,616,2026-04-19T13:29:53
18823,540,2026-03-21T07:52:36
18824,75,2026-03-26T15:27:24
18825,344,2026-04-01T13:17:50
18826,339,2026-03-20T09:43:01
18827,447,2026-03-30T02:47:00
18828,592,2026-04-06T06:57:05
18829,225,2026-04-21T07:54:42
18830,390,2026-04-15T01:01:00
18831,185,2026-04-19T14:48:05
18832,148,2026-04-01T04:10:35
18833,220,2026-04-11T15:50:35
18834,515,2026-03-09T19:48:16
18835,307,2026-03-09T04:13:50
18836,477,2026-04-25T07:26:28
18837,484,2026-04-06T06:46:37
18838,254,2026-03-07T06:51:43
18839,669,2026-03-25T04:52:41
18840,33,2026-04-28T03:21:25
18841,628,2026-03-02T07:04:33
18842,6,2026-03-27T20:58:11
18843,268,2026-04-20T09:51:39
18844,578,2026-04-26T09:12:50
18845,479,2026-03-23T10:34:40
18846,226,2026-04-23T21:56:12
18847,620,2026-04-12T02:19:58
18848,97,2026-03-25T06:47:43
18849,470,2026-04-16T08:29:56
18850,363,2026-04-18T04:58:41
18851,146,2026-03-17T10:24:39
18852,645,2026-03-06T09:09:48
18853,536,2026-04-16T15:57:51
18854,6,2026-03-05T13:21:26
18855,61,2026-04-16T05:16:38
18856,40,2026-03-22T16:11:55
18857,291,2026-04-12T07:24:46
18858,292,2026-04-06T13:49:07
18859,507,2026-03-03T02:20:54
18860,474,2026-03-01T11:16:32
18861,11,2026-04-07T01:26:10
18862,334,2026-03-31T06:31:42
18863,550,2026-03-03T12:49:58
18864,629,2026-04-28T04:11:51
18865,205,2026-03-15T15:19:09
18866,31,2026-04-21T11:42:38
18867,108,2026-03-08T13:25:09
18868,239,2026-03-14T15:44:39
18869,311,2026-04-01T08:26:28
18870,246,2026-04-01T11:06:57
18871,64,2026-04-06T13:51:01
18872,239,2026-03-11T17:41:24
18873,203,2026-03-16T10:08:46
18874,342,2026-03-16T16:09:32
18875,56,2026-03-27T14:20:29
18876,554,2026-04-25T02:57:40
18877,292,2026-03-28T07:17:17
18878,223,2026-04-29T10:52:16
18879,635,2026-03-16T00:29:21
18880,522,2026-03-15T07:12:23
18881,96,2026-03-06T23:06:14
18882,103,2026-03-13T16:20:41
18883,2,2026-03-19T09:13:21
18884,393,2026-03-24T14:35:23
18885,249,2026-04-12T17:58:10
18886,263,2026-03-27T11:48:54
18887,357,2026-04-11T04:18:08
18888,378,2026-03-06T15:56:34
18889,1,2026-04-26T02:58:56
18890,76,2026-03-09T09:25:41
18891,553,2026-03-03T06:29:58
18892,668,2026-03-26T04:29:09
18893,587,2026-04-09T03:24:29
18894,635,2026-03-14T23:09:58
18895,325,2026-03-10T00:53:04
18896,579,2026-04-20T00:20:59
18897,618,2026-04-19T07:05:06
18898,625,2026-04-15T06:59:40
18899,105,2026-03-14T16:07:48
18900,103,2026-04-02T15:56:12
18901,282,2026-04-11T11:08:50
18902,353,2026-03-26T12:24:32
18903,671,2026-03-11T16:31:37
18904,223,2026-04-19T15:13:05
18905,583,2026-04-26T00:34:03
18906,622,2026-03-10T01:34:03
18907,676,2026-04-12T05:51:20
18908,133,2026-04-23T13:25:18
18909,170,2026-04-02T18:52:37
18910,154,2026-03-03T01:45:13
18911,515,2026-04-11T18:48:26
18912,481,2026-04-25T06:37:57
18913,285,2026-03-16T02:10:58
18914,63,2026-03-09T00:39:44
18915,365,2026-03-16T11:42:34
18916,513,2026-04-18T08:22:42
18917,333,2026-04-03T08:38:43
18918,188,2026-03-02T03:37:45
18919,415,2026-04-05T15:38:22
18920,463,2026-04-18T06:41:21
18921,414,2026-03-12T05:40:34
18922,612,2026-04-04T21:38:59
18923,220,2026-03-14T20:19:41
18924,427,2026-03-01T23:41:34
18925,599,2026-03-25T15:08:58
18926,149,2026-04-16T11:53:12
18927,198,2026-04-10T16:47:46
18928,35,2026-03-07T07:16:40
18929,263,2026-03-12T14:04:15
18930,32,2026-04-02T20:09:33
18931,523,2026-03-20T04:41:31
18932,63,2026-03-20T02:02:36
18933,485,2026-03-27T06:05:56
18934,406,2026-04-15T02:42:16
18935,692,2026-04-04T08:29:24
18936,244,2026-04-21T19:20:35
18937,242,2026-03-07T04:16:05
18938,171,2026-03-27T18:30:04
18939,377,2026-04-02T21:17:24
18940,154,2026-04-15T01:04:48
18941,80,2026-03-31T01:27:21
18942,665,2026-04-24T06:55:36
18943,476,2026-04-20T10:30:45
18944,84,2026-04-11T04:35:39
18945,433,2026-03-24T05:19:35
18946,214,2026-03-20T04:07:34
18947,127,2026-04-02T07:44:31
18948,331,2026-03-28T06:24:59
18949,552,2026-03-02T03:04:23
18950,1,2026-03-14T01:18:04
18951,249,2026-04-20T16:02:52
18952,645,2026-03-28T06:52:28
18953,277,2026-04-25T19:59:58
18954,70,2026-03-15T06:52:40
18955,301,2026-04-28T04:48:34
18956,478,2026-04-18T09:47:36
18957,698,2026-03-22T11:28:21
18958,441,2026-04-06T04:23:43
18959,36,2026-04-29T05:04:18
18960,567,2026-04-07T13:56:58
18961,547,2026-04-25T07:00:35
18962,456,2026-03-07T15:16:29
18963,628,2026-03-10T09:25:15
18964,539,2026-03-01T05:39:47
18965,163,2026-03-20T08:59:27
18966,295,2026-04-17T14:31:29
18967,356,2026-04-27T15:48:09
18968,343,2026-04-02T15:26:44
18969,448,2026-03-26T00:59:04
18970,492,2026-04-24T22:11:29
18971,73,2026-04-05T07:24:46
18972,398,2026-04-02T01:14:27
18973,28,2026-03-06T09:16:09
18974,359,2026-03-13T07:49:57
18975,296,2026-04-11T05:42:02
18976,144,2026-04-11T14:40:41
18977,694,2026-03-30T02:05:00
18978,181,2026-04-12T02:55:40
18979,40,2026-04-11T14:56:58
18980,251,2026-03-04T18:40:31
18981,531,2026-04-20T12:24:00
18982,7,2026-04-11T13:03:04
18983,346,2026-03-14T10:26:13
18984,293,2026-03-13T12:06:21
18985,607,2026-04-27T02:39:53
18986,2,2026-03-16T11:43:02
18987,13,2026-03-02T10:04:30
18988,396,2026-03-02T13:15:44
18989,126,2026-03-14T13:38:39
18990,493,2026-04-07T14:14:47
18991,195,2026-03-28T00:51:41
18992,394,2026-04-13T00:24:01
18993,27,2026-03-14T13:40:53
18994,486,2026-03-14T06:44:29
18995,363,2026-03-25T05:36:29
18996,1,2026-04-17T03:38:54
18997,187,2026-03-31T13:34:46
18998,42,2026-04-15T12:11:06
18999,32,2026-03-06T14:17:18
19000,489,2026-03-25T08:53:21
19001,300,2026-03-27T05:21:57
19002,563,2026-03-05T15:58:07
19003,181,2026-03-19T02:34:28
19004,503,2026-03-17T18:47:29
19005,431,2026-03-28T16:13:10
19006,465,2026-03-10T16:11:31
19007,580,2026-03-17T09:22:13
19008,496,2026-04-27T08:47:23
19009,522,2026-03-09T08:41:47
19010,518,2026-04-19T13:31:50
19011,313,2026-04-02T05:10:02
19012,508,2026-03-05T01:01:24
19013,590,2026-03-25T08:07:01
19014,517,2026-03-31T08:40:06
19015,426,2026-03-17T06:57:01
19016,52,2026-03-17T10:58:47
19017,306,2026-04-12T06:45:31
19018,45,2026-03-02T06:25:12
19019,73,2026-04-25T09:43:28
19020,253,2026-03-20T16:03:43
19021,325,2026-03-23T01:21:16
19022,370,2026-03-08T05:13:26
19023,631,2026-04-22T10:58:08
19024,534,2026-03-14T00:33:13
19025,297,2026-04-18T11:56:13
19026,235,2026-03-20T13:47:05
19027,499,2026-03-02T19:43:48
19028,193,2026-03-25T16:11:49
19029,619,2026-04-01T04:04:31
19030,548,2026-03-29T18:13:13
19031,478,2026-04-29T07:49:02
19032,175,2026-04-01T12:55:59
19033,436,2026-04-16T16:41:26
19034,575,2026-03-23T12:52:31
19035,51,2026-03-09T06:04:30
19036,124,2026-03-30T09:54:43
19037,361,2026-04-03T08:06:26
19038,252,2026-03-26T15:10:33
19039,497,2026-04-15T16:49:45
19040,281,2026-04-27T03:55:59
19041,698,2026-03-05T14:09:42
19042,210,2026-03-05T17:20:14
19043,253,2026-03-17T14:49:11
19044,3,2026-04-05T00:31:23
19045,174,2026-03-03T03:24:49
19046,165,2026-03-12T05:27:52
19047,534,2026-03-25T00:17:27
19048,237,2026-03-23T01:58:11
19049,143,2026-04-20T11:31:39
19050,220,2026-04-02T13:15:37
19051,394,2026-04-22T05:53:08
19052,550,2026-04-15T06:57:53
19053,686,2026-03-25T07:03:56
19054,34,2026-04-28T03:57:59
19055,589,2026-04-20T10:58:31
19056,273,2026-03-29T23:55:48
19057,566,2026-04-21T03:08:01
19058,27,2026-03-16T10:21:04
19059,439,2026-03-13T01:52:00
19060,652,2026-04-17T08:22:34
19061,28,2026-04-17T10:26:26
19062,554,2026-03-14T07:12:41
19063,81,2026-04-15T03:25:13
19064,688,2026-03-31T03:28:18
19065,522,2026-04-03T03:24:20
19066,638,2026-04-20T11:14:40
19067,629,2026-03-10T05:05:19
19068,222,2026-03-25T00:37:54
19069,292,2026-03-18T08:03:14
19070,485,2026-04-03T09:52:38
19071,123,2026-03-10T01:04:14
19072,215,2026-03-08T01:56:29
19073,70,2026-04-11T09:33:35
19074,622,2026-03-04T03:26:45
19075,174,2026-03-26T02:50:56
19076,288,2026-04-29T07:25:17
19077,317,2026-04-29T17:08:46
19078,264,2026-03-11T14:30:40
19079,545,2026-04-25T09:29:45
19080,640,2026-03-21T10:54:30
19081,402,2026-03-12T13:31:13
19082,586,2026-03-31T05:04:36
19083,78,2026-03-30T14:20:23
19084,677,2026-03-23T02:18:29
19085,82,2026-03-26T07:13:10
19086,47,2026-03-06T08:11:24
19087,16,2026-03-16T11:04:36
19088,171,2026-03-12T02:46:03
19089,587,2026-04-25T06:23:21
19090,211,2026-03-30T16:22:37
19091,554,2026-04-02T03:26:28
19092,298,2026-03-27T01:57:58
19093,73,2026-04-23T14:42:55
19094,332,2026-04-17T13:58:21
19095,163,2026-04-11T04:35:58
19096,205,2026-03-19T13:52:37
19097,363,2026-03-19T05:55:19
19098,554,2026-04-26T07:30:43
19099,411,2026-04-25T00:29:06
19100,157,2026-03-17T09:55:36
19101,503,2026-03-21T15:43:55
19102,488,2026-03-20T04:22:54
19103,166,2026-04-17T07:19:06
19104,597,2026-04-26T05:23:55
19105,591,2026-04-23T09:15:23
19106,423,2026-04-20T01:28:52
19107,208,2026-03-21T08:40:32
19108,248,2026-03-20T15:41:25
19109,308,2026-04-23T07:02:27
19110,132,2026-03-24T00:03:08
19111,215,2026-03-13T01:37:42
19112,95,2026-04-20T13:32:24
19113,109,2026-03-29T21:03:18
19114,521,2026-03-06T04:57:31
19115,90,2026-04-23T03:58:19
19116,329,2026-03-18T06:04:02
19117,301,2026-03-18T23:00:46
19118,33,2026-04-01T03:05:50
19119,582,2026-03-17T04:39:51
19120,689,2026-04-19T06:56:53
19121,447,2026-04-11T07:24:03
19122,470,2026-04-03T09:49:37
19123,163,2026-03-13T02:12:11
19124,591,2026-03-30T05:00:34
19125,549,2026-03-17T13:28:57
19126,307,2026-04-27T04:27:23
19127,495,2026-04-17T08:59:30
19128,669,2026-03-07T06:18:58
19129,422,2026-04-01T14:25:38
19130,140,2026-04-16T03:10:26
19131,232,2026-03-31T23:24:57
19132,130,2026-03-08T16:03:12
19133,233,2026-03-09T11:20:26
19134,624,2026-04-13T12:14:57
19135,133,2026-04-01T16:22:42
19136,625,2026-04-02T06:39:50
19137,200,2026-03-17T12:47:15
19138,350,2026-03-16T00:18:19
19139,370,2026-03-25T05:52:27
19140,89,2026-04-02T16:18:33
19141,129,2026-03-29T10:04:35
19142,214,2026-04-22T08:15:35
19143,42,2026-03-12T07:14:12
19144,528,2026-03-29T14:05:52
19145,383,2026-03-15T04:39:49
19146,593,2026-02-28T22:35:32
19147,605,2026-03-25T00:18:07
19148,244,2026-03-04T13:43:25
19149,572,2026-03-23T10:13:21
19150,43,2026-04-07T08:58:35
19151,301,2026-03-23T04:20:22
19152,467,2026-04-10T07:13:58
19153,327,2026-03-17T23:44:37
19154,518,2026-03-25T12:09:03
19155,602,2026-04-22T09:57:15
19156,297,2026-03-15T13:42:38
19157,193,2026-03-31T14:12:09
19158,409,2026-04-12T16:19:04
19159,608,2026-03-22T15:58:30
19160,692,2026-03-19T06:30:15
19161,571,2026-04-11T03:32:01
19162,172,2026-03-05T17:42:41
19163,144,2026-03-16T17:15:43
19164,402,2026-03-25T17:25:42
19165,282,2026-03-14T14:25:05
19166,428,2026-04-02T07:22:50
19167,647,2026-04-07T03:18:05
19168,385,2026-04-27T00:26:32
19169,249,2026-04-06T15:47:57
19170,609,2026-04-05T08:27:48
19171,308,2026-04-13T07:05:56
19172,424,2026-03-13T13:00:30
19173,95,2026-03-29T14:01:25
19174,356,2026-04-19T13:11:12
19175,299,2026-03-11T15:45:59
19176,87,2026-03-18T08:36:26
19177,149,2026-03-14T07:20:36
19178,493,2026-04-27T17:01:10
19179,127,2026-03-22T11:19:18
19180,93,2026-03-20T11:16:32
19181,41,2026-04-18T07:29:49
19182,19,2026-04-24T14:26:30
19183,305,2026-03-01T06:10:11
19184,342,2026-04-22T14:26:15
19185,438,2026-04-12T09:07:35
19186,401,2026-04-21T05:02:29
19187,376,2026-03-06T10:55:13
19188,700,2026-03-03T01:52:36
19189,175,2026-03-21T17:59:40
19190,499,2026-04-20T15:05:26
19191,56,2026-03-30T14:40:53
19192,595,2026-04-13T12:52:13
19193,254,2026-03-15T03:24:22
19194,243,2026-03-21T14:59:57
19195,95,2026-04-22T10:57:04
19196,357,2026-03-30T01:10:48
19197,280,2026-04-16T06:51:10
19198,682,2026-04-08T10:04:12
19199,125,2026-03-11T08:09:09
19200,293,2026-04-26T13:07:28
19201,631,2026-04-26T11:58:12
19202,566,2026-04-16T06:51:22
19203,536,2026-03-29T19:16:11
19204,369,2026-03-26T14:58:59
19205,612,2026-03-17T23:07:38
19206,157,2026-04-08T06:35:43
19207,567,2026-03-19T15:51:03
19208,407,2026-03-12T09:56:38
19209,245,2026-03-03T22:13:46
19210,153,2026-03-26T10:46:08
19211,366,2026-04-18T02:41:56
19212,3,2026-04-17T04:34:11
19213,501,2026-04-20T00:48:55
19214,166,2026-04-06T07:54:55
19215,273,2026-04-21T19:08:15
19216,136,2026-04-16T03:28:26
19217,326,2026-04-18T04:12:08
19218,260,2026-03-31T01:24:00
19219,132,2026-03-06T03:22:27
19220,623,2026-03-23T11:43:29
19221,532,2026-04-20T13:36:10
19222,272,2026-04-14T17:44:37
19223,41,2026-03-01T07:42:54
19224,592,2026-03-06T07:21:17
19225,488,2026-04-09T02:38:45
19226,389,2026-04-28T12:28:25
19227,424,2026-04-13T12:32:26
19228,6,2026-04-26T19:12:16
19229,332,2026-03-04T11:16:59
19230,133,2026-04-22T12:07:26
19231,456,2026-03-08T14:09:55
19232,652,2026-04-23T05:21:59
19233,372,2026-04-28T19:11:11
19234,423,2026-03-31T10:29:27
19235,468,2026-04-01T12:43:04
19236,651,2026-03-30T16:09:48
19237,27,2026-04-03T06:12:21
19238,218,2026-04-19T05:09:07
19239,188,2026-03-17T00:48:13
19240,502,2026-03-17T07:07:47
19241,314,2026-04-28T02:55:05
19242,541,2026-04-20T16:52:30
19243,331,2026-04-02T03:23:57
19244,683,2026-03-13T14:41:21
19245,537,2026-04-27T09:10:11
19246,13,2026-04-22T09:08:34
19247,692,2026-03-20T03:39:37
19248,667,2026-04-02T09:39:21
19249,31,2026-03-26T15:18:43
19250,275,2026-04-20T03:29:48
19251,680,2026-04-11T14:31:38
19252,587,2026-03-30T02:33:47
19253,328,2026-04-28T15:17:20
19254,382,2026-04-06T01:49:13
19255,21,2026-03-30T08:36:53
19256,396,2026-04-25T14:28:25
19257,467,2026-03-27T07:31:06
19258,252,2026-03-26T13:17:08
19259,215,2026-03-24T03:20:58
19260,580,2026-03-14T08:46:00
19261,315,2026-03-17T14:07:51
19262,185,2026-03-06T18:09:17
19263,263,2026-04-13T10:10:59
19264,345,2026-04-05T05:55:33
19265,182,2026-04-24T23:48:45
19266,393,2026-04-06T15:56:45
19267,603,2026-03-05T03:18:26
19268,520,2026-04-07T03:20:56
19269,162,2026-03-11T02:16:43
19270,331,2026-03-03T06:46:25
19271,381,2026-04-09T13:45:21
19272,477,2026-03-02T13:55:00
19273,530,2026-03-25T07:17:13
19274,340,2026-04-23T06:55:38
19275,221,2026-03-16T03:57:41
19276,462,2026-04-11T17:06:12
19277,89,2026-03-23T14:20:27
19278,472,2026-03-07T05:10:34
19279,628,2026-03-12T04:58:11
19280,497,2026-03-05T12:29:27
19281,304,2026-03-10T09:00:48
19282,577,2026-03-10T08:33:16
19283,373,2026-04-22T06:10:46
19284,379,2026-04-18T07:20:17
19285,597,2026-03-22T04:34:05
19286,136,2026-04-13T01:04:20
19287,546,2026-03-13T08:54:25
19288,476,2026-04-08T04:25:10
19289,371,2026-03-13T07:38:43
19290,54,2026-04-08T14:16:42
19291,537,2026-03-22T14:46:33
19292,154,2026-04-21T02:26:23
19293,627,2026-04-20T16:30:03
19294,555,2026-03-21T03:16:43
19295,255,2026-03-03T07:11:20
19296,305,2026-03-20T06:26:34
19297,18,2026-03-17T06:19:19
19298,349,2026-03-26T06:35:13
19299,41,2026-04-04T03:35:35
19300,692,2026-04-29T01:21:19
19301,449,2026-03-04T12:08:25
19302,165,2026-04-03T01:12:55
19303,563,2026-03-11T14:16:15
19304,14,2026-04-02T12:23:25
19305,385,2026-04-08T02:45:19
19306,78,2026-04-18T14:15:06
19307,39,2026-04-03T14:44:25
19308,172,2026-03-11T17:03:38
19309,207,2026-04-24T17:39:19
19310,509,2026-03-25T04:38:20
19311,624,2026-03-29T13:47:40
19312,544,2026-04-08T05:38:27
19313,518,2026-03-16T19:18:34
19314,396,2026-04-29T13:19:12
19315,260,2026-03-03T02:48:27
19316,179,2026-03-10T10:57:00
19317,663,2026-04-29T15:30:34
19318,366,2026-03-28T00:47:35
19319,396,2026-04-23T14:59:10
19320,11,2026-04-24T02:54:26
19321,321,2026-04-29T15:02:41
19322,478,2026-04-13T05:28:24
19323,347,2026-04-10T01:36:57
19324,431,2026-04-06T13:31:55
19325,567,2026-04-10T14:35:08
19326,16,2026-03-16T14:41:15
19327,634,2026-04-18T13:13:19
19328,572,2026-03-12T07:35:35
19329,294,2026-03-29T10:40:35
19330,535,2026-03-23T15:40:49
19331,47,2026-04-15T05:35:21
19332,216,2026-03-16T03:25:27
19333,76,2026-03-13T10:21:29
19334,445,2026-04-18T07:07:45
19335,600,2026-03-30T13:45:27
19336,422,2026-04-13T18:48:33
19337,499,2026-04-22T19:59:05
19338,101,2026-04-20T10:23:21
19339,654,2026-03-24T05:12:27
19340,136,2026-03-11T03:36:54
19341,369,2026-04-27T13:36:06
19342,479,2026-03-19T13:22:22
19343,600,2026-04-16T20:20:38
19344,654,2026-04-16T03:28:27
19345,420,2026-03-27T00:25:18
19346,404,2026-03-10T16:38:38
19347,292,2026-03-29T08:43:01
19348,398,2026-03-09T01:34:35
19349,473,2026-03-22T05:41:52
19350,453,2026-03-23T16:08:30
19351,415,2026-04-01T14:18:47
19352,309,2026-03-12T06:14:41
19353,138,2026-04-20T06:47:37
19354,38,2026-03-05T02:10:41
19355,295,2026-04-29T11:52:58
19356,278,2026-03-19T02:34:31
19357,426,2026-03-30T02:10:16
19358,631,2026-04-22T08:23:30
19359,492,2026-04-09T02:03:28
19360,564,2026-03-04T10:14:09
19361,405,2026-04-06T08:36:57
19362,650,2026-04-03T11:02:42
19363,658,2026-04-25T05:31:21
19364,107,2026-04-03T04:46:59
19365,448,2026-04-29T01:14:18
19366,355,2026-04-01T16:03:17
19367,681,2026-03-12T13:37:12
19368,410,2026-03-31T04:22:12
19369,12,2026-04-24T23:24:36
19370,147,2026-03-02T01:27:56
19371,91,2026-03-24T07:35:32
19372,141,2026-03-03T17:27:24
19373,68,2026-04-20T07:18:49
19374,548,2026-03-31T21:08:41
19375,346,2026-04-12T09:59:08
19376,471,2026-04-28T07:42:28
19377,700,2026-04-19T00:39:37
19378,454,2026-03-25T18:13:33
19379,336,2026-04-26T10:01:00
19380,187,2026-03-29T14:37:20
19381,529,2026-04-28T05:54:59
19382,355,2026-04-28T18:22:46
19383,530,2026-03-14T11:07:44
19384,17,2026-04-16T13:31:30
19385,115,2026-04-11T07:59:33
19386,91,2026-04-16T07:27:28
19387,477,2026-03-11T10:20:14
19388,363,2026-03-31T01:57:33
19389,222,2026-03-10T04:14:50
19390,217,2026-04-23T04:20:56
19391,425,2026-04-22T11:14:21
19392,676,2026-04-04T05:09:49
19393,697,2026-03-08T07:53:19
19394,331,2026-04-09T03:21:03
19395,470,2026-03-27T05:47:17
19396,59,2026-04-17T09:29:21
19397,662,2026-03-06T16:43:59
19398,13,2026-03-25T04:03:09
19399,240,2026-03-22T06:34:26
19400,508,2026-04-27T04:55:54
19401,679,2026-03-18T07:59:13
19402,121,2026-04-29T09:11:14
19403,463,2026-04-25T08:45:36
19404,132,2026-04-04T23:55:45
19405,36,2026-03-11T03:44:15
19406,297,2026-03-14T11:24:36
19407,404,2026-03-02T16:07:38
19408,185,2026-04-16T15:33:46
19409,682,2026-04-13T10:01:34
19410,432,2026-03-19T23:40:40
19411,307,2026-04-13T04:24:21
19412,340,2026-04-04T04:03:17
19413,325,2026-04-18T01:42:24
19414,79,2026-03-06T16:24:29
19415,425,2026-03-12T14:30:33
19416,550,2026-04-18T06:16:10
19417,295,2026-03-23T06:26:49
19418,299,2026-04-27T13:10:13
19419,638,2026-04-22T12:11:15
19420,428,2026-03-06T08:40:07
19421,209,2026-03-25T05:49:15
19422,3,2026-04-12T21:09:52
19423,577,2026-03-09T02:09:52
19424,439,2026-04-21T02:34:17
19425,439,2026-03-06T03:33:14
19426,198,2026-03-07T12:23:07
19427,131,2026-04-02T00:59:19
19428,347,2026-03-15T05:58:14
19429,531,2026-04-08T10:38:04
19430,209,2026-03-24T07:54:15
19431,369,2026-03-17T14:27:13
19432,698,2026-04-20T14:00:07
19433,154,2026-03-10T02:06:20
19434,162,2026-03-30T00:48:41
19435,166,2026-03-11T08:07:59
19436,640,2026-03-09T12:10:39
19437,371,2026-03-13T07:40:44
19438,643,2026-03-16T13:28:35
19439,664,2026-03-25T08:14:37
19440,295,2026-03-29T06:48:52
19441,39,2026-03-09T15:43:53
19442,213,2026-03-03T01:17:03
19443,381,2026-03-06T10:12:30
19444,267,2026-04-07T21:44:36
19445,2,2026-04-28T11:14:59
19446,693,2026-03-02T00:14:35
19447,213,2026-03-03T06:52:15
19448,434,2026-04-16T13:52:43
19449,663,2026-04-13T18:58:58
19450,382,2026-04-14T01:26:19
19451,487,2026-03-11T12:43:18
19452,26,2026-04-21T02:11:25
19453,488,2026-04-07T05:59:36
19454,594,2026-03-10T03:03:20
19455,643,2026-03-07T14:51:41
19456,59,2026-04-06T02:36:23
19457,160,2026-04-16T05:56:29
19458,33,2026-04-16T00:40:38
19459,643,2026-04-05T15:11:13
19460,193,2026-03-31T12:40:15
19461,373,2026-04-11T06:44:16
19462,334,2026-03-08T06:29:52
19463,483,2026-03-22T03:35:36
19464,627,2026-03-06T12:24:59
19465,227,2026-04-20T09:16:16
19466,554,2026-04-06T05:37:25
19467,204,2026-04-16T01:30:25
19468,139,2026-03-30T04:01:59
19469,75,2026-04-25T14:45:39
19470,261,2026-04-25T15:14:28
19471,393,2026-04-06T14:02:33
19472,547,2026-04-20T04:15:01
19473,594,2026-04-09T05:53:21
19474,369,2026-04-13T12:46:54
19475,287,2026-03-15T11:25:16
19476,123,2026-04-28T01:26:20
19477,640,2026-03-12T10:25:24
19478,278,2026-04-11T00:02:03
19479,536,2026-04-06T09:21:29
19480,439,2026-03-06T04:53:11
19481,653,2026-04-15T22:37:42
19482,682,2026-03-05T12:23:43
19483,495,2026-03-31T08:59:25
19484,464,2026-04-18T11:04:13
19485,97,2026-03-08T03:51:45
19486,12,2026-03-22T00:25:43
19487,383,2026-03-31T01:30:19
19488,494,2026-04-25T14:56:49
19489,523,2026-03-23T04:55:32
19490,176,2026-03-08T13:48:54
19491,353,2026-03-08T11:31:40
19492,604,2026-03-12T08:35:54
19493,67,2026-04-21T02:54:17
19494,269,2026-04-16T08:45:10
19495,662,2026-03-26T13:18:46
19496,140,2026-04-19T22:30:33
19497,222,2026-04-25T02:49:46
19498,328,2026-04-22T09:48:53
19499,482,2026-02-28T23:17:21
19500,179,2026-03-06T13:50:14
19501,555,2026-04-13T02:33:10
19502,166,2026-03-23T04:20:59
19503,258,2026-03-10T09:29:33
19504,402,2026-04-08T16:26:44
19505,9,2026-03-22T14:04:57
19506,538,2026-04-25T08:13:56
19507,469,2026-04-04T10:08:59
19508,585,2026-03-14T20:41:18
19509,193,2026-04-26T17:25:40
19510,279,2026-04-06T02:08:12
19511,629,2026-03-18T03:35:27
19512,47,2026-03-09T06:28:56
19513,344,2026-04-03T13:40:16
19514,339,2026-04-14T06:57:16
19515,314,2026-04-20T04:59:34
19516,304,2026-03-08T07:27:54
19517,524,2026-03-25T21:01:38
19518,138,2026-04-29T07:04:10
19519,624,2026-04-09T14:08:57
19520,628,2026-03-06T04:01:21
19521,126,2026-04-25T13:38:27
19522,682,2026-04-11T11:57:37
19523,184,2026-03-28T11:45:41
19524,37,2026-04-16T10:42:54
19525,279,2026-04-08T02:19:13
19526,558,2026-03-16T08:42:27
19527,592,2026-04-17T04:30:19
19528,453,2026-03-16T17:22:35
19529,568,2026-03-14T09:03:16
19530,184,2026-04-05T14:30:19
19531,616,2026-03-02T13:25:40
19532,445,2026-04-07T09:33:11
19533,94,2026-04-03T05:28:26
19534,91,2026-04-13T11:46:44
19535,188,2026-03-10T05:54:28
19536,49,2026-04-04T13:30:44
19537,198,2026-03-27T15:20:27
19538,696,2026-03-11T14:18:51
19539,169,2026-03-28T01:52:50
19540,446,2026-04-25T05:31:09
19541,685,2026-04-19T14:58:52
19542,178,2026-03-10T04:40:03
19543,488,2026-04-20T04:34:54
19544,316,2026-04-03T12:03:37
19545,200,2026-03-03T10:44:08
19546,666,2026-04-25T11:28:29
19547,460,2026-04-01T09:06:57
19548,308,2026-04-24T11:20:37
19549,569,2026-03-06T12:27:31
19550,631,2026-03-11T14:53:14
19551,548,2026-04-24T20:38:22
19552,609,2026-03-15T05:23:49
19553,226,2026-04-02T04:58:51
19554,241,2026-04-06T16:37:26
19555,163,2026-04-26T06:58:33
19556,488,2026-03-21T02:27:40
19557,563,2026-04-15T16:51:58
19558,463,2026-04-13T08:48:11
19559,420,2026-04-12T09:42:03
19560,540,2026-04-01T09:55:02
19561,128,2026-03-05T05:33:32
19562,257,2026-03-16T12:05:21
19563,495,2026-04-03T06:22:06
19564,37,2026-03-25T08:01:25
19565,638,2026-03-12T12:15:36
19566,120,2026-04-11T16:42:25
19567,551,2026-03-28T14:07:41
19568,432,2026-04-17T02:37:14
19569,594,2026-04-02T00:38:59
19570,543,2026-03-23T00:33:28
19571,362,2026-03-07T03:41:29
19572,530,2026-03-07T10:25:30
19573,243,2026-03-31T12:39:56
19574,409,2026-03-22T18:44:17
19575,641,2026-04-13T16:35:29
19576,60,2026-04-07T01:42:19
19577,250,2026-03-18T13:45:35
19578,13,2026-04-15T10:24:33
19579,374,2026-04-03T02:54:55
19580,548,2026-04-22T13:19:02
19581,27,2026-04-27T08:03:44
19582,385,2026-04-27T03:57:02
19583,291,2026-03-08T09:50:34
19584,548,2026-04-01T21:24:25
19585,155,2026-03-02T14:12:05
19586,114,2026-04-22T13:12:03
19587,67,2026-04-12T06:34:47
19588,286,2026-03-16T08:57:44
19589,342,2026-04-06T15:18:35
19590,644,2026-04-03T14:42:35
19591,327,2026-04-02T02:21:05
19592,121,2026-04-02T10:33:01
19593,490,2026-04-29T14:38:48
19594,44,2026-04-16T06:46:19
19595,242,2026-03-25T05:43:47
19596,458,2026-04-16T10:13:05
19597,178,2026-03-08T23:06:39
19598,417,2026-03-18T15:33:54
19599,318,2026-03-08T07:24:22
19600,667,2026-04-23T08:16:18
19601,202,2026-03-02T05:11:44
19602,635,2026-04-23T02:51:22
19603,439,2026-04-19T02:05:19
19604,525,2026-04-26T15:08:47
19605,119,2026-04-15T02:20:40
19606,14,2026-03-28T15:13:12
19607,512,2026-04-18T04:04:26
19608,337,2026-04-29T05:14:12
19609,217,2026-04-23T09:21:29
19610,628,2026-04-17T03:26:48
19611,229,2026-04-16T13:31:38
19612,304,2026-04-09T08:07:31
19613,507,2026-04-23T01:58:18
19614,674,2026-03-26T12:32:15
19615,630,2026-03-31T16:24:37
19616,457,2026-04-20T12:43:09
19617,78,2026-03-16T11:56:53
19618,77,2026-04-15T12:00:47
19619,486,2026-03-07T03:30:45
19620,357,2026-04-05T01:53:12
19621,94,2026-03-03T05:14:20
19622,487,2026-04-29T13:51:29
19623,660,2026-04-20T09:35:49
19624,46,2026-03-15T04:03:11
19625,578,2026-03-10T07:52:49
19626,242,2026-04-08T05:04:22
19627,279,2026-04-24T00:42:52
19628,502,2026-03-20T11:34:05
19629,173,2026-04-27T14:47:44
19630,110,2026-03-28T06:18:00
19631,675,2026-03-27T01:07:19
19632,244,2026-03-21T15:29:34
19633,119,2026-03-17T03:44:45
19634,483,2026-03-20T23:34:34
19635,152,2026-03-11T09:05:21
19636,543,2026-03-23T02:38:11
19637,50,2026-03-18T10:24:21
19638,363,2026-03-04T06:43:11
19639,283,2026-03-22T03:55:02
19640,670,2026-03-03T08:51:46
19641,365,2026-03-11T10:59:59
19642,648,2026-04-13T03:36:26
19643,174,2026-03-02T00:43:20
19644,332,2026-03-19T16:06:36
19645,570,2026-04-11T14:10:00
19646,113,2026-03-02T08:08:16
19647,650,2026-04-14T11:43:27
19648,542,2026-03-05T13:36:35
19649,474,2026-03-04T11:55:17
19650,171,2026-03-12T00:42:25
19651,573,2026-04-21T15:52:14
19652,590,2026-03-03T12:45:16
19653,205,2026-03-06T17:37:20
19654,412,2026-04-26T05:31:33
19655,43,2026-04-06T08:08:54
19656,276,2026-04-04T02:36:04
19657,106,2026-03-03T12:31:11
19658,390,2026-03-24T02:58:07
19659,385,2026-04-04T01:54:10
19660,373,2026-04-01T06:20:26
19661,475,2026-04-01T03:11:56
19662,648,2026-03-07T02:12:18
19663,138,2026-04-29T04:29:42
19664,151,2026-04-12T12:58:48
19665,151,2026-03-15T13:51:11
19666,650,2026-04-28T09:55:11
19667,65,2026-03-19T17:13:42
19668,22,2026-03-08T03:00:08
19669,113,2026-04-23T08:40:49
19670,539,2026-03-10T08:24:04
19671,406,2026-03-04T03:27:35
19672,644,2026-04-07T07:44:48
19673,144,2026-03-16T14:59:56
19674,276,2026-03-10T03:10:51
19675,389,2026-03-07T13:36:38
19676,52,2026-03-08T12:01:54
19677,643,2026-04-27T16:30:30
19678,564,2026-04-10T09:02:53
19679,101,2026-04-20T06:48:59
19680,591,2026-04-07T07:33:52
19681,315,2026-04-02T15:15:40
19682,236,2026-03-14T05:13:58
19683,663,2026-04-28T11:39:59
19684,364,2026-04-19T06:15:23
19685,160,2026-04-01T02:23:17
19686,567,2026-03-07T08:00:39
19687,502,2026-04-15T09:20:29
19688,135,2026-03-20T12:43:02
19689,475,2026-03-13T02:03:18
19690,441,2026-04-14T06:50:51
19691,193,2026-04-20T15:16:53
19692,302,2026-04-06T07:44:08
19693,588,2026-03-05T11:08:41
19694,123,2026-04-06T02:08:40
19695,506,2026-04-25T15:52:47
19696,583,2026-04-11T03:57:19
19697,656,2026-03-16T11:16:45
19698,228,2026-04-08T10:57:35
19699,187,2026-03-15T14:49:10
19700,655,2026-04-22T06:15:47
19701,324,2026-04-20T08:48:58
19702,399,2026-04-04T12:58:30
19703,360,2026-03-09T04:18:06
19704,361,2026-03-25T06:26:57
19705,438,2026-03-08T05:17:09
19706,297,2026-04-15T09:02:18
19707,275,2026-04-10T05:56:17
19708,281,2026-03-16T03:34:33
19709,460,2026-04-21T02:10:14
19710,573,2026-04-15T12:31:51
19711,389,2026-04-26T17:46:19
19712,475,2026-03-17T02:51:33
19713,290,2026-03-11T16:46:09
19714,542,2026-03-29T12:21:32
19715,276,2026-03-16T01:55:13
19716,295,2026-04-14T10:45:23
19717,39,2026-03-26T14:26:30
19718,184,2026-04-07T16:47:46
19719,517,2026-03-11T10:59:49
19720,61,2026-03-06T07:02:21
19721,157,2026-04-26T09:36:20
19722,544,2026-03-27T04:40:14
19723,612,2026-03-09T04:52:53
19724,291,2026-04-18T07:28:07
19725,285,2026-03-08T03:20:05
19726,357,2026-04-29T03:12:25
19727,540,2026-03-24T10:24:23
19728,329,2026-03-29T09:25:17
19729,122,2026-03-16T10:49:26
19730,302,2026-03-06T05:51:59
19731,179,2026-03-25T12:30:16
19732,479,2026-03-22T07:41:36
19733,100,2026-03-27T03:44:43
19734,427,2026-03-30T04:37:59
19735,91,2026-04-07T07:45:51
19736,681,2026-03-05T11:04:41
19737,449,2026-03-22T15:27:49
19738,98,2026-04-21T03:40:50
19739,672,2026-04-27T06:31:47
19740,402,2026-04-02T15:45:06
19741,425,2026-03-22T14:18:20
19742,45,2026-03-25T04:56:41
19743,132,2026-04-15T21:07:53
19744,566,2026-03-24T04:47:07
19745,328,2026-04-26T11:43:59
19746,432,2026-03-02T00:04:08
19747,692,2026-04-06T01:14:11
19748,300,2026-04-01T01:56:04
19749,267,2026-03-28T15:40:38
19750,562,2026-03-29T04:47:37
19751,47,2026-03-10T07:50:52
19752,319,2026-03-21T17:00:39
19753,599,2026-03-22T18:51:05
19754,160,2026-04-08T23:42:17
19755,213,2026-04-04T23:14:20
19756,331,2026-03-25T03:18:53
19757,53,2026-04-01T01:23:43
19758,50,2026-04-04T12:36:55
19759,177,2026-03-03T05:16:49
19760,629,2026-04-23T04:16:48
19761,156,2026-04-23T14:32:26
19762,512,2026-03-22T09:43:37
19763,299,2026-04-15T08:25:46
19764,533,2026-03-24T13:11:35
19765,232,2026-03-05T00:06:24
19766,613,2026-04-21T12:50:23
19767,260,2026-03-17T04:29:54
19768,555,2026-03-21T22:04:27
19769,582,2026-04-04T03:22:23
19770,303,2026-03-27T10:01:08
19771,467,2026-03-16T06:12:35
19772,84,2026-04-17T21:07:57
19773,348,2026-03-22T05:55:46
19774,262,2026-04-05T12:23:35
19775,669,2026-04-09T06:10:20
19776,654,2026-04-26T06:39:22
19777,549,2026-03-29T14:59:27
19778,665,2026-03-29T06:28:12
19779,684,2026-04-24T03:10:44
19780,538,2026-03-29T07:28:24
19781,416,2026-03-18T18:37:48
19782,144,2026-03-03T16:51:10
19783,571,2026-03-20T01:08:02
19784,137,2026-03-12T14:33:47
19785,130,2026-03-19T15:02:04
19786,616,2026-04-02T14:30:43
19787,81,2026-04-01T02:00:18
19788,100,2026-03-12T08:25:44
19789,358,2026-03-28T10:29:45
19790,409,2026-03-28T16:58:41
19791,32,2026-03-03T17:11:24
19792,265,2026-03-17T09:14:53
19793,158,2026-04-12T23:34:28
19794,212,2026-03-02T10:09:10
19795,127,2026-03-19T04:03:37
19796,475,2026-03-29T05:29:31
19797,332,2026-03-10T12:14:00
19798,672,2026-04-07T23:40:37
19799,6,2026-04-12T14:05:05
19800,545,2026-03-21T07:01:58
19801,637,2026-03-14T07:13:06
19802,341,2026-04-15T22:51:21
19803,490,2026-03-13T13:33:23
19804,309,2026-03-09T07:16:16
19805,417,2026-03-02T13:35:25
19806,636,2026-03-06T12:38:03
19807,372,2026-04-22T15:26:57
19808,405,2026-04-26T09:10:58
19809,691,2026-04-02T00:22:06
19810,348,2026-04-25T06:52:15
19811,122,2026-04-12T06:42:27
19812,478,2026-03-25T10:21:06
19813,486,2026-04-11T23:53:17
19814,167,2026-03-26T08:11:53
19815,511,2026-04-27T02:10:35
19816,45,2026-04-21T08:01:55
19817,225,2026-04-20T08:05:15
19818,599,2026-04-01T12:18:32
19819,433,2026-04-01T07:03:59
19820,426,2026-03-08T03:22:16
19821,435,2026-04-09T16:04:45
19822,116,2026-03-07T17:02:29
19823,673,2026-04-02T12:34:18
19824,209,2026-03-08T08:33:06
19825,551,2026-03-29T10:47:57
19826,693,2026-04-16T03:27:07
19827,169,2026-03-19T03:51:07
19828,445,2026-04-06T03:29:28
19829,30,2026-03-16T15:16:05
19830,446,2026-03-18T03:08:50
19831,309,2026-03-11T09:29:44
19832,51,2026-03-10T11:22:08
19833,471,2026-03-23T08:30:54
19834,679,2026-03-08T06:58:38
19835,59,2026-04-23T08:03:41
19836,625,2026-04-14T03:21:19
19837,591,2026-03-14T06:08:50
19838,384,2026-04-23T14:47:03
19839,631,2026-03-22T15:32:58
19840,217,2026-04-01T06:07:15
19841,505,2026-04-11T18:47:09
19842,489,2026-04-16T11:07:04
19843,407,2026-03-01T16:46:04
19844,584,2026-03-17T04:59:11
19845,614,2026-03-21T14:30:31
19846,551,2026-04-05T14:38:18
19847,412,2026-04-22T05:01:32
19848,684,2026-03-27T01:39:10
19849,389,2026-03-28T13:09:49
19850,446,2026-03-06T06:25:24
19851,133,2026-04-01T15:30:34
19852,225,2026-03-30T07:45:00
19853,634,2026-04-08T10:47:20
19854,349,2026-04-20T10:55:01
19855,358,2026-04-04T12:45:20
19856,572,2026-03-04T11:04:45
19857,229,2026-04-19T09:41:27
19858,186,2026-03-29T13:10:46
19859,7,2026-03-30T05:56:04
19860,162,2026-04-22T00:51:23
19861,359,2026-04-05T09:18:00
19862,508,2026-04-17T02:04:58
19863,231,2026-04-22T04:54:57
19864,312,2026-03-30T12:21:16
19865,156,2026-04-28T18:51:44
19866,572,2026-03-11T08:04:44
19867,368,2026-04-21T23:15:22
19868,101,2026-04-20T09:24:26
19869,427,2026-03-06T02:07:59
19870,235,2026-03-10T13:26:20
19871,606,2026-03-03T09:55:26
19872,188,2026-03-17T06:10:17
19873,606,2026-04-29T11:25:24
19874,489,2026-03-08T08:04:13
19875,95,2026-03-03T14:39:01
19876,532,2026-03-28T14:25:39
19877,505,2026-03-22T14:30:17
19878,320,2026-04-07T01:30:01
19879,113,2026-04-06T05:39:06
19880,335,2026-04-19T06:44:54
19881,427,2026-03-25T01:58:27
19882,93,2026-03-28T15:43:15
19883,239,2026-03-02T10:50:19
19884,492,2026-04-28T01:04:28
19885,388,2026-03-13T03:07:18
19886,695,2026-04-05T05:26:23
19887,152,2026-04-22T11:08:25
19888,545,2026-04-06T05:50:56
19889,298,2026-04-07T09:51:19
19890,157,2026-03-11T10:35:10
19891,666,2026-04-12T12:29:28
19892,437,2026-03-11T23:51:21
19893,375,2026-04-11T17:34:38
19894,207,2026-04-04T18:57:39
19895,618,2026-03-30T03:48:27
19896,22,2026-04-12T20:20:16
19897,81,2026-04-13T01:38:42
19898,126,2026-03-13T13:07:32
19899,458,2026-03-23T10:02:19
19900,72,2026-03-30T04:05:01
19901,559,2026-03-10T00:59:01
19902,138,2026-03-22T03:07:54
19903,474,2026-03-03T12:12:37
19904,557,2026-03-27T07:40:50
19905,616,2026-03-13T12:10:24
19906,205,2026-03-14T10:07:07
19907,53,2026-04-19T02:41:59
19908,530,2026-03-09T14:57:43
19909,315,2026-03-08T17:07:40
19910,665,2026-03-20T09:39:03
19911,132,2026-03-02T00:32:03
19912,402,2026-04-22T13:57:55
19913,84,2026-04-29T00:57:50
19914,340,2026-04-18T07:33:07
19915,1,2026-04-17T04:53:33
19916,526,2026-03-07T09:12:21
19917,424,2026-04-03T15:35:38
19918,68,2026-03-06T07:10:51
19919,350,2026-03-18T23:01:37
19920,300,2026-03-29T22:46:12
19921,472,2026-04-10T06:33:23
19922,350,2026-03-17T01:00:55
19923,322,2026-03-16T03:48:03
19924,582,2026-04-19T07:52:40
19925,364,2026-03-14T05:23:29
19926,570,2026-03-30T16:01:28
19927,620,2026-03-18T02:17:01
19928,594,2026-04-20T22:36:07
19929,669,2026-04-02T03:03:26
19930,489,2026-03-07T11:23:39
19931,394,2026-03-09T00:13:09
19932,372,2026-04-28T13:36:35
19933,144,2026-04-26T16:12:53
19934,580,2026-04-16T08:46:25
19935,486,2026-03-05T02:18:42
19936,612,2026-04-13T02:06:24
19937,492,2026-04-08T21:16:04
19938,337,2026-04-26T05:56:35
19939,207,2026-03-30T16:47:04
19940,690,2026-03-29T10:35:24
19941,514,2026-04-07T02:12:17
19942,613,2026-03-09T15:22:40
19943,410,2026-04-14T05:27:02
19944,358,2026-03-30T08:58:26
19945,25,2026-03-12T02:19:06
19946,49,2026-04-18T15:48:58
19947,495,2026-03-16T09:17:41
19948,158,2026-04-21T04:09:33
19949,58,2026-03-17T03:46:52
19950,544,2026-03-30T06:05:08
19951,435,2026-03-27T16:46:39
19952,78,2026-04-13T17:55:58
19953,350,2026-03-12T01:08:28
19954,329,2026-03-15T09:35:59
19955,3,2026-03-12T01:09:51
19956,424,2026-03-14T14:27:59
19957,278,2026-03-28T03:27:09
19958,615,2026-04-05T17:04:18
19959,82,2026-04-21T06:11:46
19960,593,2026-03-25T23:32:20
19961,5,2026-03-25T03:50:43
19962,535,2026-03-10T17:16:00
19963,548,2026-03-06T19:50:37
19964,286,2026-04-15T07:11:53
19965,197,2026-04-07T16:01:16
19966,100,2026-04-01T05:23:42
19967,238,2026-03-27T15:00:05
19968,469,2026-04-01T05:02:16
19969,508,2026-04-20T01:18:10
19970,127,2026-03-12T11:35:11
19971,8,2026-03-30T14:57:29
19972,393,2026-03-15T18:37:53
19973,407,2026-03-07T10:40:06
19974,687,2026-04-11T04:41:21
19975,533,2026-04-12T09:31:02
19976,386,2026-04-21T01:01:33
19977,415,2026-03-02T17:20:37
19978,452,2026-03-11T10:10:09
19979,317,2026-04-04T15:33:14
19980,475,2026-04-18T02:46:10
19981,137,2026-04-26T14:25:04
19982,582,2026-04-17T06:34:23
19983,604,2026-04-24T11:38:18
19984,305,2026-04-17T23:00:15
19985,320,2026-03-19T01:44:50
19986,349,2026-04-04T05:43:13
19987,573,2026-04-08T10:57:15
19988,124,2026-03-22T05:24:24
19989,240,2026-04-23T09:58:51
19990,431,2026-04-16T15:15:12
19991,486,2026-04-01T02:24:35
19992,208,2026-03-29T08:45:56
19993,83,2026-04-17T12:29:50
19994,356,2026-03-14T11:21:35
19995,447,2026-03-14T04:34:44
19996,537,2026-03-25T13:27:02
19997,3,2026-03-08T02:05:41
19998,13,2026-03-28T10:51:13
19999,271,2026-03-26T03:45:16
20000,395,2026-03-31T18:08:26
20001,3,2026-03-28T03:12:48
20002,122,2026-04-23T08:33:25
20003,294,2026-03-17T07:27:12
20004,196,2026-03-25T01:06:41
20005,498,2026-04-14T01:21:35
20006,25,2026-03-18T00:58:46
20007,622,2026-04-09T03:16:30
20008,119,2026-04-27T07:18:34
20009,309,2026-03-23T06:49:04
20010,691,2026-03-15T01:54:21
20011,464,2026-03-12T12:11:02
20012,699,2026-03-01T04:22:11
20013,14,2026-03-18T12:50:48
20014,504,2026-04-20T09:50:02
20015,53,2026-03-16T02:24:17
20016,429,2026-04-27T21:45:03
20017,229,2026-04-27T12:18:26
20018,544,2026-04-10T06:13:24
20019,88,2026-04-28T13:56:44
20020,628,2026-03-25T06:38:00
20021,337,2026-04-27T04:46:08
20022,364,2026-04-02T08:14:20
20023,400,2026-03-05T00:01:03
20024,25,2026-04-19T02:01:00
20025,218,2026-04-27T00:41:34
20026,497,2026-04-23T12:18:51
20027,673,2026-03-26T09:31:04
20028,690,2026-03-07T09:42:12
20029,375,2026-04-05T16:46:52
20030,181,2026-04-22T03:10:39
20031,335,2026-04-20T10:34:17
20032,325,2026-04-07T01:37:53
20033,279,2026-04-17T01:34:33
20034,253,2026-03-02T13:45:53
20035,608,2026-04-07T17:21:27
20036,274,2026-03-07T16:18:49
20037,21,2026-04-14T12:19:21
20038,505,2026-03-03T18:06:38
20039,466,2026-04-05T09:02:14
20040,265,2026-04-26T05:35:13
20041,441,2026-03-07T03:59:06
20042,659,2026-03-26T13:07:25
20043,648,2026-03-03T00:15:11
20044,553,2026-04-12T03:00:24
20045,409,2026-04-25T14:14:27
20046,20,2026-03-01T05:07:35
20047,359,2026-04-02T12:59:06
20048,573,2026-04-17T11:15:23
20049,592,2026-03-02T06:55:54
20050,542,2026-03-29T17:40:05
20051,691,2026-03-07T21:18:55
20052,362,2026-04-25T03:19:02
20053,77,2026-03-31T11:05:57
20054,348,2026-04-01T08:55:24
20055,224,2026-04-29T09:48:41
20056,585,2026-04-17T00:44:52
20057,544,2026-03-19T06:01:46
20058,298,2026-04-07T02:59:42
20059,272,2026-03-18T15:14:04
20060,112,2026-04-01T01:39:18
20061,31,2026-04-18T15:34:52
20062,220,2026-04-26T17:01:56
20063,169,2026-04-27T07:23:17
20064,186,2026-03-30T12:08:39
20065,699,2026-04-23T09:10:27
20066,477,2026-04-23T11:16:50
20067,386,2026-04-01T23:00:52
20068,126,2026-03-03T13:42:49
20069,589,2026-03-08T04:44:45
20070,452,2026-04-09T06:38:37
20071,361,2026-04-19T05:27:59
20072,327,2026-04-23T23:12:56
20073,387,2026-03-15T12:36:23
20074,588,2026-04-23T13:41:26
20075,505,2026-04-19T18:12:22
20076,340,2026-03-30T02:16:47
20077,468,2026-03-23T13:51:53
20078,651,2026-03-29T16:40:12
20079,229,2026-04-10T08:29:29
20080,631,2026-04-18T09:18:56
20081,425,2026-03-11T12:13:13
20082,130,2026-03-21T16:12:43
20083,677,2026-03-08T05:53:49
20084,481,2026-04-26T05:29:16
20085,271,2026-03-25T01:33:13
20086,151,2026-03-16T10:58:35
20087,642,2026-03-13T02:41:48
20088,577,2026-03-05T04:38:01
20089,32,2026-03-29T15:13:58
20090,446,2026-04-16T05:21:31
20091,81,2026-03-20T00:03:07
20092,206,2026-03-25T02:31:45
20093,398,2026-04-08T09:16:30
20094,175,2026-03-22T17:26:21
20095,359,2026-04-14T13:25:19
20096,301,2026-03-20T02:01:44
20097,408,2026-03-27T02:30:25
20098,561,2026-04-28T09:40:43
20099,109,2026-04-20T16:48:49
20100,558,2026-04-04T09:12:56
20101,156,2026-03-24T16:23:54
20102,24,2026-04-29T10:32:57
20103,313,2026-03-28T02:49:39
20104,212,2026-03-21T11:04:12
20105,130,2026-04-05T14:29:01
20106,296,2026-03-25T12:47:19
20107,609,2026-04-23T10:02:29
20108,410,2026-03-13T03:01:13
20109,510,2026-03-04T16:05:46
20110,105,2026-03-26T17:19:23
20111,54,2026-04-26T13:07:55
20112,235,2026-03-04T13:22:02
20113,543,2026-04-18T00:17:07
20114,620,2026-03-01T00:46:28
20115,72,2026-04-03T01:22:17
20116,334,2026-03-28T05:58:53
20117,278,2026-03-10T08:09:30
20118,521,2026-04-13T22:11:43
20119,144,2026-03-11T13:48:41
20120,340,2026-03-27T05:08:33
20121,595,2026-04-03T11:22:39
20122,326,2026-04-01T04:37:14
20123,547,2026-03-02T03:53:24
20124,436,2026-03-27T14:13:14
20125,419,2026-04-09T02:16:53
20126,182,2026-04-01T00:01:04
20127,695,2026-04-13T03:24:51
20128,175,2026-04-16T15:13:04
20129,652,2026-03-11T11:17:26
20130,693,2026-04-18T02:14:45
20131,358,2026-04-23T09:59:27
20132,609,2026-04-20T02:33:56
20133,501,2026-04-21T03:30:51
20134,517,2026-03-13T03:27:50
20135,48,2026-04-09T14:35:42
20136,97,2026-03-28T04:20:56
20137,49,2026-04-29T18:09:20
20138,22,2026-04-19T01:17:04
20139,586,2026-03-10T03:19:31
20140,123,2026-04-26T02:16:21
20141,5,2026-04-11T01:08:04
20142,657,2026-04-02T02:51:14
20143,196,2026-03-27T05:25:03
20144,572,2026-03-30T09:27:05
20145,673,2026-04-16T16:53:47
20146,367,2026-04-15T06:51:14
20147,649,2026-04-03T09:14:32
20148,679,2026-04-29T08:59:38
20149,102,2026-03-14T05:25:18
20150,103,2026-03-26T17:29:29
20151,259,2026-04-05T03:56:27
20152,392,2026-03-10T00:55:54
20153,551,2026-03-30T11:56:57
20154,129,2026-04-20T09:10:07
20155,136,2026-04-10T04:04:42
20156,215,2026-04-12T00:18:40
20157,190,2026-03-10T10:17:56
20158,659,2026-03-09T13:39:35
20159,278,2026-03-27T05:09:26
20160,608,2026-03-20T12:14:44
20161,40,2026-03-01T16:47:41
20162,72,2026-04-03T07:35:28
20163,563,2026-04-15T17:47:42
20164,175,2026-04-13T15:53:02
20165,58,2026-03-07T06:56:56
20166,417,2026-04-16T14:58:23
20167,104,2026-03-23T07:40:18
20168,43,2026-03-10T05:32:12
20169,285,2026-03-29T00:38:07
20170,386,2026-03-14T00:44:18
20171,370,2026-04-10T06:52:01
20172,410,2026-04-13T23:36:13
20173,17,2026-04-13T17:34:42
20174,204,2026-03-06T22:25:38
20175,241,2026-03-21T13:48:29
20176,206,2026-03-29T23:21:55
20177,392,2026-04-29T04:20:45
20178,161,2026-04-02T03:36:08
20179,443,2026-04-09T02:37:33
20180,655,2026-03-21T06:20:23
20181,463,2026-03-18T13:00:28
20182,273,2026-04-17T01:44:17
20183,305,2026-04-20T02:05:58
20184,410,2026-03-04T01:07:06
20185,507,2026-04-01T23:06:06
20186,212,2026-04-16T09:43:23
20187,27,2026-03-10T12:45:51
20188,492,2026-04-08T03:30:47
20189,464,2026-03-29T13:05:21
20190,72,2026-03-31T03:04:16
20191,439,2026-04-05T04:33:19
20192,51,2026-04-22T15:50:15
20193,451,2026-03-06T11:42:35
20194,521,2026-03-12T23:32:55
20195,11,2026-03-21T02:30:36
20196,509,2026-04-18T05:44:38
20197,85,2026-04-05T05:12:20
20198,186,2026-03-12T12:07:17
20199,494,2026-03-02T14:21:06
20200,249,2026-04-29T18:09:01
20201,684,2026-03-09T01:16:26
20202,671,2026-03-02T10:52:59
20203,691,2026-03-24T22:28:46
20204,74,2026-04-03T09:28:58
20205,124,2026-03-16T06:44:17
20206,129,2026-03-11T09:17:40
20207,410,2026-03-06T03:42:36
20208,302,2026-03-25T07:31:07
20209,523,2026-04-27T03:34:01
20210,198,2026-03-09T13:22:43
20211,140,2026-04-04T07:55:15
20212,455,2026-03-12T15:58:27
20213,433,2026-04-10T07:07:48
20214,484,2026-03-04T07:11:02
20215,219,2026-03-13T16:44:10
20216,369,2026-03-01T17:31:07
20217,650,2026-04-08T10:46:36
20218,428,2026-04-13T05:19:02
20219,653,2026-03-10T23:38:40
20220,304,2026-03-28T05:09:06
20221,32,2026-03-18T13:57:32
20222,533,2026-03-03T20:40:33
20223,323,2026-03-02T23:38:46
20224,30,2026-04-26T13:08:44
20225,98,2026-04-08T06:53:26
20226,220,2026-04-09T14:16:58
20227,134,2026-03-18T06:07:14
20228,480,2026-03-16T08:29:59
20229,428,2026-04-17T09:58:59
20230,231,2026-03-27T05:25:48
20231,60,2026-03-07T05:00:32
20232,55,2026-03-30T12:54:02
20233,662,2026-04-01T13:39:27
20234,242,2026-04-04T03:39:27
20235,76,2026-04-02T10:33:23
20236,499,2026-04-21T14:04:02
20237,609,2026-03-15T04:41:55
20238,86,2026-04-05T06:08:38
20239,662,2026-04-23T14:12:03
20240,508,2026-04-27T23:35:09
20241,177,2026-04-27T04:31:48
20242,543,2026-04-13T01:13:39
20243,294,2026-03-07T11:03:10
20244,445,2026-04-29T06:11:15
20245,89,2026-03-02T18:02:07
20246,171,2026-04-03T01:59:39
20247,542,2026-03-27T14:04:04
20248,564,2026-04-10T11:42:43
20249,8,2026-04-16T15:22:22
20250,151,2026-04-14T15:18:17
20251,426,2026-03-14T02:00:23
20252,635,2026-04-15T01:01:59
20253,473,2026-04-15T05:59:25
20254,495,2026-03-02T11:47:13
20255,273,2026-04-08T02:16:58
20256,39,2026-03-08T13:34:05
20257,537,2026-04-03T11:53:16
20258,560,2026-03-14T10:18:35
20259,311,2026-03-22T01:57:33
20260,355,2026-03-17T17:31:24
20261,165,2026-04-21T04:27:20
20262,317,2026-04-24T12:53:49
20263,170,2026-04-17T10:27:03
20264,295,2026-04-13T11:03:30
20265,94,2026-03-22T08:08:40
20266,425,2026-03-09T11:43:15
20267,174,2026-04-04T02:37:47
20268,508,2026-03-25T23:51:31
20269,363,2026-03-17T02:11:25
20270,628,2026-03-15T10:31:51
20271,155,2026-03-10T20:22:06
20272,192,2026-04-19T07:57:14
20273,171,2026-03-20T02:47:48
20274,442,2026-04-25T16:13:07
20275,75,2026-04-10T09:44:01
20276,481,2026-03-10T01:43:52
20277,574,2026-03-04T02:23:00
20278,473,2026-03-25T07:25:51
20279,95,2026-03-05T18:14:48
20280,346,2026-04-27T12:22:51
20281,374,2026-04-24T05:06:03
20282,274,2026-04-09T15:38:16
20283,327,2026-03-18T00:30:11
20284,534,2026-04-22T03:36:47
20285,585,2026-04-08T01:57:16
20286,211,2026-03-22T15:22:15
20287,231,2026-04-22T04:07:35
20288,146,2026-03-13T11:22:37
20289,282,2026-04-04T15:21:29
20290,383,2026-04-11T04:28:07
20291,500,2026-04-24T04:50:25
20292,188,2026-03-09T01:59:25
20293,152,2026-03-18T06:37:31
20294,24,2026-04-20T12:47:54
20295,66,2026-03-30T14:17:21
20296,37,2026-04-15T07:21:01
20297,146,2026-04-16T08:52:06
20298,487,2026-03-19T11:21:09
20299,542,2026-03-20T15:22:52
20300,682,2026-03-30T11:53:38
20301,382,2026-03-02T02:48:17
20302,319,2026-04-17T11:46:47
20303,630,2026-03-07T20:43:58
20304,103,2026-04-26T14:39:26
20305,442,2026-04-16T19:33:47
20306,573,2026-03-22T15:42:45
20307,352,2026-03-05T12:02:16
20308,184,2026-04-17T19:03:58
20309,435,2026-03-27T16:52:56
20310,697,2026-03-12T06:05:41
20311,166,2026-03-26T05:38:58
20312,395,2026-04-24T18:18:26
20313,36,2026-04-11T02:44:42
20314,163,2026-04-11T06:28:37
20315,537,2026-03-31T12:18:35
20316,348,2026-03-10T03:42:18
20317,140,2026-04-26T02:58:21
20318,235,2026-04-14T17:46:05
20319,85,2026-03-31T05:13:29
20320,546,2026-04-13T06:53:08
20321,661,2026-03-22T14:59:30
20322,75,2026-04-14T12:16:26
20323,167,2026-04-28T09:38:08
20324,600,2026-03-21T20:44:16
20325,616,2026-03-01T16:37:53
20326,538,2026-04-14T10:59:02
20327,501,2026-04-21T02:15:12
20328,603,2026-04-18T23:12:22
20329,262,2026-04-28T14:53:44
20330,627,2026-03-21T14:04:51
20331,621,2026-04-25T07:01:46
20332,161,2026-03-12T23:53:04
20333,52,2026-04-05T09:50:22
20334,365,2026-04-23T12:08:54
20335,531,2026-04-24T06:49:44
20336,595,2026-04-07T13:43:09
20337,100,2026-04-02T00:54:24
20338,265,2026-03-28T06:23:27
20339,538,2026-04-22T09:19:12
20340,43,2026-04-22T06:21:53
20341,507,2026-03-15T02:39:44
20342,205,2026-03-09T13:56:04
20343,16,2026-04-18T16:56:13
20344,170,2026-04-18T11:21:35
20345,520,2026-03-06T01:04:43
20346,610,2026-03-30T00:24:45
20347,57,2026-03-31T13:26:56
20348,325,2026-03-03T02:00:34
20349,141,2026-04-09T17:58:11
20350,479,2026-04-28T09:11:02
20351,547,2026-03-13T03:34:04
20352,674,2026-04-16T09:21:32
20353,249,2026-03-05T15:42:38
20354,210,2026-03-13T19:39:08
20355,217,2026-04-03T00:54:23
20356,533,2026-04-25T14:03:24
20357,312,2026-04-23T17:16:20
20358,16,2026-04-26T13:20:13
20359,664,2026-04-29T10:53:18
20360,73,2026-04-18T12:21:45
20361,650,2026-03-22T09:30:40
20362,114,2026-03-08T09:47:48
20363,377,2026-04-19T04:55:53
20364,219,2026-03-12T17:16:12
20365,481,2026-04-01T04:39:22
20366,283,2026-04-15T08:53:38
20367,258,2026-03-03T10:16:33
20368,334,2026-04-24T07:56:48
20369,680,2026-03-19T14:23:55
20370,172,2026-03-13T14:13:26
20371,154,2026-03-23T00:47:38
20372,47,2026-03-28T10:22:55
20373,518,2026-03-28T13:24:32
20374,475,2026-03-10T03:44:13
20375,427,2026-03-12T03:13:48
20376,17,2026-03-29T13:16:07
20377,554,2026-03-14T06:42:41
20378,567,2026-04-08T14:49:09
20379,662,2026-04-23T17:10:16
20380,651,2026-03-02T16:58:54
20381,185,2026-03-03T16:02:13
20382,498,2026-04-08T05:37:37
20383,282,2026-03-02T16:25:29
20384,418,2026-04-08T12:09:07
20385,233,2026-03-30T09:46:36
20386,460,2026-03-28T10:00:23
20387,667,2026-04-06T10:16:57
20388,457,2026-04-23T10:24:18
20389,645,2026-03-08T08:41:35
20390,653,2026-03-09T00:13:52
20391,84,2026-04-10T23:03:28
20392,676,2026-03-04T05:46:21
20393,573,2026-03-26T15:04:23
20394,299,2026-03-30T13:28:05
20395,421,2026-03-24T00:40:45
20396,432,2026-04-01T02:37:00
20397,551,2026-03-07T09:06:47
20398,562,2026-03-17T07:36:34
20399,72,2026-03-01T02:00:00
20400,1,2026-04-27T02:02:09
20401,173,2026-04-19T12:14:05
20402,369,2026-03-16T13:42:59
20403,595,2026-03-03T11:12:04
20404,458,2026-03-17T05:49:54
20405,96,2026-04-27T04:08:01
20406,503,2026-04-18T19:28:31
20407,328,2026-04-09T15:28:34
20408,259,2026-04-25T01:34:41
20409,541,2026-03-11T15:22:27
20410,207,2026-04-02T16:08:11
20411,434,2026-04-17T13:43:16
20412,128,2026-03-02T10:39:01
20413,268,2026-03-27T14:39:50
20414,391,2026-03-22T03:56:01
20415,437,2026-03-11T04:53:37
20416,644,2026-03-14T14:42:34
20417,204,2026-04-28T00:26:17
20418,628,2026-03-31T08:00:10
20419,572,2026-03-05T12:13:35
20420,252,2026-04-10T15:18:42
20421,99,2026-04-05T11:17:28
20422,181,2026-03-24T05:57:42
20423,461,2026-03-24T12:03:36
20424,553,2026-04-02T09:40:57
20425,429,2026-04-25T18:29:16
20426,508,2026-04-15T00:19:46
20427,72,2026-03-25T01:44:22
20428,354,2026-03-15T17:36:33
20429,612,2026-03-07T00:50:29
20430,273,2026-03-12T00:09:20
20431,630,2026-03-09T15:16:41
20432,87,2026-04-18T08:55:57
20433,686,2026-04-04T05:52:26
20434,550,2026-03-03T08:23:11
20435,439,2026-04-25T04:24:26
20436,433,2026-03-10T06:11:11
20437,656,2026-04-08T11:04:31
20438,264,2026-03-01T12:04:37
20439,116,2026-04-05T15:00:28
20440,644,2026-04-03T17:02:59
20441,72,2026-04-24T04:22:14
20442,462,2026-04-06T13:38:04
20443,187,2026-03-30T17:38:41
20444,651,2026-04-01T15:40:59
20445,682,2026-04-07T09:38:03
20446,333,2026-03-25T06:39:23
20447,374,2026-04-12T07:23:33
20448,319,2026-04-01T16:18:38
20449,298,2026-04-28T06:25:52
20450,657,2026-03-11T22:47:41
20451,201,2026-04-13T14:32:54
20452,672,2026-04-19T01:50:33
20453,456,2026-04-13T11:19:12
20454,673,2026-04-28T12:36:55
20455,429,2026-03-27T18:38:22
20456,574,2026-04-02T10:36:19
20457,343,2026-03-10T13:06:40
20458,324,2026-03-23T05:11:44
20459,181,2026-03-10T05:37:41
20460,148,2026-04-17T02:51:32
20461,27,2026-04-16T11:29:41
20462,269,2026-03-12T06:05:46
20463,692,2026-04-18T06:52:12
20464,657,2026-03-19T22:48:51
20465,484,2026-04-13T09:48:32
20466,255,2026-04-26T00:25:23
20467,365,2026-04-19T12:38:21
20468,530,2026-03-12T10:05:00
20469,2,2026-03-11T11:01:28
20470,647,2026-03-07T04:03:47
20471,610,2026-04-19T23:25:56
20472,680,2026-04-02T16:59:07
20473,67,2026-03-10T06:03:42
20474,664,2026-04-05T11:34:16
20475,430,2026-04-01T04:45:06
20476,389,2026-04-05T16:26:34
20477,126,2026-04-08T10:03:02
20478,345,2026-03-10T06:55:11
20479,255,2026-03-24T03:53:15
20480,692,2026-04-13T16:27:51
20481,238,2026-04-24T16:50:09
20482,153,2026-03-15T16:50:16
20483,663,2026-04-04T15:39:58
20484,132,2026-04-26T02:51:19
20485,634,2026-04-06T15:41:16
20486,675,2026-03-13T23:45:43
20487,216,2026-04-05T02:06:02
20488,483,2026-03-02T03:05:06
20489,558,2026-03-30T07:09:22
20490,376,2026-04-04T07:57:39
20491,488,2026-03-04T01:24:00
20492,93,2026-03-13T10:37:01
20493,362,2026-04-28T21:34:02
20494,360,2026-04-07T00:24:41
20495,397,2026-03-28T15:42:43
20496,661,2026-03-14T16:45:23
20497,578,2026-03-08T12:57:07
20498,423,2026-03-26T04:04:45
20499,283,2026-04-02T04:21:42
20500,284,2026-03-11T07:10:03
20501,15,2026-04-18T10:32:43
20502,386,2026-03-26T04:40:54
20503,177,2026-03-04T09:10:40
20504,621,2026-03-09T05:37:20
20505,542,2026-04-21T13:03:13
20506,639,2026-03-21T09:31:23
20507,698,2026-03-23T12:58:20
20508,281,2026-03-11T23:40:10
20509,300,2026-04-18T06:46:56
20510,426,2026-04-18T05:56:07
20511,302,2026-03-15T09:31:17
20512,196,2026-04-12T22:07:03
20513,495,2026-03-28T13:35:35
20514,316,2026-03-11T10:20:06
20515,660,2026-04-17T07:57:45
20516,154,2026-03-05T00:17:33
20517,311,2026-04-22T05:31:30
20518,373,2026-03-02T04:56:43
20519,636,2026-03-20T11:44:54
20520,405,2026-03-14T09:11:06
20521,49,2026-03-15T17:52:40
20522,237,2026-03-28T23:22:07
20523,621,2026-04-15T02:42:05
20524,191,2026-03-24T05:54:05
20525,239,2026-03-31T14:58:15
20526,106,2026-04-28T07:40:29
20527,504,2026-03-30T06:44:12
20528,98,2026-04-17T01:01:13
20529,258,2026-03-24T10:57:57
20530,499,2026-03-05T17:57:08
20531,627,2026-03-16T17:12:05
20532,156,2026-03-10T17:03:25
20533,233,2026-04-24T08:56:40
20534,83,2026-03-02T12:31:35
20535,307,2026-04-19T01:10:38
20536,700,2026-03-09T04:14:10
20537,213,2026-03-10T01:39:24
20538,182,2026-03-31T21:37:46
20539,280,2026-03-05T06:36:20
20540,628,2026-03-05T02:17:35
20541,383,2026-04-16T04:45:07
20542,427,2026-03-04T01:49:45
20543,547,2026-04-05T03:02:58
20544,501,2026-03-08T00:33:19
20545,420,2026-03-06T07:41:05
20546,393,2026-04-10T15:18:23
20547,374,2026-03-24T01:41:51
20548,127,2026-03-02T13:51:58
20549,291,2026-04-10T06:53:32
20550,593,2026-04-27T22:46:36
20551,28,2026-04-03T16:42:39
20552,580,2026-03-23T08:29:09
20553,397,2026-04-20T14:05:11
20554,245,2026-03-20T22:29:42
20555,80,2026-04-05T23:47:26
20556,535,2026-03-29T15:28:44
20557,1,2026-04-13T07:55:23
20558,381,2026-04-01T16:32:57
20559,114,2026-03-29T10:00:46
20560,637,2026-03-26T03:51:32
20561,128,2026-03-18T07:26:48
20562,562,2026-03-30T05:04:35
20563,402,2026-03-04T13:41:14
20564,29,2026-03-21T06:23:18
20565,505,2026-03-05T17:47:10
20566,616,2026-03-20T14:45:33
20567,156,2026-03-22T19:56:38
20568,678,2026-03-02T06:57:02
20569,559,2026-03-18T02:45:26
20570,520,2026-04-10T02:09:49
20571,236,2026-04-28T07:49:45
20572,84,2026-04-07T02:02:41
20573,301,2026-04-12T01:27:17
20574,566,2026-04-10T06:48:40
20575,411,2026-04-25T22:54:14
20576,454,2026-04-26T10:58:40
20577,547,2026-03-07T03:07:48
20578,238,2026-03-29T15:42:13
20579,27,2026-04-24T11:04:44
20580,619,2026-04-22T04:33:02
20581,430,2026-04-02T05:20:38
20582,396,2026-03-27T07:14:31
20583,402,2026-03-04T17:44:57
20584,598,2026-03-29T10:57:32
20585,539,2026-03-31T09:20:01
20586,470,2026-04-07T07:43:51
20587,548,2026-04-01T19:45:15
20588,202,2026-03-13T07:41:40
20589,499,2026-04-28T16:19:46
20590,683,2026-03-14T16:52:19
20591,165,2026-03-23T05:42:02
20592,400,2026-03-31T02:52:31
20593,477,2026-03-18T11:14:24
20594,362,2026-03-05T02:04:31
20595,679,2026-04-06T06:41:54
20596,283,2026-03-15T09:01:42
20597,153,2026-04-22T09:11:13
20598,96,2026-04-17T01:13:45
20599,595,2026-03-26T17:11:17
20600,481,2026-03-28T03:54:37
20601,405,2026-04-26T07:52:15
20602,302,2026-03-02T11:32:51
20603,287,2026-03-23T10:40:29
20604,655,2026-03-04T05:38:19
20605,477,2026-03-09T13:52:59
20606,676,2026-04-25T06:20:49
20607,562,2026-03-07T07:42:11
20608,538,2026-04-27T04:25:02
20609,388,2026-04-17T02:30:51
20610,170,2026-04-08T15:18:50
20611,458,2026-04-14T06:45:15
20612,502,2026-03-12T07:56:18
20613,366,2026-03-08T00:58:40
20614,15,2026-03-23T07:24:41
20615,673,2026-04-15T12:05:27
20616,579,2026-03-19T00:50:42
20617,247,2026-03-11T17:01:18
20618,346,2026-04-17T11:09:22
20619,87,2026-04-08T05:53:28
20620,656,2026-04-02T10:19:13
20621,162,2026-03-25T01:32:48
20622,265,2026-04-16T10:10:45
20623,300,2026-04-14T01:16:31
20624,185,2026-03-22T16:17:18
20625,445,2026-03-08T11:13:30
20626,697,2026-04-22T05:40:19
20627,599,2026-03-09T17:40:14
20628,372,2026-03-26T15:08:38
20629,92,2026-04-23T13:58:11
20630,605,2026-03-26T00:32:41
20631,180,2026-04-19T16:43:40
20632,638,2026-03-30T14:00:00
20633,277,2026-04-14T02:23:10
20634,363,2026-04-05T05:58:30
20635,306,2026-03-17T07:51:01
20636,319,2026-04-23T13:02:49
20637,116,2026-03-29T13:40:34
20638,388,2026-03-28T05:45:24
20639,283,2026-04-09T07:08:24
20640,594,2026-04-25T01:52:21
20641,335,2026-04-22T12:10:39
20642,676,2026-03-24T05:59:37
20643,208,2026-03-14T01:00:03
20644,230,2026-03-20T06:39:11
20645,26,2026-03-16T02:14:49
20646,518,2026-03-18T15:36:55
20647,52,2026-03-26T13:45:50
20648,200,2026-03-02T12:33:13
20649,638,2026-04-01T07:44:50
20650,428,2026-04-20T13:45:41
20651,392,2026-03-26T05:19:12
20652,564,2026-03-05T13:52:40
20653,541,2026-03-24T16:04:46
20654,621,2026-03-21T04:31:42
20655,466,2026-04-05T09:45:57
20656,315,2026-03-16T13:43:50
20657,92,2026-03-19T11:19:42
20658,259,2026-04-14T02:57:31
20659,494,2026-03-11T10:59:36
20660,178,2026-04-25T06:06:54
20661,470,2026-03-18T07:05:24
20662,94,2026-04-19T12:35:36
20663,43,2026-03-05T06:11:21
20664,256,2026-03-20T09:04:57
20665,161,2026-03-23T02:48:53
20666,611,2026-03-28T00:26:05
20667,265,2026-03-06T09:51:09
20668,294,2026-03-15T13:43:50
20669,283,2026-04-22T09:39:36
20670,223,2026-04-25T16:22:37
20671,643,2026-03-27T16:44:09
20672,518,2026-03-08T14:06:53
20673,112,2026-03-17T04:18:45
20674,151,2026-04-27T15:49:21
20675,57,2026-04-25T12:40:53
20676,180,2026-04-18T12:14:39
20677,460,2026-04-21T10:51:52
20678,656,2026-04-12T12:30:30
20679,338,2026-04-07T03:44:24
20680,58,2026-04-16T06:08:45
20681,34,2026-04-08T06:08:04
20682,291,2026-03-21T07:59:39
20683,186,2026-04-08T10:54:56
20684,404,2026-03-18T18:22:53
20685,83,2026-04-07T11:55:18
20686,162,2026-03-23T01:49:25
20687,390,2026-03-30T00:16:13
20688,197,2026-03-11T17:23:34
20689,256,2026-04-27T09:31:39
20690,156,2026-04-14T14:20:51
20691,37,2026-03-07T11:17:50
20692,242,2026-03-29T00:14:33
20693,231,2026-03-28T06:38:17
20694,629,2026-04-23T08:24:25
20695,625,2026-04-15T04:58:22
20696,303,2026-04-22T10:52:28
20697,202,2026-03-29T07:05:16
20698,293,2026-03-10T13:39:46
20699,426,2026-04-13T05:38:40
20700,271,2026-03-14T04:03:56
20701,530,2026-04-08T09:47:03
20702,675,2026-03-25T04:32:12
20703,283,2026-03-21T11:49:00
20704,83,2026-03-08T14:29:14
20705,85,2026-04-18T01:25:06
20706,611,2026-04-11T01:41:11
20707,292,2026-03-21T10:45:33
20708,230,2026-04-14T14:45:11
20709,434,2026-04-29T14:28:34
20710,670,2026-04-13T10:33:03
20711,298,2026-04-26T05:59:40
20712,221,2026-03-29T02:52:47
20713,604,2026-03-23T07:23:49
20714,59,2026-04-20T06:38:20
20715,591,2026-04-09T09:09:19
20716,365,2026-04-06T08:20:25
20717,15,2026-04-08T10:32:53
20718,160,2026-04-29T07:22:51
20719,476,2026-04-11T06:55:31
20720,528,2026-04-18T18:51:54
20721,137,2026-03-03T15:01:16
20722,461,2026-04-13T12:15:32
20723,693,2026-03-20T01:09:11
20724,481,2026-03-08T04:08:05
20725,492,2026-03-17T02:32:41
20726,136,2026-04-19T10:45:27
20727,447,2026-04-19T06:43:34
20728,497,2026-03-19T13:25:54
20729,78,2026-03-12T12:24:29
20730,218,2026-03-26T01:13:54
20731,618,2026-03-20T03:51:34
20732,700,2026-03-28T02:49:19
20733,122,2026-04-17T05:22:04
20734,513,2026-03-20T09:11:58
20735,352,2026-03-11T09:28:47
20736,414,2026-03-07T05:43:19
20737,358,2026-04-11T09:16:42
20738,607,2026-03-12T04:20:48
20739,312,2026-03-14T12:08:01
20740,413,2026-04-18T08:42:56
20741,469,2026-03-06T10:52:08
20742,387,2026-04-09T13:46:07
20743,616,2026-03-01T14:48:26
20744,167,2026-04-26T11:09:17
20745,664,2026-04-12T11:52:23
20746,475,2026-04-19T05:49:33
20747,673,2026-04-09T14:19:25
20748,263,2026-03-25T15:37:22
20749,336,2026-04-29T05:04:32
20750,31,2026-04-17T16:51:58
20751,647,2026-03-06T02:00:41
20752,572,2026-04-04T03:01:24
20753,208,2026-04-02T06:36:41
20754,37,2026-03-18T08:45:50
20755,488,2026-03-28T03:49:02
20756,471,2026-04-28T07:59:11
20757,370,2026-03-06T02:01:59
20758,110,2026-04-25T11:42:58
20759,643,2026-04-12T13:19:42
20760,303,2026-03-07T06:55:43
20761,508,2026-03-19T02:17:54
20762,602,2026-04-20T07:24:00
20763,384,2026-04-12T13:17:31
20764,67,2026-03-05T04:42:10
20765,622,2026-03-09T01:54:57
20766,468,2026-04-25T11:34:06
20767,627,2026-03-10T19:20:07
20768,429,2026-04-07T16:20:35
20769,636,2026-04-29T09:41:19
20770,608,2026-03-10T19:37:50
20771,151,2026-03-03T12:14:17
20772,121,2026-04-19T05:21:47
20773,113,2026-04-26T04:56:23
20774,560,2026-03-31T10:56:34
20775,169,2026-03-14T00:23:58
20776,316,2026-03-04T04:47:37
20777,552,2026-04-24T01:04:11
20778,301,2026-04-17T03:52:56
20779,44,2026-04-23T07:19:56
20780,254,2026-04-17T08:38:27
20781,67,2026-03-26T05:36:22
20782,270,2026-03-29T14:50:45
20783,516,2026-03-23T15:57:33
20784,364,2026-04-13T12:22:05
20785,473,2026-03-07T06:32:19
20786,75,2026-03-03T12:39:05
20787,526,2026-04-27T09:35:17
20788,298,2026-03-20T04:20:10
20789,201,2026-03-03T14:22:58
20790,457,2026-04-10T08:35:57
20791,95,2026-03-24T15:56:01
20792,349,2026-03-14T11:04:45
20793,296,2026-03-27T11:13:48
20794,117,2026-03-27T23:47:54
20795,667,2026-04-06T10:35:53
20796,255,2026-04-25T04:25:20
20797,29,2026-04-22T05:21:29
20798,311,2026-04-19T03:59:10
20799,677,2026-03-30T07:53:51
20800,469,2026-04-03T07:51:03
20801,446,2026-03-08T01:17:30
20802,631,2026-04-04T07:36:26
20803,59,2026-04-10T10:57:20
20804,386,2026-04-23T02:15:58
20805,225,2026-03-03T06:12:28
20806,474,2026-04-21T15:37:02
20807,597,2026-04-01T04:11:50
20808,55,2026-03-06T13:45:55
20809,111,2026-04-29T12:51:20
20810,669,2026-03-28T05:28:16
20811,345,2026-03-25T10:59:42
20812,221,2026-03-12T04:35:03
20813,107,2026-03-05T09:24:39
20814,249,2026-03-05T15:52:10
20815,4,2026-03-17T01:37:13
20816,156,2026-03-18T12:08:05
20817,129,2026-03-28T09:51:38
20818,60,2026-04-06T04:29:40
20819,679,2026-04-29T10:20:27
20820,554,2026-04-17T06:51:57
20821,659,2026-03-30T19:46:04
20822,169,2026-04-24T08:23:59
20823,202,2026-04-03T11:59:48
20824,198,2026-03-26T15:53:04
20825,391,2026-03-14T07:10:25
20826,128,2026-03-26T03:33:32
20827,165,2026-03-03T04:38:36
20828,683,2026-03-10T16:24:26
20829,247,2026-04-26T12:31:18
20830,547,2026-03-12T01:59:16
20831,161,2026-04-04T04:34:35
20832,651,2026-03-07T16:09:32
20833,486,2026-04-06T07:51:23
20834,604,2026-04-28T10:20:14
20835,362,2026-03-28T04:10:30
20836,635,2026-03-08T05:13:14
20837,254,2026-03-02T06:49:25
20838,336,2026-04-15T06:58:57
20839,44,2026-03-07T03:11:44
20840,120,2026-03-20T13:09:44
20841,540,2026-04-20T12:58:03
20842,229,2026-04-02T10:07:45
20843,72,2026-04-22T06:33:37
20844,205,2026-04-22T10:15:30
20845,247,2026-04-09T15:11:16
20846,502,2026-04-26T09:36:25
20847,64,2026-03-03T17:10:21
20848,18,2026-03-15T06:15:22
20849,507,2026-03-17T04:38:48
20850,100,2026-04-24T08:19:08
20851,294,2026-04-07T09:59:37
20852,479,2026-03-16T13:32:58
20853,360,2026-03-13T07:06:10
20854,87,2026-04-18T10:38:40
20855,506,2026-04-21T08:36:06
20856,34,2026-03-01T08:34:30
20857,163,2026-03-22T07:57:19
20858,77,2026-04-02T10:36:37
20859,359,2026-03-15T10:45:45
20860,484,2026-04-13T08:40:59
20861,455,2026-04-15T11:15:05
20862,98,2026-04-20T02:52:15
20863,241,2026-04-17T11:40:42
20864,103,2026-04-20T16:40:52
20865,240,2026-03-22T02:04:22
20866,162,2026-03-18T03:43:06
20867,519,2026-03-19T15:05:05
20868,526,2026-04-21T08:23:00
20869,573,2026-04-08T15:33:04
20870,141,2026-03-20T14:56:54
20871,10,2026-04-13T06:10:59
20872,25,2026-03-14T22:48:05
20873,591,2026-03-16T02:32:59
20874,635,2026-03-01T01:34:41
20875,149,2026-04-27T11:54:32
20876,614,2026-03-15T12:26:28
20877,371,2026-04-15T06:08:15
20878,130,2026-03-08T17:01:24
20879,220,2026-03-03T17:21:58
20880,186,2026-04-10T13:59:59
20881,535,2026-03-06T17:13:39
20882,132,2026-03-08T23:08:19
20883,129,2026-03-20T05:02:21
20884,504,2026-04-05T06:30:05
20885,212,2026-03-02T12:21:15
20886,176,2026-03-08T12:20:14
20887,566,2026-03-21T07:35:58
20888,653,2026-04-11T23:19:57
20889,389,2026-03-06T14:03:37
20890,580,2026-03-18T07:25:56
20891,589,2026-03-12T03:44:34
20892,412,2026-03-19T03:34:17
20893,581,2026-03-16T02:56:31
20894,7,2026-04-08T10:00:32
20895,25,2026-03-05T02:03:17
20896,619,2026-04-26T02:09:35
20897,99,2026-03-15T14:02:53
20898,510,2026-04-29T11:36:58
20899,295,2026-04-13T09:37:55
20900,552,2026-03-22T00:44:37
20901,466,2026-03-19T12:12:37
20902,51,2026-04-26T17:40:50
20903,236,2026-04-29T07:10:18
20904,496,2026-04-06T17:59:08
20905,646,2026-03-03T04:15:01
20906,564,2026-04-24T14:02:29
20907,625,2026-03-29T06:11:08
20908,670,2026-03-02T04:30:45
20909,626,2026-04-18T01:42:12
20910,407,2026-03-02T14:25:02
20911,236,2026-03-23T03:19:23
20912,356,2026-03-05T15:11:25
20913,557,2026-03-27T02:07:32
20914,298,2026-04-18T06:53:56
20915,582,2026-03-08T05:44:30
20916,491,2026-03-09T15:08:46
20917,147,2026-04-27T00:09:44
20918,645,2026-03-11T07:30:08
20919,593,2026-03-07T01:21:14
20920,420,2026-04-05T05:11:29
20921,136,2026-03-17T05:26:18
20922,160,2026-04-26T23:26:27
20923,588,2026-03-10T12:34:12
20924,13,2026-04-04T11:47:07
20925,339,2026-04-25T04:16:23
20926,434,2026-04-13T14:42:18
20927,163,2026-03-02T05:43:34
20928,606,2026-03-12T08:42:10
20929,366,2026-03-08T01:55:37
20930,47,2026-04-24T07:12:59
20931,225,2026-03-13T08:44:26
20932,279,2026-03-04T01:01:30
20933,156,2026-03-23T14:20:04
20934,659,2026-03-17T17:43:09
20935,253,2026-03-10T16:55:01
20936,352,2026-03-28T14:06:28
20937,375,2026-04-24T15:43:29
20938,155,2026-03-14T16:23:05
20939,398,2026-04-27T22:32:25
20940,248,2026-04-09T18:50:50
20941,8,2026-03-23T15:51:51
20942,286,2026-04-10T06:24:38
20943,409,2026-03-21T14:52:45
20944,83,2026-03-13T12:27:31
20945,546,2026-03-15T05:13:19
20946,463,2026-03-01T07:57:43
20947,217,2026-04-08T05:21:50
20948,415,2026-03-05T18:54:18
20949,213,2026-03-12T00:55:24
20950,454,2026-03-01T14:05:24
20951,108,2026-03-04T15:42:42
20952,428,2026-04-24T08:52:05
20953,39,2026-03-02T15:12:44
20954,12,2026-04-07T00:29:14
20955,179,2026-03-20T13:59:27
20956,123,2026-03-09T04:47:01
20957,344,2026-03-18T17:20:48
20958,116,2026-03-06T17:21:06
20959,172,2026-03-19T13:06:14
20960,69,2026-04-19T20:57:39
20961,621,2026-04-07T05:52:20
20962,515,2026-04-18T16:47:13
20963,153,2026-04-11T13:24:33
20964,85,2026-04-25T04:26:00
20965,596,2026-03-06T21:22:21
20966,468,2026-03-10T15:21:11
20967,621,2026-03-25T01:03:33
20968,125,2026-04-01T06:12:18
20969,252,2026-04-17T11:36:40
20970,83,2026-03-08T11:16:08
20971,297,2026-03-07T09:09:04
20972,114,2026-04-17T12:26:12
20973,3,2026-04-02T04:48:51
20974,356,2026-03-25T19:21:58
20975,686,2026-03-14T07:45:04
20976,452,2026-04-11T08:38:01
20977,530,2026-04-18T12:19:09
20978,569,2026-03-02T12:38:33
20979,681,2026-03-04T11:30:55
20980,90,2026-04-16T00:11:47
20981,176,2026-04-23T14:25:14
20982,432,2026-03-13T21:15:58
20983,575,2026-04-12T18:32:16
20984,542,2026-04-20T14:02:21
20985,510,2026-03-07T15:04:49
20986,219,2026-03-12T13:22:18
20987,256,2026-03-08T09:30:44
20988,56,2026-04-17T11:28:25
20989,220,2026-04-16T15:04:50
20990,110,2026-03-09T07:06:37
20991,657,2026-03-11T03:06:55
20992,65,2026-04-09T16:05:26
20993,255,2026-04-23T03:49:22
20994,622,2026-04-16T08:16:19
20995,670,2026-03-11T06:47:32
20996,264,2026-03-24T11:29:54
20997,326,2026-03-03T23:59:09
20998,367,2026-03-15T05:59:24
20999,576,2026-04-03T15:36:14
21000,539,2026-03-21T04:54:11
21001,367,2026-04-06T06:24:40
21002,261,2026-03-18T16:23:59
21003,261,2026-04-03T12:07:59
21004,455,2026-04-07T14:33:33
21005,585,2026-03-12T00:39:00
21006,54,2026-03-03T11:33:51
21007,539,2026-03-21T09:13:42
21008,337,2026-03-03T06:20:19
21009,102,2026-03-10T03:15:52
21010,68,2026-03-18T10:51:13
21011,236,2026-03-21T04:08:35
21012,174,2026-03-17T02:17:11
21013,73,2026-03-04T08:19:30
21014,206,2026-03-11T01:25:45
21015,584,2026-04-22T07:18:43
21016,503,2026-04-13T16:54:57
21017,147,2026-03-26T22:30:45
21018,472,2026-03-02T01:20:56
21019,317,2026-03-22T11:20:52
21020,523,2026-04-24T23:30:42
21021,174,2026-04-18T00:21:21
21022,44,2026-04-15T03:52:43
21023,219,2026-03-15T16:07:02
21024,696,2026-03-25T14:19:15
21025,390,2026-03-02T01:25:28
21026,39,2026-04-21T18:57:22
21027,683,2026-03-07T11:17:17
21028,579,2026-04-07T02:12:03
21029,381,2026-03-17T14:23:54
21030,519,2026-04-04T11:41:33
21031,130,2026-04-19T17:59:26
21032,415,2026-03-19T17:03:57
21033,640,2026-03-02T10:38:45
21034,308,2026-04-09T02:32:39
21035,28,2026-04-01T15:20:24
21036,530,2026-03-09T10:09:25
21037,512,2026-03-03T06:39:25
21038,518,2026-04-01T08:37:18
21039,454,2026-04-06T14:07:56
21040,97,2026-03-07T01:37:29
21041,81,2026-04-05T04:30:28
21042,555,2026-03-27T00:24:20
21043,599,2026-03-09T18:31:23
21044,55,2026-04-06T18:55:55
21045,407,2026-04-08T13:26:47
21046,351,2026-03-10T06:53:42
21047,246,2026-04-10T12:01:39
21048,452,2026-03-14T06:44:15
21049,640,2026-04-05T12:44:08
21050,576,2026-04-18T11:43:26
21051,108,2026-04-26T12:22:38
21052,325,2026-03-16T02:04:00
21053,656,2026-03-21T08:03:00
21054,166,2026-03-06T10:19:01
21055,598,2026-04-28T12:07:01
21056,344,2026-03-20T14:12:26
21057,365,2026-04-18T08:01:30
21058,176,2026-04-26T15:23:26
21059,644,2026-03-29T18:54:05
21060,371,2026-04-11T07:06:00
21061,403,2026-03-29T14:21:37
21062,324,2026-04-04T04:19:22
21063,63,2026-03-15T01:26:07
21064,547,2026-04-20T05:34:16
21065,231,2026-03-08T05:55:15
21066,169,2026-04-09T06:09:16
21067,548,2026-04-25T17:18:09
21068,140,2026-04-18T05:06:20
21069,478,2026-04-15T07:02:09
21070,332,2026-04-09T11:42:35
21071,560,2026-04-26T09:17:24
21072,36,2026-04-21T01:14:43
21073,543,2026-03-17T03:26:46
21074,161,2026-04-06T23:28:23
21075,610,2026-03-26T03:26:53
21076,248,2026-03-16T15:50:58
21077,5,2026-04-19T04:40:26
21078,342,2026-03-03T12:22:34
21079,39,2026-03-08T16:11:26
21080,189,2026-03-07T13:05:41
21081,502,2026-03-13T08:42:06
21082,393,2026-03-31T15:47:27
21083,497,2026-04-26T16:41:29
21084,615,2026-04-28T14:44:56
21085,328,2026-04-24T09:38:50
21086,381,2026-04-15T11:36:32
21087,41,2026-03-28T05:57:34
21088,201,2026-04-16T17:32:44
21089,507,2026-03-17T02:54:03
21090,44,2026-04-09T02:45:31
21091,252,2026-03-01T14:26:28
21092,96,2026-04-24T05:21:52
21093,601,2026-04-28T02:09:43
21094,393,2026-04-14T14:19:45
21095,452,2026-03-11T07:31:04
21096,479,2026-03-16T12:37:49
21097,158,2026-04-14T00:50:40
21098,35,2026-03-30T07:09:03
21099,279,2026-04-02T05:09:38
21100,130,2026-03-25T17:37:34
21101,226,2026-04-20T02:00:08
21102,224,2026-03-10T04:52:31
21103,548,2026-03-27T16:12:49
21104,224,2026-03-14T06:30:23
21105,106,2026-04-11T06:04:15
21106,671,2026-03-18T12:04:16
21107,35,2026-03-18T06:53:43
21108,143,2026-03-11T12:39:49
21109,244,2026-04-21T12:56:46
21110,44,2026-03-14T02:52:17
21111,630,2026-04-22T20:59:26
21112,248,2026-04-24T16:11:34
21113,548,2026-04-27T14:43:42
21114,95,2026-03-21T17:36:29
21115,366,2026-04-09T00:12:39
21116,89,2026-04-19T20:11:30
21117,163,2026-03-05T08:23:02
21118,286,2026-03-04T10:49:56
21119,604,2026-03-13T10:27:16
21120,215,2026-04-28T04:15:53
21121,529,2026-03-06T03:34:28
21122,65,2026-04-15T19:37:35
21123,177,2026-04-20T06:37:52
21124,424,2026-04-24T13:35:12
21125,328,2026-04-01T13:22:06
21126,352,2026-04-01T15:22:11
21127,475,2026-04-14T02:22:49
21128,54,2026-04-08T17:54:06
21129,487,2026-04-17T16:25:38
21130,604,2026-03-22T08:54:27
21131,537,2026-04-26T11:18:05
21132,200,2026-03-26T12:20:11
21133,246,2026-03-15T09:21:49
21134,673,2026-04-15T15:20:26
21135,553,2026-04-07T06:19:35
21136,653,2026-03-03T04:39:20
21137,640,2026-03-10T07:57:31
21138,304,2026-03-03T06:17:01
21139,91,2026-04-04T10:18:59
21140,160,2026-04-22T05:18:47
21141,206,2026-03-20T00:14:36
21142,585,2026-03-07T00:01:57
21143,194,2026-04-21T05:00:57
21144,253,2026-04-13T18:05:24
21145,596,2026-04-02T03:08:58
21146,115,2026-03-12T06:39:18
21147,465,2026-04-10T13:07:51
21148,387,2026-03-22T14:19:02
21149,690,2026-03-15T10:27:21
21150,343,2026-03-18T15:04:01
21151,365,2026-03-04T08:28:49
21152,596,2026-03-30T08:55:38
21153,695,2026-04-14T22:00:03
21154,511,2026-04-19T07:17:32
21155,489,2026-04-13T08:05:13
21156,614,2026-04-22T11:12:47
21157,686,2026-04-27T05:50:11
21158,515,2026-03-14T16:31:32
21159,205,2026-03-27T14:20:40
21160,450,2026-03-21T08:49:11
21161,166,2026-04-11T02:55:03
21162,351,2026-04-20T08:52:51
21163,312,2026-04-23T15:30:06
21164,692,2026-03-06T05:18:53
21165,389,2026-03-31T15:30:14
21166,672,2026-03-08T05:44:46
21167,566,2026-03-20T04:26:37
21168,595,2026-03-29T11:31:57
21169,119,2026-04-07T05:46:25
21170,543,2026-04-17T03:35:52
21171,177,2026-04-29T05:45:29
21172,405,2026-03-21T09:26:28
21173,341,2026-04-03T02:48:51
21174,182,2026-03-04T23:10:50
21175,690,2026-03-07T09:41:02
21176,613,2026-04-28T17:49:43
21177,402,2026-04-26T16:25:52
21178,8,2026-04-26T17:32:29
21179,129,2026-03-16T10:36:36
21180,160,2026-04-09T06:24:24
21181,681,2026-03-14T13:28:53
21182,283,2026-04-10T06:40:41
21183,33,2026-03-30T04:44:47
21184,411,2026-04-26T04:25:04
21185,666,2026-03-23T11:53:08
21186,393,2026-04-08T14:50:40
21187,311,2026-04-09T04:43:05
21188,124,2026-04-17T11:08:25
21189,616,2026-03-04T17:23:54
21190,74,2026-03-28T10:01:22
21191,654,2026-03-28T08:55:02
21192,156,2026-03-14T15:34:28
21193,97,2026-04-18T05:19:08
21194,245,2026-04-19T05:15:56
21195,4,2026-03-05T02:40:44
21196,10,2026-04-11T09:07:58
21197,131,2026-04-21T02:21:26
21198,485,2026-03-18T06:01:58
21199,571,2026-04-07T04:44:46
21200,174,2026-04-06T22:46:38
21201,452,2026-03-02T08:44:22
21202,246,2026-04-18T16:57:48
21203,304,2026-04-15T08:29:58
21204,235,2026-03-17T08:36:09
21205,625,2026-03-19T03:51:47
21206,359,2026-04-16T10:46:31
21207,355,2026-04-18T16:27:22
21208,602,2026-03-05T09:50:18
21209,461,2026-03-22T10:46:12
21210,105,2026-04-07T18:48:10
21211,133,2026-03-08T16:29:13
21212,239,2026-04-29T15:19:42
21213,69,2026-03-13T16:46:17
21214,485,2026-04-21T06:00:00
21215,347,2026-03-04T04:52:11
21216,31,2026-04-22T12:37:51
21217,281,2026-03-03T04:49:23
21218,581,2026-04-10T09:56:59
21219,635,2026-03-22T01:43:18
21220,674,2026-03-28T11:53:19
21221,646,2026-03-07T08:38:28
21222,426,2026-04-10T03:00:07
21223,650,2026-04-07T12:22:09
21224,670,2026-03-20T09:54:47
21225,445,2026-03-29T07:13:15
21226,290,2026-04-03T17:00:48
21227,677,2026-04-11T03:25:17
21228,291,2026-04-02T11:31:46
21229,117,2026-03-03T19:29:12
21230,75,2026-04-02T16:51:42
21231,398,2026-03-21T01:10:13
21232,25,2026-03-25T02:24:47
21233,84,2026-03-22T23:35:17
21234,172,2026-03-22T16:41:51
21235,371,2026-03-15T05:50:31
21236,335,2026-03-20T07:13:02
21237,358,2026-04-12T11:53:43
21238,356,2026-03-14T17:58:59
21239,696,2026-04-15T13:59:12
21240,153,2026-03-27T11:02:45
21241,332,2026-04-06T12:22:16
21242,429,2026-03-08T19:37:32
21243,192,2026-03-13T08:17:11
21244,127,2026-04-24T10:02:23
21245,33,2026-04-19T04:15:43
21246,229,2026-03-05T06:02:59
21247,178,2026-04-24T01:44:16
21248,137,2026-04-20T12:16:05
21249,190,2026-03-09T10:39:42
21250,488,2026-03-14T23:00:46
21251,580,2026-03-11T08:47:21
21252,362,2026-04-21T05:12:08
21253,47,2026-04-21T03:14:14
21254,516,2026-04-13T14:09:33
21255,107,2026-03-16T11:04:07
21256,41,2026-04-25T08:54:27
21257,398,2026-04-19T22:56:18
21258,298,2026-04-22T06:02:06
21259,219,2026-03-22T16:16:02
21260,677,2026-04-12T03:36:10
21261,64,2026-04-10T19:33:44
21262,38,2026-03-10T07:40:21
21263,412,2026-04-04T05:54:18
21264,293,2026-04-02T13:49:19
21265,562,2026-04-05T08:18:00
21266,29,2026-03-21T06:22:14
21267,294,2026-04-10T12:20:49
21268,103,2026-04-23T13:10:29
21269,29,2026-04-06T05:34:42
21270,324,2026-04-22T07:07:35
21271,515,2026-04-16T12:06:01
21272,111,2026-03-19T12:08:42
21273,590,2026-04-14T11:44:29
21274,364,2026-04-10T07:31:19
21275,337,2026-04-26T10:18:04
21276,646,2026-03-21T07:35:38
21277,231,2026-03-10T07:43:34
21278,141,2026-04-10T18:47:36
21279,551,2026-04-07T12:27:35
21280,76,2026-04-06T06:48:42
21281,611,2026-04-13T22:19:47
21282,578,2026-03-31T07:50:57
21283,684,2026-03-02T05:11:58
21284,323,2026-04-22T02:09:54
21285,436,2026-03-17T10:45:59
21286,618,2026-03-15T03:44:50
21287,93,2026-04-18T17:52:23
21288,215,2026-04-17T01:04:42
21289,331,2026-03-31T09:54:34
21290,440,2026-04-11T06:52:16
21291,476,2026-03-05T06:33:00
21292,647,2026-03-17T08:31:08
21293,343,2026-03-15T14:09:58
21294,121,2026-03-26T07:38:41
21295,133,2026-03-22T16:46:52
21296,561,2026-03-05T07:37:35
21297,323,2026-04-11T05:13:09
21298,443,2026-04-05T02:33:34
21299,395,2026-03-23T17:09:55
21300,570,2026-04-23T15:31:42
21301,153,2026-03-22T09:52:17
21302,120,2026-03-08T13:55:37
21303,514,2026-04-20T04:43:37
21304,304,2026-03-08T08:20:13
21305,572,2026-03-05T07:20:29
21306,91,2026-03-29T06:46:54
21307,191,2026-04-04T02:00:33
21308,673,2026-03-17T14:21:52
21309,591,2026-04-20T09:33:41
21310,44,2026-03-17T03:02:07
21311,572,2026-04-27T08:48:32
21312,46,2026-04-08T08:22:35
21313,85,2026-03-12T03:50:39
21314,629,2026-03-25T08:09:54
21315,89,2026-03-05T15:02:22
21316,211,2026-04-20T13:26:40
21317,95,2026-04-08T16:57:50
21318,418,2026-03-26T07:04:31
21319,41,2026-04-10T04:07:02
21320,202,2026-04-06T10:47:54
21321,229,2026-04-05T13:06:13
21322,455,2026-03-24T13:35:46
21323,348,2026-03-22T03:02:44
21324,135,2026-03-16T18:02:39
21325,326,2026-04-17T04:23:46
21326,322,2026-03-29T01:38:25
21327,248,2026-03-29T14:35:06
21328,374,2026-04-13T07:57:46
21329,229,2026-04-01T08:03:33
21330,234,2026-04-27T10:03:52
21331,549,2026-03-15T14:46:19
21332,177,2026-03-03T05:21:09
21333,231,2026-03-26T08:12:10
21334,99,2026-04-01T13:53:41
21335,489,2026-04-19T08:19:05
21336,495,2026-04-08T08:02:41
21337,475,2026-04-26T04:01:14
21338,118,2026-03-06T11:55:08
21339,317,2026-04-02T16:09:20
21340,205,2026-04-19T11:59:50
21341,535,2026-03-31T17:11:03
21342,236,2026-03-17T01:23:51
21343,292,2026-04-16T08:03:54
21344,319,2026-04-22T14:27:08
21345,533,2026-03-16T14:57:21
21346,492,2026-04-02T23:59:43
21347,574,2026-04-18T08:22:27
21348,300,2026-03-10T02:03:14
21349,574,2026-03-01T07:41:31
21350,610,2026-04-13T22:19:13
21351,367,2026-04-15T05:52:00
21352,476,2026-03-10T11:03:07
21353,637,2026-04-05T03:05:54
21354,587,2026-04-13T02:44:41
21355,194,2026-04-27T02:39:49
21356,502,2026-04-18T11:39:54
21357,313,2026-03-14T05:32:10
21358,105,2026-04-04T18:51:34
21359,261,2026-04-13T14:40:20
21360,685,2026-03-17T13:11:15
21361,671,2026-03-10T12:48:21
21362,551,2026-03-27T11:32:11
21363,694,2026-04-12T21:10:33
21364,401,2026-04-01T05:42:10
21365,531,2026-04-06T09:40:06
21366,116,2026-04-09T18:16:12
21367,210,2026-04-27T15:11:37
21368,121,2026-04-08T03:53:33
21369,657,2026-03-09T02:51:49
21370,431,2026-03-25T19:11:59
21371,653,2026-03-10T23:41:13
21372,292,2026-04-15T09:07:56
21373,283,2026-04-29T09:54:16
21374,474,2026-04-16T15:16:05
21375,398,2026-03-15T05:10:48
21376,261,2026-04-11T18:47:12
21377,223,2026-03-02T10:57:16
21378,359,2026-03-17T09:42:40
21379,53,2026-03-19T03:53:48
21380,132,2026-03-29T01:53:41
21381,31,2026-03-20T15:17:08
21382,109,2026-03-26T15:37:12
21383,140,2026-03-01T03:41:31
21384,53,2026-04-19T01:55:57
21385,39,2026-03-24T13:32:10
21386,574,2026-04-18T05:32:35
21387,128,2026-03-04T07:49:59
21388,389,2026-04-21T15:55:31
21389,69,2026-04-07T16:03:15
21390,663,2026-03-14T15:52:49
21391,168,2026-04-15T19:23:10
21392,525,2026-04-14T18:28:22
21393,449,2026-04-13T14:25:11
21394,539,2026-04-22T07:00:42
21395,441,2026-04-27T10:34:58
21396,357,2026-03-10T00:59:55
21397,541,2026-03-17T13:43:04
21398,571,2026-03-03T04:29:56
21399,266,2026-03-04T12:01:35
21400,660,2026-03-07T12:44:02
21401,692,2026-04-11T06:40:07
21402,506,2026-04-06T09:27:04
21403,651,2026-03-03T12:21:27
21404,74,2026-03-26T10:21:42
21405,379,2026-03-07T12:12:27
21406,456,2026-03-12T16:21:00
21407,650,2026-03-04T12:09:18
21408,85,2026-04-01T05:21:39
21409,565,2026-03-05T06:56:29
21410,55,2026-04-17T13:34:49
21411,251,2026-04-25T17:34:45
21412,486,2026-04-21T01:48:05
21413,204,2026-04-19T04:52:42
21414,585,2026-04-15T00:34:01
21415,652,2026-04-24T09:21:02
21416,112,2026-04-23T00:31:30
21417,181,2026-03-13T04:52:58
21418,52,2026-04-06T10:18:59
21419,498,2026-03-19T04:58:45
21420,621,2026-04-20T05:27:32
21421,422,2026-03-01T17:43:44
21422,93,2026-03-26T13:10:58
21423,122,2026-03-23T10:59:59
21424,25,2026-04-21T04:44:42
21425,343,2026-03-18T14:53:11
21426,505,2026-04-23T19:46:18
21427,106,2026-03-30T10:25:20
21428,594,2026-04-11T00:14:14
21429,177,2026-04-01T08:48:57
21430,361,2026-03-26T09:34:36
21431,468,2026-03-19T14:14:24
21432,378,2026-03-17T13:17:19
21433,335,2026-04-08T00:11:49
21434,236,2026-03-20T02:58:14
21435,302,2026-04-21T09:42:43
21436,167,2026-03-08T08:17:23
21437,207,2026-03-13T17:12:03
21438,529,2026-03-03T06:51:31
21439,618,2026-04-21T05:43:06
21440,595,2026-03-25T09:42:55
21441,232,2026-03-03T00:03:12
21442,225,2026-03-03T09:57:57
21443,41,2026-04-25T09:26:39
21444,192,2026-04-22T02:43:43
21445,410,2026-03-17T03:10:07
21446,188,2026-04-08T02:36:14
21447,514,2026-03-16T06:05:00
21448,36,2026-04-20T03:27:27
21449,289,2026-04-12T18:14:17
21450,197,2026-03-27T14:28:05
21451,347,2026-04-25T05:52:18
21452,18,2026-03-14T10:00:34
21453,294,2026-04-29T10:27:32
21454,552,2026-03-18T02:59:38
21455,600,2026-04-23T16:58:49
21456,180,2026-04-21T11:34:23
21457,301,2026-04-02T23:39:52
21458,484,2026-03-08T07:35:13
21459,325,2026-04-15T00:27:31
21460,381,2026-04-11T12:10:59
21461,240,2026-04-21T07:48:00
21462,587,2026-03-14T02:25:02
21463,443,2026-03-15T02:52:32
21464,673,2026-03-22T13:13:43
21465,546,2026-03-23T03:11:08
21466,258,2026-03-01T09:13:41
21467,230,2026-03-10T12:39:02
21468,62,2026-03-29T09:32:33
21469,436,2026-04-28T12:39:12
21470,525,2026-03-08T14:14:11
21471,248,2026-03-15T15:21:58
21472,15,2026-04-21T11:39:51
21473,578,2026-03-03T08:30:21
21474,157,2026-03-06T09:22:36
21475,408,2026-04-23T06:19:58
21476,38,2026-03-16T07:22:40
21477,44,2026-03-19T07:16:43
21478,629,2026-03-01T08:42:42
21479,471,2026-03-25T08:09:30
21480,4,2026-04-29T02:40:07
21481,71,2026-04-29T15:04:01
21482,345,2026-04-08T06:24:27
21483,477,2026-04-10T12:29:34
21484,297,2026-04-08T08:55:47
21485,611,2026-04-11T00:39:01
21486,457,2026-04-01T14:19:23
21487,430,2026-03-13T07:22:21
21488,203,2026-04-22T08:43:43
21489,478,2026-04-22T03:52:33
21490,612,2026-03-09T01:47:22
21491,35,2026-03-06T06:54:43
21492,515,2026-04-17T16:13:48
21493,616,2026-03-03T12:29:37
21494,303,2026-04-18T12:28:50
21495,537,2026-04-28T15:25:32
21496,251,2026-03-03T15:01:50
21497,136,2026-04-17T07:13:43
21498,572,2026-03-08T13:19:39
21499,218,2026-03-18T06:24:29
21500,530,2026-04-02T09:16:30
21501,221,2026-04-10T00:21:40
21502,280,2026-03-06T07:46:51
21503,480,2026-03-07T12:19:43
21504,239,2026-03-17T18:13:22
21505,566,2026-04-10T06:27:02
21506,28,2026-03-25T16:01:57
21507,9,2026-03-17T18:13:15
21508,58,2026-03-10T02:01:49
21509,180,2026-04-28T15:04:05
21510,38,2026-04-12T07:45:16
21511,267,2026-04-29T14:01:01
21512,18,2026-03-30T08:08:22
21513,530,2026-04-19T11:10:05
21514,108,2026-04-08T13:38:53
21515,681,2026-04-01T13:19:24
21516,600,2026-03-29T15:12:15
21517,487,2026-03-31T15:44:18
21518,559,2026-03-25T01:13:04
21519,543,2026-04-07T22:56:12
21520,592,2026-03-30T05:48:04
21521,389,2026-04-28T13:53:00
21522,437,2026-04-22T22:40:51
21523,329,2026-03-28T10:16:40
21524,437,2026-03-24T03:39:22
21525,267,2026-04-15T14:45:15
21526,87,2026-04-08T06:55:12
21527,652,2026-03-14T07:03:22
21528,490,2026-04-20T12:52:16
21529,494,2026-04-10T12:48:48
21530,197,2026-04-07T15:50:35
21531,540,2026-04-16T09:12:05
21532,364,2026-03-14T09:08:25
21533,54,2026-04-17T11:39:08
21534,669,2026-03-08T04:09:08
21535,695,2026-04-17T06:11:38
21536,610,2026-04-04T22:58:29
21537,333,2026-04-04T08:54:11
21538,164,2026-04-13T10:34:39
21539,8,2026-03-19T19:38:26
21540,516,2026-04-16T16:32:23
21541,624,2026-03-02T15:44:01
21542,73,2026-04-11T07:30:37
21543,480,2026-04-17T08:36:16
21544,19,2026-03-01T14:44:42
21545,544,2026-04-11T01:47:19
21546,20,2026-04-16T05:35:39
21547,683,2026-04-01T16:44:37
21548,120,2026-04-06T12:08:08
21549,281,2026-03-04T04:03:05
21550,487,2026-04-29T13:06:26
21551,593,2026-04-28T04:44:16
21552,255,2026-04-15T04:18:54
21553,687,2026-03-01T03:47:07
21554,12,2026-03-26T02:52:09
21555,330,2026-04-19T09:42:28
21556,692,2026-04-10T04:24:52
21557,192,2026-04-24T07:06:25
21558,374,2026-04-06T00:52:26
21559,312,2026-04-12T15:20:54
21560,276,2026-03-21T01:34:36
21561,538,2026-04-18T08:43:52
21562,364,2026-04-02T10:55:18
21563,500,2026-04-18T01:31:10
21564,364,2026-03-13T08:53:43
21565,699,2026-03-17T08:43:15
21566,330,2026-03-06T15:22:10
21567,558,2026-04-10T03:20:36
21568,430,2026-04-13T06:33:45
21569,561,2026-03-18T08:42:54
21570,620,2026-03-24T04:42:08
21571,159,2026-04-04T00:44:53
21572,212,2026-04-15T08:02:10
21573,212,2026-03-19T08:25:41
21574,341,2026-03-30T04:09:00
21575,345,2026-03-12T07:02:31
21576,3,2026-04-18T04:43:51
21577,627,2026-04-22T19:59:10
21578,602,2026-04-14T06:54:50
21579,421,2026-04-18T00:52:04
21580,215,2026-04-15T01:18:23
21581,579,2026-04-20T02:09:10
21582,190,2026-03-26T05:23:00
21583,215,2026-03-13T02:26:16
21584,699,2026-04-27T07:52:55
21585,647,2026-03-01T01:19:53
21586,410,2026-03-25T01:15:10
21587,119,2026-04-13T04:58:33
21588,87,2026-04-17T14:55:08
21589,675,2026-04-11T00:42:54
21590,186,2026-03-30T14:08:12
21591,478,2026-04-25T05:33:53
21592,248,2026-03-15T16:15:15
21593,348,2026-03-09T04:09:08
21594,691,2026-04-07T00:02:55
21595,416,2026-03-20T19:19:08
21596,302,2026-03-29T08:05:37
21597,291,2026-03-28T05:05:37
21598,162,2026-03-16T02:15:20
21599,390,2026-04-29T03:28:42
21600,399,2026-03-23T15:39:45
21601,67,2026-04-10T05:52:36
21602,284,2026-03-10T05:12:46
21603,452,2026-04-29T06:47:16
21604,39,2026-04-29T15:56:14
21605,684,2026-03-05T01:46:29
21606,603,2026-04-08T00:20:10
21607,446,2026-04-05T08:18:06
21608,11,2026-03-11T06:31:09
21609,363,2026-04-16T06:49:01
21610,629,2026-04-15T03:39:21
21611,16,2026-04-20T12:27:17
21612,555,2026-04-06T02:08:01
21613,588,2026-04-12T16:40:40
21614,54,2026-04-13T13:41:26
21615,162,2026-04-16T02:30:18
21616,507,2026-04-05T04:07:12
21617,639,2026-04-14T07:26:28
21618,540,2026-03-04T10:49:46
21619,368,2026-04-07T02:57:01
21620,422,2026-03-13T15:29:19
21621,368,2026-03-25T03:50:24
21622,405,2026-04-16T05:05:39
21623,540,2026-03-07T06:04:49
21624,35,2026-04-15T06:42:40
21625,147,2026-03-15T22:58:37
21626,42,2026-04-15T09:04:47
21627,558,2026-04-15T05:08:38
21628,510,2026-03-01T16:58:28
21629,38,2026-03-15T06:57:40
21630,74,2026-04-18T13:27:23
21631,186,2026-03-21T13:02:53
21632,170,2026-03-27T12:22:15
21633,364,2026-03-01T10:40:38
21634,350,2026-04-11T02:18:00
21635,251,2026-03-06T16:19:43
21636,115,2026-03-17T06:26:09
21637,455,2026-03-29T12:27:34
21638,553,2026-04-16T13:46:13
21639,449,2026-03-30T11:29:02
21640,566,2026-04-28T03:31:39
21641,640,2026-04-01T13:24:41
21642,590,2026-03-16T11:38:47
21643,457,2026-03-12T08:41:45
21644,35,2026-04-17T01:03:27
21645,235,2026-03-28T16:02:55
21646,300,2026-04-05T23:51:49
21647,499,2026-03-23T15:02:03
21648,593,2026-03-17T01:31:22
21649,449,2026-04-05T13:50:40
21650,255,2026-03-18T07:31:39
21651,552,2026-04-29T02:05:51
21652,488,2026-04-13T00:15:33
21653,559,2026-04-19T00:09:24
21654,413,2026-03-18T08:04:09
21655,453,2026-03-02T14:21:58
21656,244,2026-03-03T16:20:27
21657,280,2026-04-21T06:39:49
21658,194,2026-04-21T23:49:58
21659,180,2026-04-10T15:34:40
21660,457,2026-04-05T12:32:08
21661,269,2026-03-13T11:48:31
21662,94,2026-04-15T03:15:24
21663,25,2026-03-30T19:28:36
21664,603,2026-04-06T02:35:19
21665,305,2026-03-02T01:48:08
21666,404,2026-03-31T13:21:44
21667,634,2026-04-11T13:30:54
21668,79,2026-04-16T14:13:02
21669,657,2026-03-08T22:18:13
21670,493,2026-03-02T16:44:27
21671,449,2026-04-21T16:50:42
21672,302,2026-03-19T08:10:15
21673,495,2026-03-29T10:59:34
21674,143,2026-04-07T14:35:17
21675,212,2026-03-30T06:59:21
21676,673,2026-04-26T13:44:24
21677,194,2026-04-20T04:07:22
21678,504,2026-03-24T06:03:17
21679,652,2026-03-12T05:54:09
21680,416,2026-04-28T12:41:34
21681,209,2026-04-12T05:51:46
21682,595,2026-04-15T15:00:17
21683,579,2026-03-28T04:09:18
21684,381,2026-03-30T16:48:55
21685,81,2026-03-10T22:50:18
21686,310,2026-03-26T11:16:26
21687,303,2026-04-02T11:59:20
21688,133,2026-03-08T18:09:09
21689,282,2026-04-08T13:18:22
21690,108,2026-04-06T15:07:17
21691,485,2026-04-20T05:34:19
21692,303,2026-03-04T11:26:47
21693,512,2026-03-14T04:36:53
21694,320,2026-03-26T01:17:06
21695,500,2026-04-21T23:31:10
21696,514,2026-03-15T02:28:22
21697,113,2026-04-28T14:17:32
21698,310,2026-04-27T13:50:56
21699,525,2026-03-06T20:51:49
21700,416,2026-03-22T17:06:00
21701,156,2026-03-16T12:17:42
21702,583,2026-03-30T02:15:58
21703,140,2026-04-25T01:16:10
21704,696,2026-03-23T13:06:21
21705,495,2026-04-09T06:23:15
21706,226,2026-03-08T23:38:12
21707,137,2026-04-04T11:22:23
21708,632,2026-03-22T00:37:49
21709,367,2026-04-25T05:04:04
21710,565,2026-04-15T23:50:28
21711,583,2026-03-13T01:31:54
21712,48,2026-04-07T15:43:06
21713,479,2026-03-21T11:29:46
21714,234,2026-03-27T13:41:40
21715,636,2026-03-28T11:33:12
21716,154,2026-04-18T22:09:46
21717,24,2026-03-18T15:13:13
21718,466,2026-03-01T07:49:27
21719,387,2026-03-12T16:20:53
21720,389,2026-04-19T17:00:42
21721,185,2026-03-18T17:31:29
21722,347,2026-03-04T04:42:06
21723,675,2026-03-25T01:51:05
21724,535,2026-04-22T14:48:01
21725,690,2026-04-22T06:56:03
21726,234,2026-04-26T17:13:13
21727,610,2026-04-11T03:42:30
21728,268,2026-04-19T08:18:58
21729,655,2026-04-16T08:52:50
21730,606,2026-03-02T11:14:10
21731,116,2026-03-26T15:42:51
21732,681,2026-04-01T11:49:55
21733,426,2026-03-28T07:35:35
21734,544,2026-04-19T08:25:17
21735,406,2026-04-28T04:27:21
21736,152,2026-04-02T07:21:29
21737,690,2026-03-06T06:06:14
21738,79,2026-03-22T16:30:42
21739,567,2026-03-12T13:36:39
21740,147,2026-03-28T23:43:10
21741,550,2026-03-15T09:03:02
21742,296,2026-03-05T08:39:11
21743,166,2026-03-11T02:17:22
21744,166,2026-03-30T09:42:15
21745,224,2026-03-09T03:29:33
21746,631,2026-03-02T09:56:28
21747,539,2026-03-17T05:06:23
21748,470,2026-04-08T05:15:20
21749,441,2026-04-07T12:43:43
21750,292,2026-03-24T10:12:05
21751,632,2026-04-09T02:15:21
21752,192,2026-03-12T09:38:16
21753,661,2026-04-13T14:30:46
21754,267,2026-03-02T18:08:49
21755,240,2026-03-09T08:19:50
21756,334,2026-04-25T09:38:30
21757,524,2026-03-28T23:03:55
21758,500,2026-04-03T03:57:56
21759,537,2026-03-24T13:23:54
21760,63,2026-04-08T04:27:16
21761,113,2026-04-14T06:39:21
21762,595,2026-04-16T17:12:15
21763,687,2026-03-15T04:33:39
21764,90,2026-04-07T01:59:25
21765,633,2026-04-17T04:57:38
21766,184,2026-03-25T15:22:04
21767,686,2026-03-23T06:59:08
21768,696,2026-04-07T15:06:18
21769,446,2026-04-04T05:53:58
21770,134,2026-03-16T11:24:21
21771,552,2026-04-27T01:18:16
21772,71,2026-04-03T15:05:37
21773,234,2026-04-03T12:37:59
21774,447,2026-03-13T10:04:08
21775,48,2026-04-10T10:43:22
21776,276,2026-04-25T01:02:53
21777,559,2026-04-13T03:31:57
21778,65,2026-03-31T14:27:52
21779,257,2026-04-08T16:59:21
21780,3,2026-03-14T23:27:31
21781,461,2026-03-04T10:18:52
21782,56,2026-04-08T17:44:25
21783,197,2026-03-11T14:52:53
21784,366,2026-03-06T01:32:41
21785,151,2026-04-16T12:45:11
21786,162,2026-03-27T01:51:12
21787,585,2026-04-21T03:27:34
21788,545,2026-04-21T05:52:33
21789,57,2026-03-08T07:48:52
21790,601,2026-04-16T03:10:17
21791,328,2026-03-21T13:25:43
21792,102,2026-04-12T06:02:55
21793,635,2026-03-03T02:46:42
21794,236,2026-03-29T02:42:28
21795,228,2026-04-07T09:02:56
21796,103,2026-03-27T19:00:30
21797,621,2026-04-03T04:36:25
21798,201,2026-03-01T14:23:45
21799,415,2026-03-01T14:02:08
21800,168,2026-04-06T14:03:47
21801,627,2026-03-25T14:51:14
21802,551,2026-04-04T13:27:14
21803,353,2026-03-22T07:45:06
21804,242,2026-03-01T03:26:36
21805,459,2026-04-12T07:55:07
21806,347,2026-03-09T04:50:51
21807,659,2026-04-17T10:54:03
21808,472,2026-03-01T02:38:24
21809,20,2026-04-25T05:00:25
21810,576,2026-03-16T11:24:06
21811,135,2026-04-23T14:05:54
21812,211,2026-03-01T14:30:52
21813,306,2026-03-28T04:28:57
21814,147,2026-03-25T23:32:53
21815,660,2026-03-10T10:56:06
21816,685,2026-03-29T09:13:09
21817,109,2026-03-13T14:52:56
21818,225,2026-03-27T06:46:12
21819,260,2026-03-23T02:26:38
21820,470,2026-03-12T12:28:14
21821,419,2026-04-17T02:23:44
21822,475,2026-04-01T04:38:50
21823,22,2026-04-20T02:46:07
21824,360,2026-04-18T05:01:57
21825,148,2026-03-16T03:59:21
21826,160,2026-03-18T07:06:23
21827,543,2026-04-27T04:09:58
21828,100,2026-03-19T08:35:56
21829,23,2026-03-06T02:06:39
21830,341,2026-04-02T01:44:01
21831,516,2026-04-28T13:13:20
21832,358,2026-03-15T07:19:23
21833,113,2026-04-08T06:35:54
21834,542,2026-03-21T13:56:06
21835,268,2026-03-24T11:11:53
21836,497,2026-03-28T15:50:59
21837,142,2026-03-09T03:39:13
21838,639,2026-03-24T08:31:11
21839,199,2026-03-17T01:52:59
21840,680,2026-04-19T12:38:56
21841,265,2026-03-14T06:48:25
21842,510,2026-04-20T11:35:46
21843,352,2026-03-02T12:28:58
21844,54,2026-03-25T14:18:53
21845,69,2026-03-17T18:16:19
21846,284,2026-03-27T07:03:30
21847,136,2026-04-16T03:17:05
21848,427,2026-04-27T03:48:30
21849,97,2026-04-13T00:17:02
21850,414,2026-03-31T04:27:08
21851,144,2026-03-31T13:22:23
21852,128,2026-04-29T08:50:07
21853,257,2026-04-29T09:34:16
21854,409,2026-04-15T17:22:39
21855,280,2026-03-10T11:55:57
21856,245,2026-03-15T23:00:16
21857,239,2026-03-17T13:07:38
21858,238,2026-03-14T15:07:28
21859,283,2026-04-28T10:05:39
21860,584,2026-03-10T05:09:07
21861,405,2026-04-21T07:41:43
21862,296,2026-04-18T10:43:35
21863,525,2026-04-01T13:04:34
21864,370,2026-03-19T02:01:04
21865,665,2026-03-16T05:54:57
21866,395,2026-04-10T19:49:10
21867,152,2026-04-10T09:47:00
21868,395,2026-04-02T13:41:08
21869,542,2026-04-04T12:25:40
21870,150,2026-04-19T02:19:08
21871,142,2026-04-14T23:19:56
21872,420,2026-04-15T04:31:37
21873,620,2026-03-17T01:02:19
21874,235,2026-03-04T14:55:02
21875,355,2026-03-28T17:58:05
21876,459,2026-03-21T07:04:40
21877,465,2026-03-21T21:31:28
21878,102,2026-04-01T05:21:40
21879,277,2026-04-25T03:22:23
21880,696,2026-04-18T12:23:11
21881,622,2026-04-10T07:31:53
21882,541,2026-04-12T18:57:28
21883,17,2026-03-25T17:44:55
21884,293,2026-04-02T09:58:10
21885,36,2026-03-27T05:16:36
21886,211,2026-04-18T13:50:17
21887,606,2026-04-29T11:24:17
21888,272,2026-03-27T13:22:46
21889,118,2026-04-13T09:03:01
21890,505,2026-03-04T14:53:30
21891,532,2026-03-25T13:06:28
21892,459,2026-04-22T07:29:57
21893,567,2026-04-11T14:58:02
21894,492,2026-04-01T02:38:56
21895,445,2026-03-13T09:07:59
21896,623,2026-04-18T20:55:13
21897,227,2026-04-28T08:35:36
21898,320,2026-03-23T21:14:48
21899,395,2026-04-18T13:15:59
21900,469,2026-04-05T07:51:20
21901,334,2026-03-24T09:35:16
21902,310,2026-03-20T13:23:23
21903,116,2026-03-31T17:17:17
21904,447,2026-03-25T06:52:35
21905,87,2026-04-07T11:21:55
21906,333,2026-03-09T08:32:30
21907,287,2026-03-29T08:04:48
21908,544,2026-04-14T07:14:56
21909,334,2026-04-20T04:47:58
21910,4,2026-03-17T02:45:54
21911,355,2026-04-06T14:59:21
21912,151,2026-03-19T13:06:26
21913,267,2026-04-17T17:31:15
21914,208,2026-03-22T08:08:49
21915,117,2026-04-10T04:44:36
21916,662,2026-03-26T14:08:54
21917,178,2026-03-17T02:07:53
21918,355,2026-04-04T18:50:43
21919,580,2026-04-07T10:07:58
21920,256,2026-04-10T10:52:41
21921,657,2026-04-17T00:44:09
21922,284,2026-04-10T06:34:33
21923,663,2026-04-21T17:08:43
21924,317,2026-03-26T15:16:41
21925,11,2026-03-31T00:12:24
21926,608,2026-03-29T17:23:08
21927,605,2026-04-04T03:12:27
21928,674,2026-03-09T13:11:12
21929,87,2026-04-21T12:19:47
21930,591,2026-04-01T07:00:22
21931,240,2026-04-03T08:54:59
21932,590,2026-04-22T11:50:56
21933,675,2026-03-27T22:16:48
21934,140,2026-03-28T03:11:17
21935,260,2026-04-03T02:52:20
21936,189,2026-04-26T17:04:07
21937,214,2026-03-16T06:45:05
21938,418,2026-03-10T06:07:27
21939,289,2026-03-07T12:04:19
21940,460,2026-04-14T11:55:20
21941,473,2026-03-01T06:32:43
21942,142,2026-04-11T22:21:59
21943,31,2026-04-23T11:02:00
21944,523,2026-04-10T02:38:23
21945,128,2026-03-11T07:33:14
21946,140,2026-04-09T04:01:33
21947,421,2026-03-27T01:42:11
21948,185,2026-03-02T18:31:57
21949,133,2026-03-12T16:51:37
21950,215,2026-04-14T02:44:53
21951,366,2026-04-03T02:35:38
21952,593,2026-03-30T05:03:54
21953,693,2026-04-16T00:12:20
21954,513,2026-04-01T09:17:47
21955,630,2026-04-28T15:56:22
21956,372,2026-03-04T18:19:21
21957,286,2026-03-18T08:31:24
21958,574,2026-03-12T05:53:46
21959,212,2026-03-25T10:01:47
21960,570,2026-04-24T16:39:35
21961,699,2026-03-25T09:53:15
21962,273,2026-03-19T00:51:21
21963,444,2026-03-06T11:30:32
21964,548,2026-03-24T14:22:31
21965,549,2026-03-14T09:11:27
21966,145,2026-03-12T13:35:51
21967,674,2026-03-09T11:53:01
21968,353,2026-04-07T11:31:03
21969,30,2026-04-12T15:39:12
21970,83,2026-04-14T13:16:53
21971,510,2026-03-04T15:44:10
21972,299,2026-04-25T14:25:42
21973,76,2026-03-31T07:21:57
21974,365,2026-04-03T10:14:19
21975,420,2026-04-22T05:39:51
21976,56,2026-03-17T14:00:24
21977,246,2026-03-31T14:55:29
21978,324,2026-03-05T12:58:25
21979,547,2026-03-30T06:57:17
21980,457,2026-03-16T09:57:25
21981,61,2026-03-11T03:50:09
21982,430,2026-04-07T05:49:01
21983,632,2026-03-07T23:25:18
21984,39,2026-04-28T14:10:10
21985,691,2026-03-13T23:00:24
21986,67,2026-03-05T04:01:26
21987,436,2026-03-27T13:42:34
21988,246,2026-03-24T14:11:05
21989,512,2026-04-09T05:09:43
21990,590,2026-04-10T07:52:08
21991,597,2026-04-05T07:09:13
21992,609,2026-04-04T08:09:55
21993,572,2026-04-16T08:28:51
21994,217,2026-04-09T06:14:33
21995,326,2026-03-09T00:04:14
21996,504,2026-03-28T04:41:54
21997,118,2026-04-11T10:31:59
21998,405,2026-03-17T09:28:38
21999,372,2026-04-21T14:14:15
22000,689,2026-03-29T12:39:21
